pair	contact_probability	pDockQ	PPV_from_pDockQ	iPAE	model_confidence	CCC	source	orf_name_a	orf_name_b	gene_name_a	gene_name_b	has_experimental_structure	has_homologous_structure	AF3_iPTM	AF3_PTM	AF3_model_confidence
YBR087W_YER185W	0.16146961	0.103	0.68635536	25.647587	0.23173355913390653	0.0	scRRSv2	YBR087W	YER185W	RFC5	PUG1	False	False	0.18	0.47	0.238
YDR051C_YIL005W	0.18391073	0.222	0.77766077	26.62084	0.27218610593699016	0.0	scRRSv2	YDR051C	YIL005W	DET1	EPS1	False	False	0.13	0.5	0.20400000000000001
YBR223C_YJR003C	0.68465835	0.637	0.96322524	28.372211	0.3007881603683984	0.0	scRRSv2	YBR223C	YJR003C	TDP1	MRX12	False	False	0.15	0.49	0.218
YMR165C_YNL162W-A	0.55773085	0.045	0.63555449	23.843477	0.33750932029404623	0.0	scRRSv2	YMR165C	YNL162W-A	PAH1	YNL162W-A	False	False	0.39	0.41	0.3940000000000001
YBR053C_YDL224C	0.45148093	0.172	0.73044282	24.772547	0.29780268495910667	0.0	scRRSv2	YBR053C	YDL224C	YBR053C	WHI4	False	False	0.37	0.43	0.382
YGL162W_YKL127W	0.3012858	0.104	0.68635536	25.739906	0.3128950755671933	0.0	scRRSv2	YGL162W	YKL127W	SUT1	PGM1	False	False	0.13	0.65	0.234
YHL027W_YMR085W	0.6710809	0.031	0.63555449	18.471228	0.27250869533589905	0.0	scRRSv2	YHL027W	YMR085W	RIM101	YMR085W	False	False	0.11	0.41	0.17
YDR034W-B_YGL067W	0.73845094	0.207	0.75941223	18.397121	0.49597766747027006	0.0	scRRSv2	YDR034W-B	YGL067W	YDR034W-B	NPY1	False	False	0.31	0.82	0.41200000000000003
YKL120W_YOL065C	0.25238338	0.088	0.66728511	26.100254	0.3004320568835751	0.0	scRRSv2	YKL120W	YOL065C	OAC1	INP54	False	False	0.2	0.54	0.268
YDR363W_YNL055C	0.802151	0.114	0.68635536	17.527199	0.4772681386173317	0.0	scRRSv2	YDR363W	YNL055C	ESC2	POR1	False	False	0.14	0.36	0.184
YDL063C_YPR005C	0.92353284	0.323	0.82238224	19.385883	0.5394707613559048	0.0	scRRSv2	YDL063C	YPR005C	SYO1	HAL1	False	False	0.35	0.65	0.41
YCL057W_YHL039W	0.536848	0.436	0.87822061	28.29475	0.2944459557352257	0.0	scRRSv2	YCL057W	YHL039W	PRD1	EFM1	False	False	0.21	0.55	0.278
YGL242C_YOR187W	0.38618237	0.104	0.68635536	25.514519	0.2793685012631719	0.0	scRRSv2	YGL242C	YOR187W	YGL242C	TUF1	False	False	0.2	0.54	0.268
YOR348C_YPR134W	0.51284504	0.115	0.68635536	22.295969	0.32019653103066675	0.0	scRRSv2	YOR348C	YPR134W	PUT4	MSS18	False	False	0.16	0.54	0.23600000000000002
YKL075C_YMR244W	0.3662351	0.11	0.68635536	27.111336	0.21832627505700195	0.0	scRRSv2	YKL075C	YMR244W	YKL075C	YMR244W	False	False	0.21	0.42	0.252
YBR154C_YBR296C-A	0.65606904	0.107	0.68635536	14.867075	0.3571233175927371	0.0	scRRSv2	YBR154C	YBR296C-A	RPB5	YBR296C-A	False	False	0.46	0.85	0.538
YBL029C-A_YOR123C	0.4431964	0.049	0.63555449	21.637262	0.2202057980336968	0.0	scRRSv2	YBL029C-A	YOR123C	YBL029C-A	LEO1	False	False	0.1	0.32	0.14400000000000002
YFL010W-A_YNL038W	0.67653525	0.053	0.63555449	18.830265	0.29856743721982304	0.0	scRRSv2	YFL010W-A	YNL038W	AUA1	GPI15	False	False	0.11	0.55	0.198
YIL121W_YML034W	0.56239367	0.048	0.63555449	18.613415	0.44115472119663424	0.0	scRRSv2	YIL121W	YML034W	QDR2	SRC1	False	False	0.17	0.39	0.21400000000000002
YBL057C_YER120W	0.598692	0.126	0.70615739	15.801373	0.26614127413119065	0.0	scRRSv2	YBL057C	YER120W	PTH2	SCS2	False	False	0.33	0.42	0.34800000000000003
YDL017W_YHR037W	0.5609702	0.084	0.66728511	21.956291	0.44007105468867963	0.0	scRRSv2	YDL017W	YHR037W	CDC7	PUT2	False	False	0.27	0.59	0.334
YER020W_YOR389W	0.56836915	0.23	0.77766077	28.808083	0.26922834001913887	0.0	scRRSv2	YER020W	YOR389W	GPA2	YOR389W	False	False	0.16	0.56	0.24000000000000002
YJL183W_YPR088C	0.5140092	0.085	0.66728511	21.983335	0.27833268255029575	0.0	scRRSv2	YJL183W	YPR088C	MNN11	SRP54	False	False	0.14	0.43	0.198
YFR050C_YHR089C	0.66971743	0.07	0.66728511	15.978296	0.35829953894800404	0.0	scRRSv2	YFR050C	YHR089C	PRE4	GAR1	False	False	0.09	0.5	0.172
YGL255W_YLR267W	0.1737296	0.131	0.70615739	28.594803	0.23906752611008592	0.0	scRRSv2	YGL255W	YLR267W	ZRT1	BOP2	False	False	0.13	0.52	0.20800000000000002
YGL150C_YOR377W	0.18976092	0.066	0.63555449	29.164791	0.2782545160597837	0.0	scRRSv2	YGL150C	YOR377W	INO80	ATF1	False	False	0.18	0.41	0.22599999999999998
YHR134W_YLR225C	0.5878665	0.162	0.73044282	24.470852	0.3443154709295807	0.0	scRRSv2	YHR134W	YLR225C	WSS1	YLR225C	False	False	0.26	0.61	0.33
YGL221C_YHR208W	0.12728053	0.173	0.73044282	26.709686	0.2304743565306484	0.0	scRRSv2	YGL221C	YHR208W	NIF3	BAT1	False	False	0.12	0.57	0.21
YDR297W_YPR134W	0.38208085	0.074	0.66728511	20.896324	0.29152862986836003	0.0	scRRSv2	YDR297W	YPR134W	SUR2	MSS18	False	False	0.23	0.52	0.28800000000000003
YER052C_YGR271C-A	0.2899167	0.062	0.63555449	27.269161	0.24196393909068667	0.0	scRRSv2	YER052C	YGR271C-A	HOM3	EFG1	False	False	0.14	0.58	0.228
YDR492W_YNL330C	0.88767093	0.094	0.66728511	7.0525355	0.6183058854655008	0.0	scRRSv2	YDR492W	YNL330C	IZH1	RPD3	False	False	0.23	0.54	0.29200000000000004
YAL068C_YBR066C	0.9354515	0.066	0.63555449	11.275607	0.4819464927537095	0.0	scRRSv2	YAL068C	YBR066C	PAU8	NRG2	False	False	0.35	0.35	0.35
YDL067C_YHR162W	0.70305675	0.069	0.63555449	16.93701	0.2660881146776222	0.0	scRRSv2	YDL067C	YHR162W	COX9	MPC2	False	False	0.14	0.41	0.194
YIL105C_YKL058W	0.6244706	0.089	0.66728511	25.079948	0.3727423754536706	0.0	scRRSv2	YIL105C	YKL058W	SLM1	TOA2	False	False	0.35	0.46	0.372
YKL084W_YLR324W	0.5210811	0.157	0.73044282	29.951384	0.28789019633263835	0.0	scRRSv2	YKL084W	YLR324W	HOT13	PEX30	False	False	0.18	0.37	0.21799999999999997
YLR380W_YOR304C-A	0.8297209	0.049	0.63555449	12.350416	0.3846419475062981	0.0	scRRSv2	YLR380W	YOR304C-A	CSR1	BIL1	False	False	0.11	0.75	0.23800000000000004
YBR244W_YGR021W	0.9544288	0.231	0.77766077	7.2132397	0.7761311329735365	18.0	scRRSv2	YBR244W	YGR021W	GPX2	YGR021W	False	False	0.42	0.62	0.46
YBR272C_YCR007C	0.29456592	0.093	0.66728511	23.874586	0.29910833020312244	0.0	scRRSv2	YBR272C	YCR007C	HSM3	YCR007C	False	False	0.29	0.64	0.36
YDR443C_YNL092W	0.66359496	0.401	0.87116417	25.729053	0.4667070832236444	0.0	scRRSv2	YDR443C	YNL092W	SSN2	YNL092W	False	False	0.38	0.54	0.41200000000000003
YKR045C_YLR050C	0.60801667	0.245	0.77766077	20.341728	0.2159557061285856	0.0	scRRSv2	YKR045C	YLR050C	YKR045C	YLR050C	False	False	0.14	0.4	0.19200000000000003
YCR007C_YMR115W	0.7640861	0.258	0.78549007	27.077213	0.36591598153368493	0.0	scRRSv2	YCR007C	YMR115W	YCR007C	MGR3	False	False	0.33	0.57	0.378
YGR017W_YJL088W	0.18532524	0.17	0.73044282	26.39531	0.2266461018907192	0.0	scRRSv2	YGR017W	YJL088W	YGR017W	ARG3	False	False	0.2	0.56	0.272
YER122C_YHR021W-A	0.27664372	0.044	0.63555449	21.908068	0.2803432730010072	0.0	scRRSv2	YER122C	YHR021W-A	GLO3	ECM12	False	False	0.52	0.39	0.49400000000000005
YGL022W_YLR093C	0.7331077	0.034	0.63555449	13.881647	0.48829298904425944	0.0	scRRSv2	YGL022W	YLR093C	STT3	NYV1	False	False	0.13	0.65	0.234
YBR245C_YOL112W	0.9412721	0.18	0.74006263	24.979399	0.6199089868351583	0.0	scRRSv2	YBR245C	YOL112W	ISW1	MSB4	False	False	0.25	0.4	0.28
YAL033W_YOR019W	0.34433815	0.05	0.63555449	26.80593	0.24652537242037348	0.0	scRRSv2	YAL033W	YOR019W	POP5	YOR019W	False	False	0.16	0.35	0.198
YFL013C_YKL125W	0.86062515	0.08	0.66728511	27.703072	0.5047373567664761	0.0	scRRSv2	YFL013C	YKL125W	IES1	RRN3	False	False	0.24	0.45	0.28200000000000003
YDR171W_YNL312W	0.5302685	0.043	0.63555449	27.220047	0.19813091633174104	0.0	scRRSv2	YDR171W	YNL312W	HSP42	RFA2	False	False	0.09	0.27	0.126
YIL006W_YML081C-A	0.7320924	0.151	0.71391784	15.35319	0.398284721305863	0.0	scRRSv2	YIL006W	YML081C-A	YIA6	ATP18	False	False	0.22	0.57	0.29000000000000004
YDR502C_YOR246C	0.172129	0.132	0.70615739	26.735008	0.24487346537898777	0.0	scRRSv2	YDR502C	YOR246C	SAM2	ENV9	False	False	0.13	0.54	0.21200000000000002
YBR205W_YPR134W	0.28961605	0.246	0.78549007	22.876266	0.2897010892190848	0.0	scRRSv2	YBR205W	YPR134W	KTR3	MSS18	False	False	0.28	0.61	0.34600000000000003
YGR276C_YML122C	0.28873628	0.097	0.66728511	21.334282	0.3155699036549868	0.0	scRRSv2	YGR276C	YML122C	RNH70	YML122C	False	False	0.19	0.52	0.256
YLL014W_YOR223W	0.6602189	0.049	0.63555449	16.57602	0.3668486508150814	0.0	scRRSv2	YLL014W	YOR223W	EMC6	DSC3	False	False	0.2	0.3	0.22000000000000003
YBR237W_YER138W-A	0.47363412	0.036	0.63555449	20.386198	0.34064156229184556	0.0	scRRSv2	YBR237W	YER138W-A	PRP5	YER138W-A	False	False	0.12	0.53	0.202
YGL209W_YJL025W	0.9821572	0.232	0.77766077	25.920572	0.5356525058364621	14.0	scRRSv2	YGL209W	YJL025W	MIG2	RRN7	False	False	0.23	0.44	0.272
YBR227C_YHR149C	0.706096	0.026	0.55890174	27.14773	0.38459648847561484	0.0	scRRSv2	YBR227C	YHR149C	MCX1	SKG6	False	False	0.25	0.39	0.278
YKL120W_YMR126C	0.36489388	0.082	0.66728511	21.656527	0.25809505657786125	0.0	scRRSv2	YKL120W	YMR126C	OAC1	DLT1	False	False	0.14	0.42	0.196
YDR100W_YDR540C	0.40055335	0.078	0.66728511	23.864733	0.26073311318902326	0.0	scRRSv2	YDR100W	YDR540C	TVP15	IRC4	False	False	0.18	0.54	0.252
YDR314C_YFL050C	0.13782498	0.028	0.55890174	29.737953	0.2241090147874122	0.0	scRRSv2	YDR314C	YFL050C	RAD34	ALR2	False	False	0.16	0.4	0.20800000000000002
YDR067C_YOR237W	0.9417069	0.052	0.63555449	6.8873463	0.6723731038756303	12.0	scRRSv2	YDR067C	YOR237W	OCA6	HES1	False	False	0.14	0.63	0.23800000000000002
YFL034W_YLR201C	0.49572378	0.086	0.66728511	27.443056	0.3191893781367112	0.0	scRRSv2	YFL034W	YLR201C	MIL1	COQ9	False	False	0.15	0.42	0.20400000000000001
YDR185C_YMR024W	0.2834658	0.021	0.55890174	27.940994	0.19933227170561324	0.0	scRRSv2	YDR185C	YMR024W	UPS3	MRPL3	False	False	0.26	0.45	0.29800000000000004
YCR053W_YGR289C	0.7676375	0.255	0.78549007	14.522847	0.4537199952053219	0.0	scRRSv2	YCR053W	YGR289C	THR4	MAL11	False	False	0.24	0.5	0.29200000000000004
YAL007C_YGR276C	0.29135197	0.021	0.55890174	26.975033	0.2064291942017313	0.0	scRRSv2	YAL007C	YGR276C	ERP2	RNH70	False	False	0.12	0.5	0.196
YER176W_YNL175C	0.7709476	0.077	0.66728511	12.026541	0.4156102214069636	0.0	scRRSv2	YER176W	YNL175C	ECM32	NOP13	False	False	0.18	0.49	0.242
YGR165W_YOR026W	0.4042611	0.132	0.70615739	23.17939	0.2772939925123177	0.0	scRRSv2	YGR165W	YOR026W	MRPS35	BUB3	False	False	0.12	0.49	0.194
YCL059C_YOR128C	0.2058447	0.555	0.91629946	30.121883	0.21453568646833943	0.0	scRRSv2	YCL059C	YOR128C	KRR1	ADE2	False	False	0.33	0.56	0.376
YHR078W_YJR105W	0.36815375	0.353	0.84294946	27.659569	0.2511117240561521	0.0	scRRSv2	YHR078W	YJR105W	YHR078W	ADO1	False	False	0.42	0.51	0.43800000000000006
YDR407C_YGR148C	0.092658035	0.0	0.0	50.0	0.2520962612669379	0.0	scRRSv2	YDR407C	YGR148C	TRS120	RPL24B	False	False	0.16	0.48	0.224
YER146W_YJR068W	0.37177986	0.051	0.63555449	23.890804	0.2864945357193909	0.0	scRRSv2	YER146W	YJR068W	LSM5	RFC2	False	False	0.08	0.52	0.168
YFR015C_YMR275C	0.5274343	0.165	0.73044282	27.99236	0.3144900202532933	0.0	scRRSv2	YFR015C	YMR275C	GSY1	BUL1	False	False	0.29	0.5	0.33199999999999996
YDR385W_YER040W	0.6314077	0.095	0.66728511	20.818558	0.360911765576409	0.0	scRRSv2	YDR385W	YER040W	EFT2	GLN3	False	False	0.2	0.48	0.256
YLR394W_YML080W	0.29550877	0.043	0.63555449	26.854252	0.20803178117318255	0.0	scRRSv2	YLR394W	YML080W	CST9	DUS1	False	False	0.11	0.46	0.18000000000000002
YJR010W_YLR156C-A	0.6715843	0.137	0.70615739	14.350851	0.43213863972305777	0.0	scRRSv2	YJR010W	YLR156C-A	MET3	YLR156C-A	False	False	0.21	0.78	0.32400000000000007
YKL053C-A_YOL154W	0.40919688	0.088	0.66728511	21.428728	0.3317372123367599	0.0	scRRSv2	YKL053C-A	YOL154W	MDM35	ZPS1	False	False	0.14	0.64	0.24000000000000002
YKL016C_YMR231W	0.6065227	0.094	0.66728511	28.91427	0.41669134949909065	0.0	scRRSv2	YKL016C	YMR231W	ATP7	PEP5	False	False	0.2	0.46	0.25200000000000006
YBR179C_YDL090C	0.3985095	0.029	0.55890174	25.411926	0.24312973874865143	0.0	scRRSv2	YBR179C	YDL090C	FZO1	RAM1	False	False	0.2	0.42	0.24400000000000005
YGL079W_YLR435W	0.8475896	0.141	0.71391784	16.862629	0.2817229255502641	0.0	scRRSv2	YGL079W	YLR435W	KXD1	TSR2	False	False	0.15	0.4	0.2
YFL014W_YOR394C-A	0.7278676	0.026	0.55890174	15.341789	0.2210554258865002	0.0	scRRSv2	YFL014W	YOR394C-A	HSP12	YOR394C-A	False	False	0.13	0.24	0.15200000000000002
YDR214W_YGL003C	0.35349804	0.151	0.71391784	26.005709	0.24352151174736159	0.0	scRRSv2	YDR214W	YGL003C	AHA1	CDH1	False	False	0.14	0.42	0.196
YBR182C-A_YFL029C	0.68078387	0.041	0.63555449	19.272503	0.409910231328242	0.0	scRRSv2	YBR182C-A	YFL029C	YBR182C-A	CAK1	False	False	0.2	0.8	0.32000000000000006
YEL037C_YHR008C	0.61889666	0.234	0.77766077	22.27047	0.25107831273999454	0.0	scRRSv2	YEL037C	YHR008C	RAD23	SOD2	False	False	0.28	0.4	0.30400000000000005
YDR231C_YIR021W	0.61566323	0.057	0.63555449	20.155928	0.3089558091359033	0.0	scRRSv2	YDR231C	YIR021W	COX20	MRS1	False	False	0.28	0.65	0.35400000000000004
YDR504C_YGR175C	0.46792924	0.05	0.63555449	22.6579	0.351731399957292	0.0	scRRSv2	YDR504C	YGR175C	SPG3	ERG1	False	False	0.17	0.75	0.28600000000000003
YLR326W_YOR241W	0.55755484	0.051	0.63555449	26.4139	0.26808026012657155	0.0	scRRSv2	YLR326W	YOR241W	YLR326W	MET7	False	False	0.2	0.61	0.28200000000000003
YIR021W-A_YJL049W	0.4391923	0.102	0.68635536	22.191252	0.32567479169171787	0.0	scRRSv2	YIR021W-A	YJL049W	YIR021W-A	CHM7	False	False	0.11	0.61	0.21000000000000002
YDR179C_YHR154W	0.20665802	0.059	0.63555449	25.866323	0.3053223213415095	0.0	scRRSv2	YDR179C	YHR154W	CSN9	RTT107	False	False	0.18	0.45	0.23399999999999999
YKR044W_YMR029C	0.89832926	0.148	0.71391784	11.891309	0.559299551765299	1.0	scRRSv2	YKR044W	YMR029C	UIP5	FAR8	False	False	0.17	0.39	0.21400000000000002
YGL179C_YPL040C	0.5701759	0.055	0.63555449	27.604412	0.3478806318580949	0.0	scRRSv2	YGL179C	YPL040C	TOS3	ISM1	False	False	0.25	0.61	0.322
YFR027W_YLR161W	0.71800935	0.136	0.70615739	15.157478	0.3634655665150599	0.0	scRRSv2	YFR027W	YLR161W	ECO1	YLR161W	False	False	0.24	0.56	0.30400000000000005
YBL071C-B_YNL022C	0.5862316	0.093	0.66728511	21.803991	0.45493168139791795	0.0	scRRSv2	YBL071C-B	YNL022C	YBL071C-B	RCM1	False	False	0.18	0.64	0.272
YDL188C_YOR167C	0.40570152	0.048	0.63555449	17.822191	0.3619799418274372	0.0	scRRSv2	YDL188C	YOR167C	PPH22	RPS28A	False	False	0.17	0.72	0.28
YGR268C_YNL173C	0.9921099	0.155	0.73044282	18.18187	0.46573577452289383	19.0	scRRSv2	YGR268C	YNL173C	HUA1	MDG1	False	False	0.2	0.28	0.21600000000000003
YIR008C_YMR157C	0.88202417	0.265	0.78549007	8.691349	0.6942106800782455	0.0	scRRSv2	YIR008C	YMR157C	PRI1	AIM36	False	False	0.11	0.61	0.21000000000000002
YBR221C_YPR165W	0.44065115	0.113	0.68635536	19.365067	0.3106117451376013	0.0	scRRSv2	YBR221C	YPR165W	PDB1	RHO1	False	False	0.1	0.57	0.194
YDR378C_YGR202C	0.41874748	0.066	0.63555449	24.060505	0.2893066323911092	0.0	scRRSv2	YDR378C	YGR202C	LSM6	PCT1	False	False	0.12	0.38	0.17200000000000001
YCR086W_YDR122W	0.5772253	0.217	0.75941223	28.837843	0.33734825434277965	0.0	scRRSv2	YCR086W	YDR122W	CSM1	KIN1	False	False	0.7	0.49	0.6579999999999999
YJL048C_YLR115W	0.34799838	0.059	0.63555449	29.374924	0.24472018035914025	0.0	scRRSv2	YJL048C	YLR115W	UBX6	CFT2	False	False	0.13	0.5	0.20400000000000001
YDL088C_YKR042W	0.7192788	0.13	0.70615739	22.806602	0.33568289468574664	0.0	scRRSv2	YDL088C	YKR042W	ASM4	UTH1	False	False	0.32	0.38	0.332
YDR152W_YML122C	0.50348747	0.065	0.63555449	15.657057	0.28379934857468825	0.0	scRRSv2	YDR152W	YML122C	GIR2	YML122C	False	False	0.09	0.45	0.162
YJL203W_YNR061C	0.8218607	0.078	0.66728511	8.423426	0.40184451285898165	0.0	scRRSv2	YJL203W	YNR061C	PRP21	YNR061C	False	False	0.18	0.34	0.212
YMR149W_YPR002W	0.32517022	0.046	0.63555449	23.56412	0.24337434659647655	0.0	scRRSv2	YMR149W	YPR002W	SWP1	PDH1	False	False	0.18	0.59	0.262
YER130C_YPL189C-A	0.5510094	0.031	0.63555449	26.89956	0.17878823100635782	0.0	scRRSv2	YER130C	YPL189C-A	COM2	COA2	False	False	0.14	0.2	0.15200000000000002
YDR536W_YMR210W	0.15746681	0.038	0.63555449	28.482477	0.25530320246746646	0.0	scRRSv2	YDR536W	YMR210W	STL1	MGL2	False	False	0.21	0.51	0.27
YHR111W_YMR143W	0.47271162	0.108	0.68635536	21.052841	0.3366145575311724	0.0	scRRSv2	YHR111W	YMR143W	UBA4	RPS16A	False	False	0.37	0.57	0.41
YLR154C_YMR268C	0.31919235	0.045	0.63555449	24.682043	0.2711709805804233	0.0	scRRSv2	YLR154C	YMR268C	RNH203	PRP24	False	False	0.12	0.35	0.16599999999999998
YKL093W_YML021C	0.93096197	0.095	0.66728511	27.04009	0.4923708374280704	0.0	scRRSv2	YKL093W	YML021C	MBR1	UNG1	False	False	0.2	0.47	0.254
YJR046W_YOL027C	0.36609566	0.061	0.63555449	25.99843	0.24890362834617344	0.0	scRRSv2	YJR046W	YOL027C	TAH11	MDM38	False	False	0.15	0.38	0.196
YDR034W-B_YPR115W	0.8659752	0.127	0.70615739	19.963352	0.5014027760318036	0.0	scRRSv2	YDR034W-B	YPR115W	YDR034W-B	RGC1	False	False	0.26	0.44	0.29600000000000004
YJR048W_YOL125W	0.39689958	0.022	0.55890174	20.192665	0.35642158888361486	0.0	scRRSv2	YJR048W	YOL125W	CYC1	TRM13	False	False	0.15	0.62	0.244
YEL019C_YPR128C	0.85083544	0.224	0.77766077	14.974967	0.4855095396678332	0.0	scRRSv2	YEL019C	YPR128C	MMS21	ANT1	False	False	0.22	0.41	0.258
YER024W_YML037C	0.7050854	0.053	0.63555449	25.062578	0.37697912310568404	0.0	scRRSv2	YER024W	YML037C	YAT2	YML037C	False	False	0.15	0.57	0.23399999999999999
YMR174C_YPL280W	0.7035769	0.091	0.66728511	17.723707	0.34934609083342005	0.0	scRRSv2	YMR174C	YPL280W	PAI3	HSP32	False	False	0.16	0.77	0.28200000000000003
YDR026C_YOR178C	0.957392	0.136	0.70615739	25.636131	0.45195587433359685	23.0	scRRSv2	YDR026C	YOR178C	NSI1	GAC1	False	False	0.27	0.28	0.272
YKR044W_YOL047C	0.6840534	0.084	0.66728511	26.875608	0.3108900637038361	0.0	scRRSv2	YKR044W	YOL047C	UIP5	LDS2	False	False	0.17	0.41	0.21800000000000003
YDR034W-B_YMR294W	0.57181454	0.037	0.63555449	20.505547	0.19235016286495996	0.0	scRRSv2	YDR034W-B	YMR294W	YDR034W-B	JNM1	False	False	0.07	0.19	0.09400000000000001
YCL064C_YDR188W	0.21834317	0.037	0.63555449	28.212196	0.28058340538480603	0.0	scRRSv2	YCL064C	YDR188W	CHA1	CCT6	False	False	0.14	0.52	0.21600000000000003
YLR207W_YOR251C	0.21827729	0.112	0.68635536	28.349342	0.28150579908666173	0.0	scRRSv2	YLR207W	YOR251C	HRD3	TUM1	False	False	0.13	0.57	0.218
YBR297W_YEL068C	0.7070883	0.046	0.63555449	16.454504	0.3812422249455499	0.0	scRRSv2	YBR297W	YEL068C	MAL33	YEL068C	False	False	0.16	0.66	0.26
YCR044C_YOR213C	0.7320046	0.188	0.74006263	22.403957	0.26518910506594173	0.0	scRRSv2	YCR044C	YOR213C	PER1	SAS5	False	False	0.16	0.58	0.244
YPR011C_YPR052C	0.52836347	0.153	0.71391784	15.936478	0.33925940114553194	0.0	scRRSv2	YPR011C	YPR052C	YPR011C	NHP6A	False	False	0.1	0.53	0.18600000000000003
YNL075W_YOR166C	0.9240355	0.187	0.74006263	26.835232	0.5598280640597137	2.0	scRRSv2	YNL075W	YOR166C	IMP4	SWT1	False	False	0.23	0.35	0.254
YAL055W_YCL027W	0.9948908	0.202	0.75941223	9.470209	0.6039818993893321	41.0	scRRSv2	YAL055W	YCL027W	PEX22	FUS1	False	False	0.26	0.27	0.262
YDR046C_YER087W	0.7051184	0.038	0.63555449	15.597735	0.4029307025168186	0.0	scRRSv2	YDR046C	YER087W	BAP3	AIM10	False	False	0.16	0.49	0.226
YGL028C_YLR102C	0.7667808	0.112	0.68635536	14.393762	0.3180773785740214	0.0	scRRSv2	YGL028C	YLR102C	SCW11	APC9	False	False	0.27	0.41	0.29800000000000004
YBR245C_YHR022C-A	0.65373564	0.051	0.63555449	14.689673	0.42753601450006157	0.0	scRRSv2	YBR245C	YHR022C-A	ISW1	YHR022C-A	False	False	0.4	0.46	0.4120000000000001
YBR235W_YDL239C	0.33087623	0.031	0.63555449	30.424095	0.2670275968043099	0.0	scRRSv2	YBR235W	YDL239C	VHC1	ADY3	False	False	0.16	0.45	0.21800000000000003
YER156C_YLR233C	0.22939414	0.46	0.88570037	28.171867	0.23174747003916618	0.0	scRRSv2	YER156C	YLR233C	YER156C	EST1	False	False	0.48	0.67	0.518
YBR035C_YDR197W	0.78796524	0.122	0.70615739	8.641915	0.5637743501237706	0.0	scRRSv2	YBR035C	YDR197W	PDX3	CBS2	False	False	0.19	0.63	0.278
YDR281C_YGL160W	0.8863938	0.193	0.74006263	7.4274106	0.6082484946561066	0.0	scRRSv2	YDR281C	YGL160W	PHM6	AIM14	False	False	0.15	0.69	0.258
YBL039W-B_YHR019C	0.53349835	0.065	0.63555449	22.930855	0.3382266122063855	0.0	scRRSv2	YBL039W-B	YHR019C	YBL039W-B	DED81	False	False	0.09	0.71	0.21399999999999997
YMR305C_YNR027W	0.60375315	0.181	0.74006263	24.204485	0.2962277202221839	0.0	scRRSv2	YMR305C	YNR027W	SCW10	BUD17	False	False	0.43	0.48	0.44000000000000006
YAL027W_YNR027W	0.19053328	0.077	0.66728511	26.61583	0.23201731874258225	0.0	scRRSv2	YAL027W	YNR027W	SAW1	BUD17	False	False	0.16	0.55	0.23800000000000002
YNL125C_YNL255C	0.4943361	0.04	0.63555449	26.081118	0.3000658390095104	0.0	scRRSv2	YNL125C	YNL255C	ESBP6	GIS2	False	False	0.16	0.54	0.23600000000000002
YBR281C_YGR033C	0.558217	0.122	0.70615739	19.374077	0.3656272975032251	0.0	scRRSv2	YBR281C	YGR033C	DUG2	TIM21	False	False	0.21	0.57	0.28200000000000003
YGL028C_YKL056C	0.33240905	0.089	0.66728511	25.947922	0.2774823023910246	0.0	scRRSv2	YGL028C	YKL056C	SCW11	TMA19	False	False	0.18	0.43	0.22999999999999998
YIR012W_YOR042W	0.954203	0.394	0.86040801	11.027522	0.5801197120247733	15.0	scRRSv2	YIR012W	YOR042W	SQT1	CUE5	False	False	0.49	0.51	0.494
YHR094C_YIL064W	0.5504242	0.199	0.75941223	16.903545	0.3723359127090365	0.0	scRRSv2	YHR094C	YIL064W	HXT1	EFM4	False	False	0.17	0.54	0.24400000000000002
YLR207W_YPR080W	0.16880137	0.147	0.71391784	29.048475	0.26146464675208736	0.0	scRRSv2	YLR207W	YPR080W	HRD3	TEF1	False	False	0.22	0.56	0.28800000000000003
YBR161W_YLR248W	0.5496606	0.082	0.66728511	29.476124	0.25525347990697955	0.0	scRRSv2	YBR161W	YLR248W	CSH1	RCK2	False	False	0.13	0.43	0.19
YGR126W_YPL199C	0.87709683	0.216	0.75941223	21.78258	0.45145769753308074	0.0	scRRSv2	YGR126W	YPL199C	YGR126W	YPL199C	False	False	0.29	0.43	0.318
YDL217C_YMR181C	0.35036284	0.034	0.63555449	23.173954	0.16308510507858054	0.0	scRRSv2	YDL217C	YMR181C	TIM22	YMR181C	False	False	0.18	0.29	0.20199999999999999
YHR110W_YNL140C	0.2581916	0.05	0.63555449	24.77001	0.18608242070076614	0.0	scRRSv2	YHR110W	YNL140C	ERP5	YNL140C	False	False	0.1	0.33	0.14600000000000002
YGL149W_YLR433C	0.6393278	0.043	0.63555449	23.986687	0.3728092104198318	0.0	scRRSv2	YGL149W	YLR433C	YGL149W	CNA1	False	False	0.16	0.65	0.258
YDL170W_YLR080W	0.88738585	0.239	0.77766077	23.379791	0.5798658298248952	0.0	scRRSv2	YDL170W	YLR080W	UGA3	EMP46	False	False	0.19	0.48	0.24800000000000003
YBR107C_YPL107W	0.95483875	0.154	0.73044282	6.707128	0.6500412435492522	14.0	scRRSv2	YBR107C	YPL107W	IML3	YPL107W	False	False	0.2	0.5	0.26
YKL104C_YOR044W	0.30408657	0.046	0.63555449	22.657711	0.28710243782432415	0.0	scRRSv2	YKL104C	YOR044W	GFA1	IRC23	False	False	0.14	0.49	0.21000000000000002
YJR060W_YOL039W	0.5762564	0.066	0.63555449	17.693575	0.29385156289292863	0.0	scRRSv2	YJR060W	YOL039W	CBF1	RPP2A	False	False	0.19	0.3	0.21200000000000002
YDL121C_YFR025C	0.907467	0.142	0.71391784	17.059895	0.3821995283794564	0.0	scRRSv2	YDL121C	YFR025C	YDL121C	HIS2	False	False	0.32	0.7	0.396
YHR184W_YOR394C-A	0.39045018	0.046	0.63555449	16.463867	0.30332036652133154	0.0	scRRSv2	YHR184W	YOR394C-A	SSP1	YOR394C-A	False	False	0.12	0.43	0.182
YJL035C_YPL054W	0.748191	0.037	0.63555449	20.39806	0.47104952347602885	0.0	scRRSv2	YJL035C	YPL054W	TAD2	LEE1	False	False	0.85	0.56	0.792
YJL089W_YLR330W	0.10990252	0.0	0.0	50.0	0.2212230798397356	0.0	scRRSv2	YJL089W	YLR330W	SIP4	CHS5	False	False	0.14	0.42	0.196
YHR162W_YIL150C	0.87902784	0.067	0.63555449	10.052041	0.491856188900487	0.0	scRRSv2	YHR162W	YIL150C	MPC2	MCM10	False	False	0.15	0.35	0.19
YGR105W_YOL133W	0.32113624	0.023	0.55890174	24.602943	0.15213273454203458	0.0	scRRSv2	YGR105W	YOL133W	VMA21	HRT1	False	False	0.06	0.36	0.12
YBL044W_YBR053C	0.7084575	0.089	0.66728511	21.940891	0.45380510670122864	0.0	scRRSv2	YBL044W	YBR053C	YBL044W	YBR053C	False	False	0.2	0.74	0.30800000000000005
YDR314C_YML056C	0.1430361	0.121	0.70615739	26.730381	0.24406845137565022	0.0	scRRSv2	YDR314C	YML056C	RAD34	IMD4	False	False	0.19	0.49	0.25
YFR029W_YOR334W	0.30139422	0.027	0.55890174	29.464098	0.23316096282170917	0.0	scRRSv2	YFR029W	YOR334W	PTR3	MRS2	False	False	0.13	0.4	0.18400000000000002
YAL020C_YBR167C	0.45037058	0.169	0.73044282	16.31191	0.3453515182527396	0.0	scRRSv2	YAL020C	YBR167C	ATS1	POP7	False	False	0.78	0.83	0.7900000000000001
YHR098C_YMR120C	0.17800586	0.282	0.80223507	29.179356	0.2625668137787724	0.0	scRRSv2	YHR098C	YMR120C	SFB3	ADE17	False	False	0.23	0.6	0.30400000000000005
YFL036W_YLR301W	0.7909029	0.206	0.75941223	27.660702	0.5724606901959838	0.0	scRRSv2	YFL036W	YLR301W	RPO41	HRI1	False	False	0.31	0.59	0.366
YBR260C_YKL094W	0.9198567	0.245	0.77766077	20.493761	0.7074192013606456	13.0	scRRSv2	YBR260C	YKL094W	RGD1	YJU3	False	False	0.2	0.39	0.23800000000000004
YIL121W_YLR025W	0.3448226	0.036	0.63555449	24.907532	0.2539504210304418	0.0	scRRSv2	YIL121W	YLR025W	QDR2	SNF7	False	False	0.1	0.49	0.17800000000000002
YMR294W_YOL015W	0.4803087	0.032	0.63555449	28.253277	0.22331330528152793	0.0	scRRSv2	YMR294W	YOL015W	JNM1	IRC10	False	False	0.13	0.32	0.168
YER063W_YOR356W	0.49626157	0.061	0.63555449	21.7504	0.29303201216030583	0.0	scRRSv2	YER063W	YOR356W	THO1	CIR2	False	False	0.26	0.67	0.342
YLL056C_YMR115W	0.28216624	0.146	0.71391784	26.792236	0.22071882553352218	0.0	scRRSv2	YLL056C	YMR115W	YLL056C	MGR3	False	False	0.12	0.48	0.192
YDR458C_YPR060C	0.4807062	0.043	0.63555449	24.796928	0.283583971010845	0.0	scRRSv2	YDR458C	YPR060C	HEH2	ARO7	False	False	0.14	0.33	0.17800000000000002
YHR180W_YJR083C	0.2692179	0.022	0.55890174	24.200546	0.152668320756135	0.0	scRRSv2	YHR180W	YJR083C	YHR180W	ACF4	False	False	0.1	0.2	0.12000000000000002
YDR128W_YMR061W	0.15878779	0.019	0.55890174	29.763073	0.23063341068197163	0.0	scRRSv2	YDR128W	YMR061W	MTC5	RNA14	False	False	0.16	0.38	0.20400000000000001
YLR125W_YNL078W	0.8169849	0.051	0.63555449	14.490181	0.3118177726910928	0.0	scRRSv2	YLR125W	YNL078W	YLR125W	NIS1	False	False	0.13	0.17	0.138
YHR084W_YHR208W	0.59160006	0.289	0.80223507	25.84226	0.27188163935007725	0.0	scRRSv2	YHR084W	YHR208W	STE12	BAT1	False	False	0.3	0.43	0.326
YGR041W_YLR262C	0.5733712	0.061	0.63555449	24.399288	0.2685402255721143	0.0	scRRSv2	YGR041W	YLR262C	BUD9	YPT6	False	False	0.2	0.3	0.22000000000000003
YDL113C_YLR341W	0.21261814	0.043	0.63555449	27.423468	0.23590269706056272	0.0	scRRSv2	YDL113C	YLR341W	ATG20	SPO77	False	False	0.3	0.47	0.33399999999999996
YJL082W_YMR189W	0.19094041	0.091	0.66728511	28.071413	0.3010067377221779	0.0	scRRSv2	YJL082W	YMR189W	IML2	GCV2	False	False	0.18	0.61	0.266
YER112W_YLL028W	0.2996063	0.026	0.55890174	30.501614	0.2645224277467788	0.0	scRRSv2	YER112W	YLL028W	LSM4	TPO1	False	False	0.11	0.52	0.192
YCL042W_YKL035W	0.8520872	0.175	0.73044282	17.411238	0.6217341510053362	0.0	scRRSv2	YCL042W	YKL035W	YCL042W	UGP1	False	False	0.38	0.77	0.4580000000000001
YGL176C_YIL162W	0.24932128	0.371	0.85453785	28.631123	0.24047547963729157	0.0	scRRSv2	YGL176C	YIL162W	YGL176C	SUC2	False	False	0.2	0.52	0.264
YEL011W_YER123W	0.3679232	0.125	0.70615739	27.647419	0.2649932673573103	0.0	scRRSv2	YEL011W	YER123W	GLC3	YCK3	False	False	0.21	0.6	0.28800000000000003
YMR201C_YOR064C	0.73257375	0.071	0.66728511	15.075087	0.29811431423209195	0.0	scRRSv2	YMR201C	YOR064C	RAD14	YNG1	False	False	0.14	0.31	0.17400000000000002
YLR166C_YMR071C	0.118518	0.107	0.68635536	26.511196	0.26894944662074993	0.0	scRRSv2	YLR166C	YMR071C	SEC10	TVP18	False	False	0.18	0.44	0.23199999999999998
YML022W_YML111W	0.37234926	0.083	0.66728511	25.45691	0.323851573435187	0.0	scRRSv2	YML022W	YML111W	APT1	BUL2	False	False	0.15	0.55	0.23
YCL052C_YDR020C	0.53327644	0.107	0.68635536	22.574375	0.334597345110842	0.0	scRRSv2	YCL052C	YDR020C	PBN1	DAS2	False	False	0.17	0.6	0.256
YFR026C_YMR286W	0.85129094	0.065	0.63555449	10.553772	0.43345320940527676	0.0	scRRSv2	YFR026C	YMR286W	ULI1	MRPL33	False	False	0.12	0.33	0.162
YKR010C_YOR358W	0.5759117	0.098	0.66728511	26.536219	0.24316617920723044	0.0	scRRSv2	YKR010C	YOR358W	TOF2	HAP5	False	False	0.25	0.26	0.252
YDR347W_YLL034C	0.25880653	0.03	0.63555449	26.903217	0.23417788034748677	0.0	scRRSv2	YDR347W	YLL034C	MRP1	RIX7	False	False	0.13	0.36	0.176
YBR121C_YKR046C	0.343154	0.025	0.55890174	27.88867	0.2581622459843458	0.0	scRRSv2	YBR121C	YKR046C	GRS1	PET10	False	False	0.12	0.63	0.222
YDR314C_YHL010C	0.66379964	0.065	0.63555449	27.798826	0.31972969382011285	0.0	scRRSv2	YDR314C	YHL010C	RAD34	ETP1	False	False	0.44	0.5	0.45200000000000007
YHR005C-A_YNL241C	0.3053114	0.054	0.63555449	23.390408	0.29987917359792493	0.0	scRRSv2	YHR005C-A	YNL241C	TIM10	ZWF1	False	False	0.1	0.73	0.226
YML130C_YPL189C-A	0.83426446	0.06	0.63555449	19.159277	0.35635956519463174	0.0	scRRSv2	YML130C	YPL189C-A	ERO1	COA2	False	False	0.15	0.58	0.236
YDL183C_YJR010C-A	0.8570819	0.076	0.66728511	9.316007	0.4929086714642581	0.0	scRRSv2	YDL183C	YJR010C-A	YDL183C	SPC1	False	False	0.2	0.51	0.262
YHR181W_YPL032C	0.5010709	0.05	0.63555449	19.73714	0.31877159398081456	0.0	scRRSv2	YHR181W	YPL032C	SVP26	SVL3	False	False	0.22	0.42	0.26
YLR212C_YNL126W	0.9984087	0.688	0.98128027	4.836814	0.8824975263640529	139.0	scPRSv2	YLR212C	YNL126W	TUB4	SPC98	True	False			
YDL132W_YOL133W	0.999367	0.573	0.92420274	17.891666	0.7083906365590062	129.0	scPRSv2	YDL132W	YOL133W	CDC53	HRT1	False	True	0.64	0.74	0.66
YBR200W_YLR229C	0.99610853	0.338	0.83367787	4.6830397	0.7685210042673787	65.0	scPRSv2	YBR200W	YLR229C	BEM1	CDC42	False	False	0.81	0.46	0.7400000000000001
YOL001W_YPL031C	0.9998667	0.626	0.95333044	2.2834482	0.9011424344016793	104.0	scPRSv2	YOL001W	YPL031C	PHO80	PHO85	True	False			
YBR109C_YDR356W	0.9930985	0.514	0.90043139	5.890932	0.7994017916882057	106.0	scPRSv2	YBR109C	YDR356W	CMD1	SPC110	False	True	0.83	0.29	0.722
YIL022W_YJR045C	0.935425	0.423	0.87116417	8.615518	0.5675483301106224	31.0	scPRSv2	YIL022W	YJR045C	TIM44	SSC1	False	False	0.54	0.57	0.546
YCR052W_YFR037C	0.97931457	0.559	0.91629946	17.540092	0.47101162685292475	79.0	scPRSv2	YCR052W	YFR037C	RSC6	RSC8	True	False			
YDR309C_YLR229C	0.99973357	0.598	0.93172991	11.095589	0.8098453887983761	91.0	scPRSv2	YDR309C	YLR229C	GIC2	CDC42	False	False	0.67	0.4	0.6160000000000001
YLR197W_YOR310C	0.99616843	0.625	0.9400192	4.3482666	0.7570378293691791	112.0	scPRSv2	YLR197W	YOR310C	NOP56	NOP58	True	False			
YDR468C_YOL018C	0.9675832	0.146	0.71391784	18.581547	0.47691372210259797	28.0	scPRSv2	YDR468C	YOL018C	TLG1	TLG2	False	False	0.31	0.39	0.326
YDL207W_YMR255W	0.77821827	0.339	0.83367787	12.9429	0.35320280902668244	0.0	scPRSv2	YDL207W	YMR255W	GLE1	GFD1	False	False	0.2	0.47	0.254
YHR107C_YJR076C	0.9993553	0.606	0.9400192	17.294142	0.67990655835071	112.0	scPRSv2	YHR107C	YJR076C	CDC12	CDC11	False	True	0.58	0.61	0.586
YER148W_YKL058W	0.9824986	0.167	0.73044282	2.163271	0.7499218213661882	26.0	scPRSv2	YER148W	YKL058W	SPT15	TOA2	True	False			
YHR084W_YPL049C	0.9878012	0.08	0.66728511	30.483479	0.35013088979687934	44.0	scPRSv2	YHR084W	YPL049C	STE12	DIG1	False	False	0.35	0.31	0.34199999999999997
YEL002C_YMR149W	0.9996437	0.682	0.98128027	7.334277	0.8033822551971582	151.0	scPRSv2	YEL002C	YMR149W	WBP1	SWP1	True	False			
YHR061C_YLR229C	0.99987334	0.611	0.9400192	7.5501637	0.8198822115915615	100.0	scPRSv2	YHR061C	YLR229C	GIC1	CDC42	False	False	0.67	0.44	0.624
YEL032W_YLR274W	0.937645	0.66	0.98128027	11.766657	0.6532472840367405	48.0	scPRSv2	YEL032W	YLR274W	MCM3	MCM5	True	False			
YDR429C_YMR146C	0.99901265	0.65	0.96322524	4.671079	0.8368803943151459	109.0	scPRSv2	YDR429C	YMR146C	TIF35	TIF34	True	False			
YDR378C_YER146W	0.9996472	0.592	0.93172991	2.400669	0.8582455607005222	66.0	scPRSv2	YDR378C	YER146W	LSM6	LSM5	True	False			
YDL108W_YPR025C	0.9983713	0.364	0.84294946	3.4125493	0.8656963068333998	55.0	scPRSv2	YDL108W	YPR025C	KIN28	CCL1	False	True	0.86	0.8	0.8480000000000001
YDR388W_YMR192W	0.8855194	0.035	0.63555449	31.394611	0.24002579049377587	3.0	scPRSv2	YDR388W	YMR192W	RVS167	GYL1	False	False	0.2	0.39	0.23800000000000004
YGR047C_YGR246C	0.9652743	0.571	0.92420274	28.206427	0.5042043219365547	33.0	scPRSv2	YGR047C	YGR246C	TFC4	BRF1	False	False	0.32	0.41	0.338
YDR388W_YOR181W	0.88287514	0.235	0.77766077	30.241364	0.2714313782218035	0.0	scPRSv2	YDR388W	YOR181W	RVS167	LAS17	False	False	0.19	0.27	0.20600000000000002
YBR088C_YJR043C	0.9615977	0.365	0.85453785	23.618504	0.6721724250974905	29.0	scPRSv2	YBR088C	YJR043C	POL30	POL32	False	False	0.82	0.52	0.76
YDR388W_YPL249C	0.7882501	0.045	0.63555449	29.099499	0.252640962212463	0.0	scPRSv2	YDR388W	YPL249C	RVS167	GYP5	False	False	0.17	0.36	0.20800000000000002
YBR079C_YMR309C	0.9980315	0.604	0.9400192	12.0840645	0.7165106756554717	148.0	scPRSv2	YBR079C	YMR309C	RPG1	NIP1	True	False			
YDR228C_YMR061W	0.25471407	0.074	0.66728511	27.019068	0.24641249854949457	0.0	scPRSv2	YDR228C	YMR061W	PCF11	RNA14	False	False	0.21	0.47	0.262
YGR040W_YHR084W	0.9435891	0.277	0.80223507	21.552588	0.6282403811140427	23.0	scPRSv2	YGR040W	YHR084W	KSS1	STE12	False	False	0.76	0.47	0.7020000000000001
YHR172W_YNL126W	0.9953739	0.654	0.96322524	12.868143	0.7657511598794925	210.0	scPRSv2	YHR172W	YNL126W	SPC97	SPC98	True	False			
YGR082W_YNL131W	0.95064974	0.214	0.75941223	12.84234	0.44935351252677086	12.0	scPRSv2	YGR082W	YNL131W	TOM20	TOM22	False	False	0.12	0.4	0.17600000000000002
YER146W_YJL124C	0.9158416	0.308	0.81190228	7.842932	0.6440807654672865	1.0	scPRSv2	YER146W	YJL124C	LSM5	LSM1	False	True	0.74	0.68	0.728
YDR009W_YML051W	0.99722326	0.633	0.96322524	3.3176432	0.9077911465186138	108.0	scPRSv2	YDR009W	YML051W	GAL3	GAL80	True	False			
YEL002C_YJL002C	0.9833298	0.024	0.55890174	3.8741143	0.6660356567313037	6.0	scPRSv2	YEL002C	YJL002C	WBP1	OST1	True	False			
YDR103W_YGR040W	0.9717163	0.455	0.88570037	27.31099	0.6863445988998484	52.0	scPRSv2	YDR103W	YGR040W	STE5	KSS1	False	True	0.73	0.4	0.6639999999999999
YDL132W_YDR328C	0.9857314	0.218	0.75941223	4.7361736	0.7611081045508745	44.0	scPRSv2	YDL132W	YDR328C	CDC53	SKP1	False	False	0.72	0.74	0.724
YJL002C_YOR085W	0.4098187	0.034	0.63555449	17.543938	0.27402277156466537	0.0	scPRSv2	YJL002C	YOR085W	OST1	OST3	False	False	0.17	0.53	0.24200000000000002
YLR293C_YLR347C	0.99818575	0.644	0.96322524	3.812998	0.8889199396165147	108.0	scPRSv2	YLR293C	YLR347C	GSP1	KAP95	False	False	0.71	0.77	0.722
YCR088W_YNL094W	0.82849157	0.198	0.75941223	29.135256	0.2615492855451089	0.0	scPRSv2	YCR088W	YNL094W	ABP1	APP1	False	False	0.2	0.39	0.23800000000000004
YGL044C_YMR061W	0.9923401	0.667	0.98128027	7.762097	0.7126776162867509	168.0	scPRSv2	YGL044C	YMR061W	RNA15	RNA14	True	False			
YER148W_YOR194C	0.9645438	0.247	0.78549007	4.6874037	0.5942722737287836	42.0	scPRSv2	YER148W	YOR194C	SPT15	TOA1	True	False			
YFL009W_YJL194W	0.89863366	0.043	0.63555449	29.346457	0.4907950804654967	0.0	scPRSv2	YFL009W	YJL194W	CDC4	CDC6	False	False	0.14	0.42	0.196
YER110C_YLR293C	0.9859489	0.558	0.91629946	8.254292	0.8234876628337271	92.0	scPRSv2	YER110C	YLR293C	KAP123	GSP1	False	True	0.6	0.77	0.634
YBR254C_YKR068C	0.9488817	0.114	0.68635536	6.3183746	0.7024182079401329	18.0	scPRSv2	YBR254C	YKR068C	TRS20	BET3	False	False	0.32	0.53	0.362
YDR328C_YFL009W	0.9992842	0.625	0.9400192	3.4151037	0.778568255642615	90.0	scPRSv2	YDR328C	YFL009W	SKP1	CDC4	True	False			
YKL196C_YLR026C	0.9693285	0.518	0.90043139	5.6435766	0.3818974684442198	64.0	scPRSv2	YKL196C	YLR026C	YKT6	SED5	False	True	0.1	0.32	0.14400000000000002
YDL132W_YJR090C	0.18125537	0.0	0.0	50.0	0.25257544127434794	0.0	scPRSv2	YDL132W	YJR090C	CDC53	GRR1	False	False	0.2	0.43	0.24600000000000005
YHR166C_YKL022C	0.9442849	0.176	0.74006263	12.061296	0.6860614365042065	23.0	scPRSv2	YHR166C	YKL022C	CDC23	CDC16	False	True	0.55	0.56	0.552
YEL037C_YGL048C	0.27693364	0.052	0.63555449	29.119982	0.17483166375593479	0.0	scPRSv2	YEL037C	YGL048C	RAD23	RPT6	False	True	0.09	0.33	0.138
YGR009C_YPL232W	0.9985285	0.62	0.9400192	10.214872	0.4217790062262049	119.0	scPRSv2	YGR009C	YPL232W	SEC9	SSO1	True	False			
YDR369C_YMR224C	0.98741996	0.609	0.9400192	28.412418	0.5489940722996451	72.0	scPRSv2	YDR369C	YMR224C	XRS2	MRE11	False	False	0.5	0.42	0.48400000000000004
YCR088W_YDR388W	0.71952134	0.2	0.75941223	29.512379	0.3176430990306195	0.0	scPRSv2	YCR088W	YDR388W	ABP1	RVS167	False	True	0.19	0.28	0.20800000000000002
YBR200W_YHL007C	0.93734133	0.132	0.70615739	29.14169	0.3266185556537192	1.0	scPRSv2	YBR200W	YHL007C	BEM1	STE20	True	False			
YER112W_YJR022W	0.99986863	0.485	0.8919553	1.9674003	0.7283435434389917	47.0	scPRSv2	YER112W	YJR022W	LSM4	LSM8	True	False			
YDR472W_YKR068C	0.99962074	0.582	0.92420274	3.025662	0.864714329470671	89.0	scPRSv2	YDR472W	YKR068C	TRS31	BET3	True	False			
YER018C_YMR117C	0.99545985	0.688	0.98128027	10.634638	0.513836176564112	168.0	scPRSv2	YER018C	YMR117C	SPC25	SPC24	True	False			
YER165W_YGR162W	0.93484837	0.119	0.68635536	29.9941	0.3768694314806665	8.0	scPRSv2	YER165W	YGR162W	PAB1	TIF4631	False	False	0.33	0.3	0.324
YGL240W_YKL022C	0.58235836	0.293	0.80223507	24.893764	0.44427649159392785	0.0	scPRSv2	YGL240W	YKL022C	DOC1	CDC16	False	False	0.15	0.48	0.216
YER148W_YGR246C	0.9991993	0.696	0.98128027	5.30294	0.7191559439499903	223.0	scPRSv2	YER148W	YGR246C	SPT15	BRF1	True	False			
YMR314W_YOR362C	0.9936049	0.59	0.93172991	4.2492557	0.855448957266776	69.0	scPRSv2	YMR314W	YOR362C	PRE5	PRE10	True	False			
YKR068C_YOR115C	0.9999434	0.683	0.98128027	1.9845548	0.8970849886919412	133.0	scPRSv2	YKR068C	YOR115C	BET3	TRS33	False	True	0.9	0.84	0.8880000000000001
YGR162W_YOL139C	0.9981502	0.679	0.98128027	3.557074	0.7618250208153514	135.0	scPRSv2	YGR162W	YOL139C	TIF4631	CDC33	True	False			
YMR117C_YOL069W	0.947339	0.19	0.74006263	23.847523	0.34497299021449657	24.0	scPRSv2	YMR117C	YOL069W	SPC24	NUF2	True	False			
YDL220C_YDR082W	0.9838041	0.243	0.77766077	29.273575	0.4437276106242594	31.0	scPRSv2	YDL220C	YDR082W	CDC13	STN1	False	False	0.36	0.38	0.364
YNR017W_YPL063W	0.9596882	0.34	0.83367787	14.743665	0.49911495852411897	18.0	scPRSv2	YNR017W	YPL063W	TIM23	TIM50	False	False	0.38	0.46	0.3960000000000001
YIL144W_YOL069W	0.9973134	0.724	0.98128027	22.54605	0.5221369255423391	456.0	scPRSv2	YIL144W	YOL069W	NDC80	NUF2	True	False			
YDR142C_YHR160C	0.9998602	0.569	0.92420274	3.1970525	0.850267535418791	78.0	scPRSv2	YDR142C	YHR160C	PEX7	PEX18	False	False	0.82	0.69	0.794
YIL144W_YMR117C	0.9139783	0.141	0.71391784	7.5788984	0.3306835318719003	0.0	scPRSv2	YIL144W	YMR117C	NDC80	SPC24	True	False			
YFL009W_YOL133W	0.5277116	0.293	0.80223507	17.35244	0.3661563967817164	0.0	scPRSv2	YFL009W	YOL133W	CDC4	HRT1	False	False	0.15	0.53	0.226
YBR087W_YJR068W	0.99068546	0.618	0.9400192	6.0319977	0.8470783225062599	96.0	scPRSv2	YBR087W	YJR068W	RFC5	RFC2	True	False			
YDR097C_YOL090W	0.99631655	0.701	0.98128027	11.79194	0.7930401208805984	219.0	scPRSv2	YDR097C	YOL090W	MSH6	MSH2	False	True	0.71	0.68	0.704
YCR009C_YDR388W	0.9999268	0.731	0.98128027	3.160315	0.8570708479549553	288.0	scPRSv2	YCR009C	YDR388W	RVS161	RVS167	False	True	0.85	0.66	0.812
YDL208W_YNL124W	0.9991858	0.519	0.90043139	5.613784	0.7808395854425044	53.0	scPRSv2	YDL208W	YNL124W	NHP2	NAF1	False	False	0.08	0.23	0.11000000000000001
YDR228C_YGL044C	0.93052423	0.305	0.81190228	24.223112	0.3677355858347571	23.0	scPRSv2	YDR228C	YGL044C	PCF11	RNA15	False	False	0.41	0.29	0.386
YDR246W_YKR068C	0.9979295	0.518	0.90043139	4.3069854	0.872082351512998	68.0	scPRSv2	YDR246W	YKR068C	TRS23	BET3	True	False			
YDL132W_YIL046W	0.9191565	0.428	0.87822061	9.528815	0.5505493924577813	5.0	scPRSv2	YDL132W	YIL046W	CDC53	MET30	False	False	0.2	0.49	0.258
YHR027C_YKL145W	0.95528394	0.314	0.81190228	11.592679	0.6613512972374846	22.0	scPRSv2	YHR027C	YKL145W	RPN1	RPT1	True	False			
YDR016C_YGR113W	0.9899936	0.281	0.80223507	11.769035	0.4747403264508866	19.0	scPRSv2	YDR016C	YGR113W	DAD1	DAM1	False	True	0.58	0.32	0.528
YJL002C_YMR149W	0.6844561	0.192	0.74006263	27.91774	0.314663519450675	0.0	scPRSv2	YJL002C	YMR149W	OST1	SWP1	True	False			
YKL058W_YOR194C	0.9999984	0.719	0.98128027	2.0462995	0.8505763705972462	188.0	scPRSv2	YKL058W	YOR194C	TOA2	TOA1	True	False			
YMR146C_YOR361C	0.99708855	0.565	0.92420274	3.834035	0.8720318589085381	72.0	scPRSv2	YMR146C	YOR361C	TIF34	PRT1	True	False			
YDR328C_YJR090C	0.9975669	0.56	0.91629946	5.1961365	0.7147460519926142	96.0	scPRSv2	YDR328C	YJR090C	SKP1	GRR1	False	False	0.8	0.52	0.7440000000000001
YBR088C_YDR097C	0.94766456	0.293	0.80223507	11.6828	0.7634508169861154	7.0	scPRSv2	YBR088C	YDR097C	POL30	MSH6	False	False	0.7	0.6	0.6799999999999999
YIL063C_YLR293C	0.99984354	0.687	0.98128027	3.2709613	0.8529512211220406	151.0	scPRSv2	YIL063C	YLR293C	YRB2	GSP1	False	True	0.51	0.46	0.5
YDR328C_YMR094W	0.999652	0.595	0.93172991	4.9635735	0.7890049157795879	84.0	scPRSv2	YDR328C	YMR094W	SKP1	CTF13	True	False			
YDL132W_YFL009W	0.5347388	0.09	0.66728511	29.453136	0.31419047280952284	0.0	scPRSv2	YDL132W	YFL009W	CDC53	CDC4	False	False	0.18	0.49	0.242
YDR189W_YLR026C	0.9979559	0.61	0.9400192	5.50091	0.7998423868111769	105.0	scPRSv2	YDR189W	YLR026C	SLY1	SED5	True	False			
YGL061C_YGR113W	0.9932774	0.454	0.88570037	9.101469	0.386324709624871	74.0	scPRSv2	YGL061C	YGR113W	DUO1	DAM1	False	True	0.39	0.35	0.38200000000000006
YDR429C_YOR361C	0.98452556	0.347	0.84294946	20.615509	0.3852548569372044	77.0	scPRSv2	YDR429C	YOR361C	TIF35	PRT1	False	True	0.3	0.51	0.34199999999999997
YGR188C_YOR026W	0.9990872	0.612	0.9400192	4.981066	0.8507952753814925	115.0	scPRSv2	YGR188C	YOR026W	BUB1	BUB3	True	False			
YKR068C_YML077W	0.99774384	0.445	0.87822061	2.675106	0.8745581019958187	54.0	scPRSv2	YKR068C	YML077W	BET3	BET5	True	False			
YDL014W_YOR310C	0.9963191	0.273	0.80223507	4.9401636	0.6811224699556288	68.0	scPRSv2	YDL014W	YOR310C	NOP1	NOP58	True	False			
YBR160W_YLR079W	0.65832055	0.149	0.71391784	25.869877	0.3306340867385984	0.0	scPRSv2	YBR160W	YLR079W	CDC28	SIC1	False	False	0.3	0.51	0.34199999999999997
YHL007C_YLR229C	0.9692953	0.248	0.78549007	24.21157	0.7272931642678251	34.0	scPRSv2	YHL007C	YLR229C	STE20	CDC42	False	True	0.81	0.37	0.7220000000000001
YER165W_YGL049C	0.9620434	0.216	0.75941223	28.942896	0.3816682115742525	24.0	scPRSv2	YER165W	YGL049C	PAB1	TIF4632	False	False	0.34	0.3	0.332
YCR009C_YMR232W	0.99933326	0.714	0.98128027	4.1490474	0.796441346575029	253.0	scPRSv2	YCR009C	YMR232W	RVS161	FUS2	False	False	0.83	0.57	0.778
YBL016W_YPL049C	0.99365354	0.417	0.87116417	13.85779	0.7579677239269508	53.0	scPRSv2	YBL016W	YPL049C	FUS3	DIG1	False	False	0.83	0.51	0.766
YFR002W_YGR119C	0.7518834	0.145	0.71391784	23.849596	0.3975961147348937	0.0	scPRSv2	YFR002W	YGR119C	NIC96	NUP57	False	False	0.21	0.46	0.26
YLR288C_YOR368W	0.99899876	0.45	0.88570037	2.2624106	0.7196173183595508	61.0	scPRSv2	YLR288C	YOR368W	MEC3	RAD17	False	False	0.64	0.64	0.64
YJR048W_YKR066C	0.998803	0.306	0.81190228	2.3346076	0.8997515986681951	31.0	scPRSv2	YJR048W	YKR066C	CYC1	CCP1	True	False			
YOR151C_YOR210W	0.99415827	0.648	0.96322524	2.596704	0.9436465137763641	110.0	scPRSv2	YOR151C	YOR210W	RPB2	RPB10	True	False			
YDR142C_YGL153W	0.9824486	0.368	0.85453785	11.813753	0.769644854497104	55.0	scPRSv2	YDR142C	YGL153W	PEX7	PEX14	False	False	0.55	0.56	0.552
YER018C_YIL144W	0.9586046	0.375	0.85453785	16.94456	0.39855717203529584	1.0	scPRSv2	YER018C	YIL144W	SPC25	NDC80	True	False			
YKL074C_YLR116W	0.99985045	0.711	0.98128027	3.332111	0.645490234910787	216.0	scPRSv2	YKL074C	YLR116W	MUD2	MSL5	False	False	0.64	0.55	0.622
YDL043C_YJL203W	0.9995458	0.649	0.96322524	3.847136	0.5743188117101958	139.0	scPRSv2	YDL043C	YJL203W	PRP11	PRP21	True	False			
YMR203W_YNL131W	0.9986487	0.435	0.87822061	2.443244	0.7082105951072425	45.0	scPRSv2	YMR203W	YNL131W	TOM40	TOM22	True	False			
YCR088W_YNL138W	0.96264577	0.454	0.88570037	18.439243	0.34907308183078106	30.0	scPRSv2	YCR088W	YNL138W	ABP1	SRV2	False	False	0.22	0.27	0.23000000000000004
YLR347C_YOR098C	0.98230565	0.523	0.90043139	19.399231	0.6660426348134609	61.0	scPRSv2	YLR347C	YOR098C	KAP95	NUP1	True	False			
