gene1	gene2	filename	interface_area	IntraclashesGroup1	IntraclashesGroup2	Interaction Energy	StabilityGroup1	StabilityGroup2
SSS1	SEC61	ma-bak-cepc-0367	1828.718499999999	4.81352	59.651	-50.6495	21.6371	39.18
RPL13A	RPL18B	ma-bak-cepc-1079	358.2445000000025	14.5114	16.4594	-0.929803	125.463	81.8306
BET3	TRS23	ma-bak-cepc-0401	1099.223	21.4337	47.8639	-15.4813	28.1975	139.066
MRPL15	MRPL3	ma-bak-cepc-0415	1356.6950000000031	41.6319	70.0364	-27.5039	125.924	220.057
RER2	NUS1	ma-bak-cepc-0373	2917.246500000001	35.4222	59.011	-68.4413	37.7418	191.744
MED4	CSE2	ma-bak-cepc-1045	2143.5455	221.154	45.06	-71.5596	501.021	162.797
MRPS9	MRP4	ma-bak-cepc-0429	1906.6129999999976	40.0837	70.0823	-35.7878	154.358	210.126
RPN6	RPN7	ma-bak-cepc-1051	1448.630000000001	35.5681	45.3112	-30.6994	-48.4112	33.1603
COA3	MSS51	ma-bak-cepc-1086	461.9049999999989	3.19657	59.1406	-8.49401	42.5744	108.826
TFA2	TFG2	ma-bak-cepc-0398	834.5445000000036	100.159	108.843	-12.9778	462.278	477.957
MHF1	MHF2	ma-bak-cepc-1092	2219.4630000000006	6.38183	4.37499	-68.7348	1.47992	19.1924
RPN11	RPN2	ma-bak-cepc-0603	1578.640999999996	27.6593	120.065	-27.322	77.7338	102.571
RGR1	NUT2	ma-bak-cepc-0165	2282.876000000004	319.304	10.6684	-81.9918	763.371	24.1751
MRPL33	MRPL49	ma-bak-cepc-0171	610.1684999999998	1.98792	24.0986	-11.5438	9.45491	131.852
GCD14	GCD10	ma-bak-cepc-0617	3614.703000000001	47.6571	72.5056	-60.3339	117.756	175.049
STE4	GPA1	ma-bak-cepc-0159	1848.552	87.0181	75.9052	-15.2945	240.679	197.324
TIM50	PAM17	ma-bak-cepc-0818	243.8280000000013	105.484	37.9583	-2.99938	336.963	129.881
SRP1	NUP2	ma-bak-cepc-0824	1406.2615000000003	79.3292	567.081	-10.9077	104.141	1877.2
MRP51	RSM18	ma-bak-cepc-0830	1114.0960000000014	50.6224	29.6601	-19.8838	216.436	120.345
ORC4	ORC5	ma-bak-cepc-0777	3049.4040000000023	92.0153	66.1718	-36.3301	234.188	126.34
SOP4	NSE4	ma-bak-cepc-0011	589.2815000000046	13.6936	75.9409	-5.71203	43.6667	343.651
ROT1	SKN1	ma-bak-cepc-0005	2981.6359999999986	53.6341	328.187	-62.6786	184.722	1031.17
GIM3	YKE2	ma-bak-cepc-0763	425.09350000000086	7.17804	3.43387	-14.4891	-22.6244	-29.0593
DDC1	RAD17	ma-bak-cepc-0993	1835.824999999997	203.529	88.1475	-0.930412	754.475	280.937
COX3	COX13	ma-bak-cepc-0039	1699.398000000001	26.5369	11.6182	-34.519	-37.1914	53.8234
RPN8	RPN5	ma-bak-cepc-0987	1472.960999999999	37.8644	39.1648	-32.9763	138.018	-69.4118
MED7	NUT2	ma-bak-cepc-0978	710.1694999999963	25.4529	13.5936	-22.7833	83.1583	27.8816
SNP1	STO1	ma-bak-cepc-0788	727.0360000000001	95.8559	92.5968	-9.49216	389.257	-86.8141
UBX5	UFD1	ma-bak-cepc-0950	1465.2450000000026	68.3152	72.0906	-15.086	284.098	335.538
URN1	AIM4	ma-bak-cepc-0944	1636.9980000000032	117.771	30.0075	-28.6023	361.336	125.607
RNA15	PCF11	ma-bak-cepc-0213	1507.9625000000017	63.4096	138.605	-31.704	242.554	528.373
IST3	BUD13	ma-bak-cepc-0575	2938.712999999996	16.9881	65.5525	-64.3476	38.857	324.076
FMC1	ATP12	ma-bak-cepc-0561	1624.3515000000025	8.78726	44.448	-36.8936	-1.54333	70.7127
PRE7	PRE4	ma-bak-cepc-0207	876.6204999999991	25.9916	27.2614	-15.0135	56.2556	27.3648
LSM5	LSM6	ma-bak-cepc-0549	942.8745000000008	9.40227	13.3957	-17.0464	32.2144	37.483
LSM5	LSM3	ma-bak-cepc-0548	49.76850000000013	7.10628	12.1155	-1.22326	21.6255	40.9827
COA1	CMC1	ma-bak-cepc-0560	768.325499999999	33.3882	9.6084	-7.67175	180.939	19.0896
PRE7	PRE2	ma-bak-cepc-0206	1238.313	29.6699	30.0061	-24.7513	58.6356	73.2935
RNA15	RNA14	ma-bak-cepc-0212	2483.3805	68.9787	87.7646	-65.1741	252.27	106.333
FAF1	DIP2	ma-bak-cepc-0574	449.93150000000605	127.513	146.847	-11.4641	549.682	161.291
ERF2	SHR5	ma-bak-cepc-0945	2516.998	46.5231	27.2177	-51.4466	149.628	91.5973
MRL1	NHX1	ma-bak-cepc-0951	1765.121500000001	122.583	154.817	-26.0595	468.444	329.522
RSM23	SWS2	ma-bak-cepc-0789	453.4225000000006	57.2766	14.8261	-3.57719	135.132	68.6878
MED7	MED4	ma-bak-cepc-0979	1828.570000000004	19.494	69.426	-42.2306	91.2776	356.089
COX3	COX1	ma-bak-cepc-0038	2472.934000000001	28.0344	62.4252	-68.6482	-43.4024	-57.4694
RPN8	RPN9	ma-bak-cepc-0986	2013.828499999996	47.3216	43.4415	-42.9077	151.968	-36.4627
CTI6	DEP1	ma-bak-cepc-0992	1796.5740000000003	312.201	145.9	-52.3084	1119.3	662.452
DLT1	YP153	ma-bak-cepc-0004	954.9939999999988	64.5897	16.9777	-28.626	277.362	38.4603
GIM3	PAC10	ma-bak-cepc-0762	1326.2374999999993	5.42054	14.5171	-24.4628	-23.4472	-28.7994
ORC3	ORC4	ma-bak-cepc-0776	494.32999999999447	83.429	91.5821	-3.24483	166.491	211.831
PRT1	HCR1	ma-bak-cepc-0010	698.5410000000047	127.951	80.2102	-11.5287	315.284	391.459
PEX25	PEX11	ma-bak-cepc-0831	1889.1195000000007	75.4959	27.7253	2.3863	161.204	-30.8568
SEN54	SEN34	ma-bak-cepc-0825	3679.6765000000014	78.7919	24.1027	-80.5825	329.511	35.0866
TIM50	TIM17	ma-bak-cepc-0819	1206.6804999999986	93.2874	13.2154	-18.45	315.707	57.9224
SPO7	ICE2	ma-bak-cepc-0158	854.5564999999988	52.48	64.3047	-23.154	133.446	33.4101
MRPL33	MRPL31	ma-bak-cepc-0170	906.5639999999994	3.22556	13.338	-25.3715	10.8663	49.4346
SKI6	RRP42	ma-bak-cepc-0616	905.2690000000002	21.9726	21.7703	-15.8711	-14.696	-17.9513
CAF16	SAH1	ma-bak-cepc-0602	970.1264999999984	44.7727	66.4945	-17.99	56.6549	22.9197
RGR1	SRB7	ma-bak-cepc-0164	823.5630000000019	310.248	7.25817	-14.7429	818.294	6.48349
KTI11	DPH1	ma-bak-cepc-1093	693.6540000000005	4.96108	65.8002	-6.78349	1.29887	120.807
LAS1	GRC3	ma-bak-cepc-0399	3748.964999999997	82.9468	102.709	-81.6482	212.17	285.738
COA3	PET191	ma-bak-cepc-1087	1114.415500000002	8.61593	8.4425	-26.0991	38.087	14.1553
QCR10	QCR9	ma-bak-cepc-0428	606.2030000000004	7.22892	1.81726	-15.7993	52.0405	23.9743
NDJ1	MPS3	ma-bak-cepc-1050	1004.9595000000044	61.7427	169.822	-24.3803	148.077	639.921
SME1	SMX3	ma-bak-cepc-1044	858.0240000000003	10.0001	15.0359	-26.1669	30.8538	46.5653
MRPL11	MRPL44	ma-bak-cepc-0414	866.6670000000013	54.2635	6.63329	-10.0873	166.45	-15.9626
TAF14	RVB2	ma-bak-cepc-0372	165.8199999999997	55.1879	76.2525	-0.556029	137.484	163.995
RPL13A	RPL28	ma-bak-cepc-1078	1138.735999999999	12.0094	19.3423	-19.2945	92.3462	116.768
RRP1	MAK16	ma-bak-cepc-0366	479.1770000000033	38.9067	71.6051	-4.88534	33.0622	316.185
BET3	BET5	ma-bak-cepc-0400	973.4589999999988	17.1358	19.4013	-13.6941	5.02354	33.0629
PTC1	NBP2	ma-bak-cepc-0370	2021.3235000000025	42.2131	100.177	-38.537	53.7008	432.517
MRPL27	MRP20	ma-bak-cepc-0416	1202.5750000000007	7.90124	41.2428	-15.6266	147.404	203.337
BET3	TRS33	ma-bak-cepc-0402	1832.91	15.5132	37.0496	-56.8617	15.0103	84.376
UTP11	SAS10	ma-bak-cepc-0364	665.0420000000013	28.3513	140.584	-18.8884	146.634	776.807
RPN6	RPN5	ma-bak-cepc-1052	696.8624999999993	34.9817	43.5886	-12.6052	-52.8842	-71.429
RPB7	RPO26	ma-bak-cepc-0358	397.0550000000003	16.2713	30.5116	-4.90656	-7.57949	137.447
MED4	SRB7	ma-bak-cepc-1046	1134.6399999999994	78.2435	8.62734	-29.766	340.749	8.8393
PCC1	KAE1	ma-bak-cepc-1091	887.1010000000006	10.1354	51.098	-33.7869	6.37244	-8.54036
CMC2	PET100	ma-bak-cepc-1085	723.5640000000003	3.8288	8.18387	-21.588	8.96215	40.8348
ARC1	MES1	ma-bak-cepc-0614	1089.4859999999971	66.3337	80.665	-16.4668	175.299	-112.397
RPB8	RPB10	ma-bak-cepc-0172	464.674	14.7417	6.05461	-2.29052	28.3723	4.92688
COX11	PET117	ma-bak-cepc-0166	2277.606	88.7751	7.02152	-32.3236	280.162	81.3074
FMP32	YL283	ma-bak-cepc-0600	3353.125500000002	28.6297	97.0596	-87.2098	85.7012	331.301
PFD1	GIM4	ma-bak-cepc-0628	515.6890000000003	4.07744	7.60201	-15.2246	-36.5716	-33.8784
ISU1	NFS1	ma-bak-cepc-0833	1474.726999999999	36.7326	73.3137	-24.9353	120.041	187.895
MRPL20	MRPL22	ma-bak-cepc-0199	285.2489999999998	27.4484	44.2037	-7.0853	201.874	237.039
TFB2	TFB1	ma-bak-cepc-0827	279.4869999999937	68.0645	115.779	-2.61739	110.296	431.861
PGA1	GPI18	ma-bak-cepc-0760	2101.2135	22.1962	48.1663	-48.0959	66.3095	-86.7352
INP1	PEX3	ma-bak-cepc-0006	1995.4795000000013	227.758	71.5323	-29.4779	900.067	72.8623
NOP16	RPL28	ma-bak-cepc-0012	487.4340000000011	36.793	8.42145	-14.2342	226.762	89.8212
ORC3	ORC2	ma-bak-cepc-0774	4753.290999999997	73.2744	214.99	-125.561	126.632	810.507
NAT5	NAT1	ma-bak-cepc-0984	734.1419999999962	20.3116	76.7948	-17.4592	42.4389	-145.097
TIM18	TIM22	ma-bak-cepc-0990	500.0839999999989	36.97	40.7567	-6.74223	157.021	179.933
IST1	VPS4	ma-bak-cepc-0748	69.75599999999758	62.6794	45.042	-0.0374371	186.095	59.3696
MHR1	MRP20	ma-bak-cepc-0947	926.2810000000028	32.6381	42.9132	-7.86383	67.5308	196.821
DIB1	PRP31	ma-bak-cepc-0953	500.9979999999996	12.2902	52.4939	-10.5623	-9.61135	231.602
PRE7	PUP1	ma-bak-cepc-0204	1373.6499999999996	32.0839	28.0076	-18.2387	73.0055	72.8965
FYV10	GID8	ma-bak-cepc-0562	1233.3285000000033	81.6514	148.535	-31.6349	205.569	544.002
IST3	PML1	ma-bak-cepc-0576	808.0054999999993	12.952	36.3907	-13.1857	20.0881	135.849
SEC14	PTC7	ma-bak-cepc-0210	731.8809999999976	22.3762	60.6917	-17.8744	-41.3685	180.852
RPS5	RPS25A	ma-bak-cepc-0238	597.1850000000013	27.4685	16.1467	-17.2582	138.505	74.8944
CAT5	COQ4	ma-bak-cepc-0589	630.0034999999989	36.6112	62.5809	-10.0832	53.3174	63.8102
GAB1	GPI17	ma-bak-cepc-0588	892.5349999999999	43.492	46.5852	-30.5742	-106.739	23.1512
RPL16A	RPL3	ma-bak-cepc-0239	466.3840000000018	19.2138	67.0179	-3.76241	5.72778	183.385
DSN1	MTW1	ma-bak-cepc-0577	426.3800000000047	236.926	37.104	-14.0725	1027.82	152.183
CNB1	CMP2	ma-bak-cepc-0211	2594.9865000000027	20.8303	117.402	-67.3464	44.7973	291.214
PRE7	PUP3	ma-bak-cepc-0205	638.7114999999994	38.0403	21.5931	-9.70414	74.3779	-14.6921
FYV10	RMD5	ma-bak-cepc-0563	6825.802500000002	76.3746	32.2015	-190.498	184.898	32.6346
DIB1	PRP6	ma-bak-cepc-0952	1024.1575000000012	12.6075	99.8668	-22.6744	-6.17902	86.5971
AOS1	UBA2	ma-bak-cepc-0946	2998.410499999998	33.8469	123.001	-58.7115	-33.2164	316.087
IST1	DID2	ma-bak-cepc-0749	511.25	77.0405	21.8663	-10.1594	230.191	54.5271
CBC2	STO1	ma-bak-cepc-0991	1934.266	47.599	97.4763	-36.1655	169.557	-86.4846
RPN8	RPN3	ma-bak-cepc-0985	945.4654999999984	40.5356	60.7534	-22.6927	129.99	63.2697
NOP16	RPL35B	ma-bak-cepc-0013	61.86549999999989	44.695	8.22604	0.211694	244.06	19.2253
ORC3	ORC5	ma-bak-cepc-0775	2208.678500000002	71.5844	62.5178	-11.659	142.364	116.391
GIM3	PFD1	ma-bak-cepc-0761	56.00300000000061	7.70018	4.67085	-0.592345	-21.0392	-42.8697
NIP1	TIF5	ma-bak-cepc-0007	1164.2929999999978	125.568	81.3348	-13.8685	268.822	244.288
MRPL20	MRPL49	ma-bak-cepc-0198	605.2279999999992	35.8817	28.7469	-11.3743	194.843	144.157
NOG1	RPL3	ma-bak-cepc-0826	570.9589999999953	97.8941	59.1315	-5.91757	288.015	170.038
SPP1	SWD3	ma-bak-cepc-0832	394.2999999999993	51.6112	48.7964	-4.74244	90.3596	19.4651
PFD1	PAC10	ma-bak-cepc-0629	199.2994999999992	6.70276	18.1161	-0.811127	-41.4564	-26.4856
COX11	COX19	ma-bak-cepc-0167	1508.6100000000006	73.8788	19.2886	-10.6425	274.74	98.488
MOB2	CBK1	ma-bak-cepc-0601	1982.7720000000045	87.9715	261.09	-43.0472	237.333	942.497
SKI6	RRP45	ma-bak-cepc-0615	1697.9389999999985	21.7671	21.0149	-36.1825	-4.20443	-4.04394
PRI2	POL12	ma-bak-cepc-0173	722.6969999999928	75.61	171.999	-4.69456	110.865	420.488
TSC3	LCB2	ma-bak-cepc-1084	1365.335999999999	6.00301	60.6604	-32.9967	20.7432	12.3766
COA2	SBH2	ma-bak-cepc-1090	397.6215000000002	8.26603	14.5334	-7.56756	51.5019	92.0678
MED4	MED1	ma-bak-cepc-1047	539.299500000001	85.8004	190.003	-16.1983	358.351	657.469
SRB2	RGR1	ma-bak-cepc-0359	410.50449999999546	16.1134	290.055	-5.63007	19.8544	759.521
MDM20	NAT3	ma-bak-cepc-1053	2573.881000000001	77.0668	27.2352	-68.5704	-167.976	42.4059
AIM29	ZPR1	ma-bak-cepc-0403	466.5034999999989	26.4136	123.796	-4.6304	56.1888	231.764
KTI12	ELP2	ma-bak-cepc-0365	1445.270999999997	36.4185	119.918	-13.854	-2.14361	97.8082
SQT1	RPL10	ma-bak-cepc-0371	1509.2839999999997	66.26	70.7427	-21.7722	136.935	104.302
MRPL28	MRPL35	ma-bak-cepc-0417	961.5010000000002	22.1138	55.3099	-31.4878	144.768	77.3781
MRPS5	NAM9	ma-bak-cepc-0349	710.4825000000019	38.9478	48.2079	-4.50174	159.288	-13.333
PRP46	CLF1	ma-bak-cepc-1057	1150.5964999999997	75.8165	77.8935	-28.6903	208.639	-80.008
PSY3	CSM2	ma-bak-cepc-1043	1387.3414999999986	38.9237	27.3171	-23.1531	67.0236	-2.32623
MRPL7	MRPL35	ma-bak-cepc-0413	512.5945000000029	34.4558	46.9013	-16.2288	122.238	57.2322
RPC25	RPC31	ma-bak-cepc-0375	230.1280000000006	17.458	89.1913	-3.42159	18.7586	461.189
LOT5	SMD1	ma-bak-cepc-0361	1221.5555000000022	69.1291	28.4393	-20.9368	302.935	116.78
MRPL7	MRP7	ma-bak-cepc-0407	619.6900000000023	30.1328	45.3735	-1.35385	96.1241	139.14
KTI11	ELP2	ma-bak-cepc-1094	273.54349999999977	7.46544	143.661	0.473659	12.1645	145.341
RPL13A	RPL35B	ma-bak-cepc-1080	857.0195000000003	16.0425	5.66528	-16.8807	120.396	17.4807
POL32	POL31	ma-bak-cepc-0639	2712.074499999999	114.09	62.8789	-60.4503	492.003	97.887
PRE10	PRE4	ma-bak-cepc-0177	468.7875000000022	52.4702	27.4851	-9.13737	117.632	45.3239
RPA43	RPA14	ma-bak-cepc-0611	1902.3689999999988	70.6105	26.6529	-48.3499	342.615	177.251
RPN11	RPN5	ma-bak-cepc-0605	614.4095000000016	46.2131	37.1383	-14.5448	124.139	-81.7645
RGR1	SOH1	ma-bak-cepc-0163	979.188000000002	259.095	19.3143	-15.3152	684.644	45.567
MDH2	MDH1	ma-bak-cepc-0188	1564.0870000000032	35.0969	28.8196	-37.4459	-10.0197	-3.22669
SGF11	UBP8	ma-bak-cepc-0836	2017.3489999999983	10.1081	46.162	-32.3935	44.7795	83.5842
SWP1	WBP1	ma-bak-cepc-0822	2893.1690000000017	28.3089	56.5617	-52.9924	101.431	55.3256
ETT1	TPA1	ma-bak-cepc-0981	894.2875000000022	42.5402	92.9455	-10.1108	30.7211	125.699
MRPL22	YML6	ma-bak-cepc-0759	188.40350000000035	47.1136	49.1768	5.48312	250.337	168.466
NIP7	NOP2	ma-bak-cepc-0995	1263.5819999999983	21.2434	151.14	-32.5796	23.2784	453.866
ERB1	BRX1	ma-bak-cepc-0003	1495.0349999999962	202.874	48.5865	-7.60553	757.653	123.181
COG5	COG7	ma-bak-cepc-0765	4031.629999999997	31.4588	61.796	-116.695	-8.455	233.084
RPL15B	PWP1	ma-bak-cepc-0771	1654.9659999999967	36.7555	89.7132	-22.4271	96.6797	316.869
CDC123	GCD11	ma-bak-cepc-0017	2366.792000000005	60.2701	88.5589	-14.1298	143.008	266.44
SPP382	CWC23	ma-bak-cepc-0942	2995.644	142.757	36.6449	-71.3435	372.3	82.9213
PRP11	HSH49	ma-bak-cepc-0956	479.8909999999996	56.822	40.237	-1.53599	222.756	44.9676
STP22	MVB12	ma-bak-cepc-0229	1581.3745000000015	54.5886	11.9849	-42.5976	159.523	85.2548
RSM25	RSM26	ma-bak-cepc-0567	1299.8735000000015	20.1616	38.7024	-13.7994	132.17	67.1805
MRPL25	MRPL10	ma-bak-cepc-0201	836.4300000000003	14.1244	60.871	-16.4249	49.3334	336.6
BUD31	URN1	ma-bak-cepc-0215	591.5240000000013	12.3	92.105	-8.19809	49.4501	314.447
EMC5	EMC2	ma-bak-cepc-0573	1784.9680000000008	9.07066	21.3931	-31.1597	64.4892	-99.0467
SNZ3	SNO1	ma-bak-cepc-0598	1341.5385000000006	27.0997	25.1842	-27.2596	-25.7938	15.3098
EMP47	SSP120	ma-bak-cepc-0599	2297.681499999999	61.8807	39.0008	-41.3305	170.602	132.142
RAD57	RAD55	ma-bak-cepc-0214	3466.011999999999	68.9022	113.8	-68.3792	133.471	413.808
ARC15	ARC40	ma-bak-cepc-0572	709.8059999999987	13.653	70.6433	-6.48449	13.2162	133.208
RSM25	RSM18	ma-bak-cepc-0566	541.8659999999982	15.0216	11.3534	-16.0168	113.021	69.3653
SPO11	REC102	ma-bak-cepc-0200	1550.1709999999985	41.6961	41.0005	-45.9685	41.9005	32.084
SPB1	RRP17	ma-bak-cepc-0228	1134.8584999999948	195.891	58.9315	-21.2291	743.063	259.744
PBP4	PBP1	ma-bak-cepc-0957	1250.1219999999958	71.3518	303.729	-32.2953	389.385	1386.75
RRP15	MAK11	ma-bak-cepc-0943	1614.8184999999976	105.474	111.017	-37.5773	404.246	292.719
RPL15B	RPL35B	ma-bak-cepc-0770	469.5920000000024	21.9925	6.09708	-8.95662	83.0158	22.9138
MDM10	TOM7	ma-bak-cepc-0016	982.0984999999964	105.551	5.47415	-25.0532	428.467	34.0157
TAF4	TAF9	ma-bak-cepc-0002	1801.5134999999973	156.007	32.2135	-43.6173	661.857	192.655
YAF9	SWC4	ma-bak-cepc-0764	2574.3195000000014	26.3013	59.7612	-79.9754	75.6678	314.997
DDC1	MEC3	ma-bak-cepc-0994	1152.7130000000034	219.87	110.08	-22.8582	750.431	424.734
MRPL22	MRPL3	ma-bak-cepc-0758	730.6419999999998	65.3327	61.5793	-10.8352	267.021	222.188
RRP40	RRP45	ma-bak-cepc-0980	985.1889999999984	18.7025	24.8965	-17.158	5.42882	12.0997
SWP1	STT3	ma-bak-cepc-0823	335.2100000000028	27.5938	134.76	-4.05854	124.69	92.5578
RPB10	RPB3	ma-bak-cepc-0189	1122.0164999999995	2.72909	55.2914	-21.2347	20.0027	197.645
SGF11	HFI1	ma-bak-cepc-0837	466.0454999999965	10.4381	138.431	-11.0459	55.7954	545.32
RPN11	RPN8	ma-bak-cepc-0604	3712.3825	24.0336	35.0186	-91.7986	95.9451	97.2486
CDC42	SKM1	ma-bak-cepc-0162	1090.1345000000038	21.7005	236.761	-17.4344	1.46762	558.197
SAR1	SEC23	ma-bak-cepc-0176	1639.2875000000022	18.9565	87.1539	-22.479	18.1724	13.8662
RPA43	RRN3	ma-bak-cepc-0610	1110.2125000000017	77.6012	128.254	-14.6721	329.778	272.834
LSM8	LSM2	ma-bak-cepc-0638	1104.5245000000004	12.0546	14.069	-25.8427	46.4685	13.7172
RPL13A	RPL4A	ma-bak-cepc-1081	130.7119999999995	15.317	39.5068	0.186846	106.18	191.048
ISD11	NFS1	ma-bak-cepc-1095	1228.9439999999995	6.49394	79.5273	-23.4988	0.209639	165.145
SRB2	SRB5	ma-bak-cepc-0360	2042.476999999999	15.8293	61.0361	-44.3359	11.5826	177.139
DAD2	SPC19	ma-bak-cepc-0406	1616.0965000000017	44.7511	26.558	-42.5511	158.716	101.187
MRPL7	MRPL16	ma-bak-cepc-0412	20.66600000000108	25.1374	39.1402	0.127502	98.9194	151.155
UPS2	MDM35	ma-bak-cepc-0374	1721.723	18.1842	4.54872	-44.4398	-9.96546	32.319
GLE1	NUP42	ma-bak-cepc-1042	1428.836000000003	82.6786	349.772	-26.7824	201.461	1344.78
PRP46	SNT309	ma-bak-cepc-1056	830.2760000000017	106.307	29.1191	-13.5453	276.839	128.241
NPL4	UFD1	ma-bak-cepc-0348	1998.2235	61.9273	77.2332	-35.998	95.7728	300.511
LSM2	LSM3	ma-bak-cepc-0438	1226.4444999999996	9.13861	9.35617	-31.1554	12.9361	39.4198
CLF1	CEF1	ma-bak-cepc-1040	3384.111499999999					
ERP3	ERV25	ma-bak-cepc-1054	1287.3735000000015	19.8746	14.9705	-28.9748	47.1411	14.7629
DAD2	ASK1	ma-bak-cepc-0404	1622.9540000000015	40.9859	132.337	-46.6217	150.82	584.999
LST4	LST7	ma-bak-cepc-0362	2690.1765000000014	355.796	35.1371	-66.4676	1117.52	53.3668
RPC25	RPC17	ma-bak-cepc-0376	2042.044	14.9456	23.9545	-49.4182	19.5699	52.7729
MRPL23	MRPL3	ma-bak-cepc-1068	602.8914999999979	7.98783	75.7583	-9.23585	46.545	251.257
MRPL7	MRPL17	ma-bak-cepc-0410	1295.3729999999996	23.8604	32.4762	-13.3749	118.961	143.199
COX19	PET117	ma-bak-cepc-1083	387.5929999999989	26.8558	5.80238	-2.55695	101.665	47.0037
NCB2	BUR6	ma-bak-cepc-1097	2464.4264999999978	24.5466	29.1043	-87.7115	66.2462	139.469
SWD2	REF2	ma-bak-cepc-0389	3422.131500000003	61.8444	168.595	-58.1506	49.8133	772.855
PDA1	PDB1	ma-bak-cepc-0148	1827.3285	56.6046	74.8951	-39.7266	131.487	126.507
STE18	STE4	ma-bak-cepc-0160	2688.834499999999	9.78373	72.7355	-78.4819	65.5923	205.13
RPN11	RPN6	ma-bak-cepc-0606	718.0809999999983	29.6889	34.1104	-18.4255	101.47	-64.2789
CIN2	CIN1	ma-bak-cepc-0612	1184.0820000000022	42.3711	93.5693	-17.0249	111.645	-167.184
SUI2	GCD11	ma-bak-cepc-0174	1215.2439999999988	28.8633	87.745	-25.3356	8.28262	198.0
SKI8	SPO11	ma-bak-cepc-0821	1484.630000000001	61.5785	43.7328	-28.8053	106.689	34.5875
DIG1	DIG2	ma-bak-cepc-0835	948.3559999999998	243.519	119.724	-28.6113	1148.73	620.947
MEC3	RAD17	ma-bak-cepc-0809	968.9249999999992	126.751	92.725	-21.7887	437.71	279.111
RPL36B	ERB1	ma-bak-cepc-0028	502.8614999999991	5.01195	232.755	-9.29457	30.3658	757.186
LEA1	ISY1	ma-bak-cepc-0996	699.8839999999982	49.4568	18.1068	-20.7918	116.079	115.345
ESA1	EPL1	ma-bak-cepc-0982	5140.626999999993	120.944	184.808	-95.6703	306.646	898.848
NAF1	SHQ1	ma-bak-cepc-0014	1096.7244999999966	219.855	66.3064	-34.1747	868.154	85.4693
RPL15B	RPL8B	ma-bak-cepc-0772	962.5529999999962	30.966	22.519	-29.7846	100.5	103.898
COG5	COG6	ma-bak-cepc-0766	1610.1589999999997	58.2014	108.279	-38.7289	47.7807	303.053
RDS3	HSH155	ma-bak-cepc-0955	1198.5784999999996	11.3934	109.429	-17.2211	73.3772	68.3659
MRPL13	MRPL3	ma-bak-cepc-0799	697.3420000000006	45.0601	73.9626	-13.7886	240.106	246.572
SPP382	NTR2	ma-bak-cepc-0941	2037.0409999999968	124.713	136.089	-63.9568	367.459	587.281
RCL1	NOP14	ma-bak-cepc-0969	1107.6479999999938	34.5389	120.334	-21.9846	24.3785	433.069
UTP18	UTP15	ma-bak-cepc-0558	950.627999999997	135.949	63.0772	-20.4173	514.985	155.991
RSM25	MRPS8	ma-bak-cepc-0570	841.5184999999983	18.9676	16.0134	-13.1184	128.579	4.43654
STE50	STE11	ma-bak-cepc-0216	1191.6389999999956	137.772	150.326	-32.9156	455.056	497.862
MRPL25	MRPL39	ma-bak-cepc-0202	480.34000000000015	11.9407	5.07768	-11.5045	48.4148	22.7484
RSM25	PET123	ma-bak-cepc-0564	679.5404999999992	21.5413	46.6572	-14.7356	110.293	226.402
TOM40	TOM22	ma-bak-cepc-0203	736.5655000000006	37.4811	37.7164	-19.9674	172.078	174.294
RSM25	MRP4	ma-bak-cepc-0565	1938.0419999999976	15.0512	73.7883	-40.9469	89.1609	215.119
SDS3	DEP1	ma-bak-cepc-0571	2818.9685000000027	115.546	144.899	-77.8712	456.131	632.123
RRP43	RRP6	ma-bak-cepc-0217	1828.9920000000056	45.7443	118.537	-22.3637	153.631	448.369
RPC10	RPB3	ma-bak-cepc-0559	594.7000000000007	17.655	62.5978	-12.9819	87.3522	197.761
LCL2	SCJ1	ma-bak-cepc-0968	1064.046999999999	16.8999	36.8917	-19.8979	71.2639	136.689
ATG17	ATG31	ma-bak-cepc-0940	1377.5119999999988	28.0577	49.727	-37.9978	-121.755	229.479
NUP49	NUP57	ma-bak-cepc-0798	3388.0605	243.835	322.138	-99.3691	911.827	1066.76
ASR1	UBC4	ma-bak-cepc-0954	619.8590000000004	58.5042	11.5239	-11.632	177.516	-20.2277
COG5	COG8	ma-bak-cepc-0767	788.2459999999992	36.1785	225.68	-20.9023	-1.2371	717.83
TAF4	TAF5	ma-bak-cepc-0001	708.1875	147.447	207.069	-15.807	642.595	549.806
TIF35	TIF34	ma-bak-cepc-0015	1603.3379999999995	41.8871	59.0688	-35.6631	226.179	51.5337
RPL15B	RPL13A	ma-bak-cepc-0773	396.5550000000003	28.205	16.702	-7.03324	80.4121	132.505
APC5	FOB1	ma-bak-cepc-0983	429.2810000000027	101.178	156.401	-9.26633	68.3212	588.769
MBF1	RPS26B	ma-bak-cepc-0029	577.0120000000006	16.4991	6.34015	-10.0732	121.787	89.0043
TMA46	RBG1	ma-bak-cepc-0997	2894.2925	40.3339	45.633	-57.4923	276.495	110.977
CUS1	HSH49	ma-bak-cepc-0808	1226.8345000000008	133.435	32.7066	-34.4588	654.621	57.8253
COF1	AIP1	ma-bak-cepc-0834	475.7684999999983	17.2402	82.7168	-5.78297	13.9156	55.3287
TIM50	TOM22	ma-bak-cepc-0820	727.5214999999989	108.309	34.0037	-13.1033	343.242	161.819
FAR3	FAR7	ma-bak-cepc-0613	3630.114499999996	23.806	22.9862	-106.628	64.0316	83.6588
SAR1	SEC12	ma-bak-cepc-0175	1179.0434999999998	25.5405	88.3917	-12.5627	64.5196	213.249
CDC42	RDI1	ma-bak-cepc-0161	1222.6400000000012	25.2339	20.138	-27.215	15.3483	45.5349
MIC19	SAM50	ma-bak-cepc-0607	1541.664000000001	32.7243	72.9917	-34.6932	127.487	192.212
SEN2	SEN34	ma-bak-cepc-0149	643.2704999999987	42.4543	28.7437	-7.94842	65.2683	67.3429
TFA1	TFB1	ma-bak-cepc-0388	1562.3434999999954	191.86	96.3264	-39.4792	669.095	425.312
SUS1	UBP8	ma-bak-cepc-1096	1118.2394999999997	4.1959	56.5894	-16.0854	-1.89081	124.792
RPL13A	BRX1	ma-bak-cepc-1082	61.84449999999924	18.6509	41.0093	0.0454126	141.837	99.3461
PSF1	DPB2	ma-bak-cepc-1069	1766.5579999999973	19.0577	152.664	-19.9071	25.8146	347.29
APL2	APM1	ma-bak-cepc-0377	3613.9825000000055	129.624	89.5857	-63.0993	284.996	223.609
MRPL7	MRPL36	ma-bak-cepc-0411	1340.908000000003	34.2162	50.8114	-19.934	141.772	330.628
DAD2	HSK3	ma-bak-cepc-0405	946.7095000000008	41.4092	2.23201	-24.2014	170.493	-2.45273
UTP11	RRT14	ma-bak-cepc-0363	1371.2945000000036	16.7572	21.3257	-35.644	130.473	106.488
PRP46	CWC23	ma-bak-cepc-1055	609.0709999999999	104.503	35.7771	-9.82503	224.086	101.621
MUM2	YG036	ma-bak-cepc-0439	1261.556500000006	165.468	325.277	-20.0159	607.296	1049.15
GLE1	DBP5	ma-bak-cepc-1041	1581.7959999999948	162.19	106.714	-19.9003	351.184	196.784
POP4	SNM1	ma-bak-cepc-0462	1481.5505000000012	41.3341	43.9596	-26.7322	116.574	221.634
TOA1	TOA2	ma-bak-cepc-0304	2932.3044999999984	169.542	14.7744	-97.2929	609.325	61.2418
GSP2	YRB1	ma-bak-cepc-0310	3052.235999999999	24.2282	40.5476	-65.0599	49.5882	188.612
MED6	MED8	ma-bak-cepc-0476	2283.270999999997	97.5183	41.6649	-58.5079	350.656	199.004
CBF5	GAR1	ma-bak-cepc-0338	895.9035000000003	85.9873	88.0459	-23.3735	232.55	334.985
ATP16	ATP15	ma-bak-cepc-1026	1109.174500000001	20.2179	3.33583	-25.2369	80.8532	32.7307
SLP1	EMP65	ma-bak-cepc-1032	1506.8944999999949	210.76	91.9229	-24.4304	760.135	149.123
YHS2	CIA1	ma-bak-cepc-0489	1107.009500000002	40.2511	58.4556	-16.1047	160.865	23.8025
RPS16B	RPS5	ma-bak-cepc-0106	1179.2765000000018	16.1489	27.5345	-28.7653	40.0774	106.227
SSN8	SSN3	ma-bak-cepc-0660	2119.5935000000027	28.1663	161.633	-43.9882	-9.60176	559.508
GPI8	GAA1	ma-bak-cepc-0674	1403.9424999999974	85.7377	73.4487	-16.6304	264.069	10.6368
MRP2	RSM27	ma-bak-cepc-0112	1056.6409999999996	10.9809	4.96463	-25.5387	38.6071	57.3717
UTP15	NOC4	ma-bak-cepc-0884	645.9049999999988	84.6449	66.8052	-6.63695	211.323	61.643
RSM7	MRP10	ma-bak-cepc-0648	815.6274999999987	42.7681	12.0726	-20.4057	148.052	75.8548
GRH1	SEC23	ma-bak-cepc-0890	1649.7834999999975	137.228	77.9209	-23.8264	411.623	9.19126
TFB3	RAD3	ma-bak-cepc-0847	1455.583999999999	25.8261	76.9168	-19.8059	60.1628	-89.9752
TRS31	TRS23	ma-bak-cepc-0853	557.0240000000013	73.1343	50.7888	-7.01291	281.503	140.451
RHO1	LRG1	ma-bak-cepc-0072	1283.974000000002	35.7426	159.114	-13.7015	87.5948	325.7
RRP46	RRP43	ma-bak-cepc-0714	1525.9544999999962	26.9614	49.9117	-28.4978	-13.6336	198.944
USE1	SEC20	ma-bak-cepc-0700	1581.335999999999	50.8705	114.585	-39.6607	173.312	316.711
RPS13	KRI1	ma-bak-cepc-0066	1731.8400000000038	21.728	161.156	-45.169	44.4585	724.602
TIM13	TIM8	ma-bak-cepc-0728	1892.6545000000008	17.4753	5.345	-49.4968	73.8354	11.2195
VTA1	VPS4	ma-bak-cepc-0933	459.46900000000096	86.2799	45.5747	-6.84698	252.202	60.2831
GMC2	ECM11	ma-bak-cepc-0927	3111.786	31.3331	123.624	-79.6077	126.754	547.25
RPL20B	RPL21A	ma-bak-cepc-0099	874.7890000000007	10.0832	8.98119	-18.7383	40.8266	50.6581
RPS14B	RPS26B	ma-bak-cepc-0516	884.0139999999992	22.3713	13.8824	-14.1517	72.4542	103.498
TPD3	CDC55	ma-bak-cepc-0270	1763.453000000001	70.7887	142.893	-33.8911	-11.963	437.018
PRE4	PRE2	ma-bak-cepc-0264	648.1799999999985	22.7514	27.958	-10.5801	31.7965	54.9486
REV7	REV1	ma-bak-cepc-0502	1913.8870000000024	29.3594	245.29	-35.608	42.23	673.931
RPL8B	RPL27A	ma-bak-cepc-0258	265.27700000000004	21.1587	14.9158	-2.64288	103.775	12.5061
RPL8B	NOP7	ma-bak-cepc-0259	212.6284999999989	27.752	99.0419	-1.50359	108.105	341.478
CRM1	YRB1	ma-bak-cepc-0265	892.5835000000006	77.0497	48.3178	-13.4179	-262.719	203.208
RAD55	CSM2	ma-bak-cepc-0503	1384.7180000000008	109.554	26.766	-31.5965	408.958	12.4108
RPS14B	FAP7	ma-bak-cepc-0517	1401.9635000000017	22.2063	15.9652	-29.6744	71.7194	10.5593
CCR4	POP2	ma-bak-cepc-0271	1307.4550000000015	253.942	139.132	-22.4485	730.869	407.529
EST2	EST3	ma-bak-cepc-0926	1567.1555000000008	96.5051	19.0989	-25.8697	-111.295	30.051
RPL20B	RPL14B	ma-bak-cepc-0098	717.2784999999985	9.34403	11.3992	-20.0742	36.7436	25.8771
YSH1	PFS2	ma-bak-cepc-0932	483.39250000000175	133.843	98.0472	-6.05763	258.658	264.868
GPI1	ARV1	ma-bak-cepc-0729	955.626500000002	57.8351	36.4549	-20.6525	12.338	-6.82348
USE1	SEC39	ma-bak-cepc-0701	1114.3315000000002	55.3595	76.6732	-29.2274	217.595	-82.7862
RAD6	BRE1	ma-bak-cepc-0067	753.5555000000022	21.0662	120.16	-19.8184	21.7843	268.477
RHO1	RDI1	ma-bak-cepc-0073	1285.7104999999992	36.0157	27.3285	-21.6888	83.7839	55.3863
RRP46	CSL4	ma-bak-cepc-0715	499.2390000000014	23.7425	72.1676	-3.97158	-24.0552	261.902
TRS31	TRS20	ma-bak-cepc-0852	2143.802999999998	65.857	27.7309	-37.1799	256.211	61.827
HEH2	YJE9	ma-bak-cepc-0846	400.9100000000035	315.872	54.3666	-7.25211	1004.28	123.906
GRH1	BUG1	ma-bak-cepc-0891	1790.1365000000003	94.2215	182.958	-32.3093	360.054	660.748
RSM7	MRP4	ma-bak-cepc-0649	569.1645000000026	34.2884	92.8424	-15.8354	142.954	247.869
VTI1	PEP12	ma-bak-cepc-0885	2198.3330000000024	13.6494	33.2991	-54.5959	-39.5104	33.9774
GPI8	GPI17	ma-bak-cepc-0675	2719.9175	91.6337	57.6568	-45.7315	272.425	45.0918
MTF2	SLS1	ma-bak-cepc-0113	4424.267500000002	88.7578	99.6952	-67.1425	316.805	297.876
RPL12B	RMT2	ma-bak-cepc-0107	755.4799999999996	18.5119	51.7835	-5.53502	21.0651	101.528
ENP2	RPS7A	ma-bak-cepc-0661	199.79999999999563	154.724	10.8624	-0.590473	568.83	14.0598
LSM12	PBP1	ma-bak-cepc-0488	2164.8105	16.1572	356.165	-51.844	58.0284	1452.78
DAD1	DAD3	ma-bak-cepc-1033	1225.7914999999994	15.8582	19.8202	-39.1878	77.8418	48.6758
ATP16	ATP3	ma-bak-cepc-1027	972.4220000000024	20.0236	46.0946	-25.8753	65.8446	83.6742
CBF5	NOP10	ma-bak-cepc-0339	1391.8919999999998	85.7806	3.3861	-39.5999	235.097	16.7425
GSP2	KAP95	ma-bak-cepc-0311	2130.0260000000017	43.008	62.1223	-24.8517	114.611	-237.142
RPP1	POP5	ma-bak-cepc-0477	1169.8475	62.5399	9.58424	-30.2021	127.635	19.39
REI1	RPL22A	ma-bak-cepc-0463	1250.6645000000026	72.2959	15.7444	-15.5311	311.389	55.3873
PEX2	PEX10	ma-bak-cepc-0305	2206.223000000002	29.9454	44.1806	-61.0472	87.9281	77.204
MED6	SRB4	ma-bak-cepc-0475	1305.843000000008	82.431	168.883	-24.7341	334.609	592.129
SSO1	SEC9	ma-bak-cepc-0313	2950.503999999993	27.3666	251.508	-86.5085	50.031	1044.88
YKU70	YKU80	ma-bak-cepc-0307	10543.8845	85.364	69.1126	-269.572	227.418	245.896
SAS10	MPP10	ma-bak-cepc-1019	2604.2774999999965	188.208	252.769	-59.9596	894.694	1018.0
POP4	RPR2	ma-bak-cepc-0461	1464.4800000000014	73.9838	20.2104	-36.5112	166.108	89.1996
UMP1	PUP1	ma-bak-cepc-0449	990.798499999999	23.5586	22.3827	-22.6556	125.561	88.037
UBX3	DSC2	ma-bak-cepc-1031	1235.3040000000035	89.1616	75.6789	-10.4796	243.315	252.256
YRA1	SUB2	ma-bak-cepc-1025	1435.8104999999996	69.2009	97.0429	-26.215	284.165	191.964
PRI1	PRI2	ma-bak-cepc-0111	939.799500000001	52.4577	83.2847	-19.9796	-9.19197	113.43
PEX21	SES1	ma-bak-cepc-0677	1121.7869999999966	110.179	43.4921	-20.3427	492.103	-25.6405
MTR3	RRP43	ma-bak-cepc-0663	2126.677499999998	34.9644	44.3901	-29.4164	104.4	165.035
RPL18B	RPL4A	ma-bak-cepc-0105	1113.5370000000005	16.1808	40.9905	-26.0502	73.9514	225.658
GIM5	PFD1	ma-bak-cepc-0893	145.30499999999847	8.91248	4.49103	-0.215556	-18.645	-42.5709
VTI1	TLG1	ma-bak-cepc-0887	1855.726499999997	10.8287	36.6129	-55.3842	-50.1479	103.466
NOP1	NOP58	ma-bak-cepc-0139	1242.2479999999996	91.0881	75.1304	-24.6444	283.804	172.092
GPI17	GPI16	ma-bak-cepc-0878	2423.5625	59.0915	97.2395	-53.3037	44.243	161.06
GCN5	ADA2	ma-bak-cepc-0850	4417.301000000003	86.6013	112.066	-89.8377	204.105	186.51
BRR6	BRL1	ma-bak-cepc-0688	469.4099999999962	35.7171	200.925	-10.3751	100.629	848.283
YML9	YL032	ma-bak-cepc-0844	4016.8925000000017	203.158	148.884	-41.6794	921.89	288.547
RPS13	KRR1	ma-bak-cepc-0065	652.9070000000029	12.4007	26.224	-10.4852	4.52546	119.938
SGF73	SPT20	ma-bak-cepc-0703	776.6264999999985	351.809	233.882	-24.166	1498.49	922.281
RRP46	RRP40	ma-bak-cepc-0717	1251.3364999999994	17.5777	23.7596	-21.9297	-30.0658	14.5475
RHO1	SAC7	ma-bak-cepc-0071	823.4235000000044	42.3357	290.078	-13.6573	110.507	1061.83
RPL6B	RPL14B	ma-bak-cepc-0059	516.0645000000004	17.0166	8.48191	-14.4203	76.2263	11.9588
DUS4	YP108	ma-bak-cepc-0918	2360.2829999999976	37.5666	24.4518	-47.7643	11.1834	101.999
MRD1	RRP36	ma-bak-cepc-0924	918.3575000000056	209.996	85.8806	-16.519	740.059	355.518
SMD2	SMX3	ma-bak-cepc-0930	776.9759999999987	10.7303	13.9514	-19.9238	5.95048	40.6806
HSP10	HSP60	ma-bak-cepc-0501	487.78700000000026	10.1324	60.8217	-13.4138	32.4392	60.2232
ATP7	ATP17	ma-bak-cepc-0267	890.0874999999996	8.55709	14.5648	-13.6188	51.4628	83.1726
SRP21	SRP72	ma-bak-cepc-0273	743.8544999999976	59.4239	97.0162	-13.9266	256.688	168.773
TIM17	MGR2	ma-bak-cepc-0515	858.0079999999998	13.7659	15.8357	-25.0006	60.0156	70.1019
NOC2	MAK16	ma-bak-cepc-0529	1004.141499999998	102.696	92.0475	-13.3312	206.238	342.845
SRB5	SRB4	ma-bak-cepc-0298	696.1729999999952	65.0765	157.322	-5.62684	221.778	528.764
SRB5	MED8	ma-bak-cepc-0299	1268.4935000000005	76.7549	35.2237	-27.8079	270.535	176.092
RVS167	YP077	ma-bak-cepc-0528	615.0544999999984	153.762	128.405	22.839	528.559	488.755
VPH2	VMA22	ma-bak-cepc-0272	761.6065000000017	22.3507	32.4392	-23.4233	43.4821	103.474
PCF11	CLP1	ma-bak-cepc-0514	3423.927499999998	140.603	44.441	-77.7158	484.584	12.3776
CHL4	MCM21	ma-bak-cepc-0500	1807.2380000000007	48.0606	69.9696	-35.6751	106.182	221.409
ATP7	ATP4	ma-bak-cepc-0266	2961.218499999999	9.64834	34.7241	-94.0139	82.207	135.579
YSH1	MPE1	ma-bak-cepc-0931	1271.515500000001	144.492	103.726	-21.4688	278.94	429.943
YL271	PRP43	ma-bak-cepc-0925	339.1790000000001	80.7045	76.0424	1.21879	280.91	-78.5819
MRPL51	MRPL3	ma-bak-cepc-0919	1450.5225000000028	9.58946	71.1354	-21.1101	44.62	237.368
RPL6B	RPL32	ma-bak-cepc-0058	169.02900000000045	16.9032	15.9056	-1.65408	60.6141	77.1011
RRP46	RRP45	ma-bak-cepc-0716	1104.313	20.0121	28.1254	-15.4741	-30.0264	18.7729
CDC7	DBF4	ma-bak-cepc-0070	5534.409	61.2522	305.577	-115.685	177.886	1252.23
RPS3	RPS10B	ma-bak-cepc-0064	1090.348500000002	20.725	9.82373	-17.0109	86.3752	17.4377
SGF73	UBP8	ma-bak-cepc-0702	3331.186499999996	333.182	41.3535	-64.3893	1321.09	97.8248
MRPS17	MRPS28	ma-bak-cepc-0845	1579.8665	17.5961	37.0845	-31.9317	21.0009	84.3345
EMC4	EMC2	ma-bak-cepc-0689	1454.360999999999	24.9735	21.506	-38.5705	111.871	-80.24
TRS31	BET3	ma-bak-cepc-0851	1736.0865000000013	62.8706	16.6432	-38.6435	256.068	11.2667
GPI19	SPT14	ma-bak-cepc-0879	1653.2659999999996	6.91416	67.4404	-24.7363	45.2989	-2.55291
VTI1	VAM7	ma-bak-cepc-0886	1943.3115	6.71286	40.2487	-51.4419	-41.631	152.254
NOP1	DBP3	ma-bak-cepc-0138	1090.804500000002	89.9715	74.2649	-19.7809	257.92	94.7306
SPC24	NDC80	ma-bak-cepc-0892	857.2354999999952	40.2687	142.767	-19.9914	181.94	338.668
ENP2	BFR2	ma-bak-cepc-0662	1640.7774999999965	164.007	141.697	-41.2988	574.802	653.438
RPL18B	RPL28	ma-bak-cepc-0104	678.5699999999997	26.0445	14.5122	-3.04502	78.4248	97.6813
PET122	PET54	ma-bak-cepc-0110	1614.4850000000006	27.023	58.3049	-30.193	-22.831	172.92
MIC26	MIC10	ma-bak-cepc-0676	37.02700000000005	19.8729	26.7787	0.186519	68.4627	93.8151
SSF2	RRP15	ma-bak-cepc-1024	1618.2379999999976	76.7155	82.1871	-34.5776	310.79	380.204
POP7	POP1	ma-bak-cepc-0448	1186.4330000000043	15.4988	113.074	-18.4661	68.7828	241.337
NFI1	UBC9	ma-bak-cepc-1030	805.4689999999973	319.982	14.0572	-10.9399	1168.2	-18.0604
SPC3	SPC1	ma-bak-cepc-1018	1034.8140000000003	18.8576	14.9798	-34.2139	29.7251	37.5239
EMP24	ERV25	ma-bak-cepc-0306	1924.7915000000007	36.4923	15.3009	-43.6314	71.6141	8.92228
TRS20	TRS85	ma-bak-cepc-0460	1293.9055000000008	27.6636	116.501	-31.5282	64.4593	230.902
PIH1	TAH1	ma-bak-cepc-0474	1074.601500000001	86.2464	5.04173	-26.6166	279.904	-3.39453
PEP12	SFT2	ma-bak-cepc-0312	643.5714999999982	28.3727	36.6983	-18.2876	21.7094	89.8231
NYV1	VAM7	ma-bak-cepc-1034	1365.558000000001	32.8699	50.8982	-34.0254	47.6171	197.767
ENP1	LTV1	ma-bak-cepc-0458	2449.863000000005	119.104	93.9184	-56.4875	392.328	590.024
SAS10	NOC4	ma-bak-cepc-1020	2459.833000000006	163.26	75.1901	-38.4645	884.941	59.4695
IMP3	UTP11	ma-bak-cepc-0316	768.2249999999985	12.1131	25.1172	-16.0135	22.0643	158.354
FCF2	UTP6	ma-bak-cepc-1008	1823.155999999999	46.8567	42.1246	-52.5706	210.01	4.59542
ATX1	CCC2	ma-bak-cepc-0470	447.15599999999904	6.50687	125.057	-5.58897	-6.08657	119.622
PAF1	CDC73	ma-bak-cepc-0464	449.98250000000553	128.299	78.6751	-3.08879	628.175	255.598
TCA17	TRS130	ma-bak-cepc-0302	1466.4285000000018	11.8904	111.062	-32.4947	1.62987	-80.6673
GIM5	GIM3	ma-bak-cepc-0896	231.1869999999999	7.6622	5.35404	-3.75007	-22.0791	-23.2471
CAP2	CAP1	ma-bak-cepc-0128	3662.4174999999977	26.199	22.1734	-95.608	1.48325	16.1864
RAD33	RAD14	ma-bak-cepc-0882	1248.933000000001	18.2739	85.2639	-29.5206	17.473	360.191
VMA10	GTF1	ma-bak-cepc-0672	275.08650000000125	6.05507	36.0177	-5.36741	6.2008	229.87
BIK1	PAC1	ma-bak-cepc-0114	835.9225000000006	145.087	91.8338	-8.79599	484.374	74.265
RPS4B	RPS24B	ma-bak-cepc-0100	448.48199999999815	31.1008	8.2915	-11.4908	20.7622	21.2166
MTR3	RRP6	ma-bak-cepc-0666	873.3300000000017	42.1259	124.358	-9.96112	133.213	444.378
CWC21	TAD1	ma-bak-cepc-0855	569.6885000000002	22.0576	45.119	-14.0211	84.3831	16.0246
SNO1	TAE1	ma-bak-cepc-0841	283.09399999999914	27.9751	21.1761	-1.19488	14.1884	-16.4024
SLD3	SLD7	ma-bak-cepc-0699	2455.539499999999	230.287	24.6865	-53.2771	910.683	32.0293
TAF12	TAF6	ma-bak-cepc-0869	741.0350000000035	204.93	74.7113	-11.2204	803.506	287.815
RPL25	RPL35B	ma-bak-cepc-0048	797.018	9.14857	5.11587	-15.527	36.5751	26.3916
JAC1	ISU1	ma-bak-cepc-0706	845.3574999999983	16.3568	29.4947	-16.9235	-5.22283	101.238
RPS3	RPS17B	ma-bak-cepc-0060	530.8744999999999	21.6637	12.3664	-12.7727	68.5231	43.2525
SNF1	SNF4	ma-bak-cepc-0074	1986.6609999999964	181.327	34.2367	-28.281	484.205	-12.6293
COX18	COX20	ma-bak-cepc-0712	126.96700000000055	43.9859	51.1638	-1.90122	105.015	199.989
COG4	COG2	ma-bak-cepc-0921	3932.332000000002	132.505	30.1579	-91.3194	91.1807	70.0429
TFC6	TFC8	ma-bak-cepc-0935	2145.1330000000016	176.706	67.5201	-24.4225	478.108	22.8248
TAF9	TAF5	ma-bak-cepc-0909	1315.9524999999994	29.6175	212.577	-21.2637	144.735	613.423
GET2	GET1	ma-bak-cepc-0538	1549.0199999999968	59.1249	21.5236	-40.958	261.845	51.8964
ERG9	ERG26	ma-bak-cepc-0262	1068.148499999999	29.7352	28.9722	-18.7707	-106.545	-52.738
SHU2	SHU1	ma-bak-cepc-0504	1425.6765000000014	27.0353	11.889	-34.4353	41.2456	-0.654101
CCT2	CCT6	ma-bak-cepc-0510	1478.0244999999995	34.4554	38.4675	-25.3938	-51.0691	-53.8527
MRP20	MRPL3	ma-bak-cepc-0276	662.7085000000006	63.2198	65.0506	-10.507	220.93	226.019
PRP19	CEF1	ma-bak-cepc-0289	1178.8145000000004	89.1651	97.977	-32.4615	136.011	483.985
GCD6	GCD7	ma-bak-cepc-0288	1311.0184999999983	124.328	59.4034	-14.1459	257.276	144.905
CCT3	CCT6	ma-bak-cepc-0511	2685.910499999998	50.0241	47.2166	-30.9947	17.0888	-16.9257
MRP20	MRPL13	ma-bak-cepc-0277	355.0769999999975	39.084	43.1259	-6.49048	204.606	233.177
PRE4	PUP1	ma-bak-cepc-0263	855.0809999999983	22.9468	30.7039	-17.0256	50.7503	82.2319
UME6	ATG19	ma-bak-cepc-0505	912.9669999999896	693.688	165.095	-22.1758	2488.66	507.505
GET2	GET3	ma-bak-cepc-0539	1195.945499999998	53.8029	36.9879	-32.0474	253.47	51.637
TAF9	TAF13	ma-bak-cepc-0908	1657.3739999999998	32.0178	56.2093	-47.2025	178.817	227.788
EMG1	NOP14	ma-bak-cepc-0934	149.5755000000063	22.4081	115.258	-0.420021	65.0528	410.881
SNT309	CEF1	ma-bak-cepc-0920	1801.093500000003	20.9454	82.2325	-50.5227	98.0778	506.671
RAD3	SSL1	ma-bak-cepc-0075	840.6135000000068	70.24	105.954	-9.47113	-80.5654	309.521
PEX8	PEX5	ma-bak-cepc-0713	1699.9089999999997	51.2815	209.819	-23.6662	-153.156	686.019
CUL3	HRT1	ma-bak-cepc-0707	2217.350000000002	91.5573	34.798	-60.3472	6.67838	149.866
RPS3	ASC1	ma-bak-cepc-0061	598.6800000000003	17.5551	55.8294	-14.952	52.0226	55.0326
RPL25	NOP7	ma-bak-cepc-0049	149.66600000000108	9.77209	92.9859	-1.07477	39.3511	330.035
OST6	STT3	ma-bak-cepc-0868	2340.857	56.6827	104.191	-68.0604	119.701	2.92643
PEX14	PEX17	ma-bak-cepc-0698	1675.331000000002	101.062	42.3294	-37.9268	389.373	183.278
ERO1	MPD2	ma-bak-cepc-0840	657.9035000000003	111.863	23.2661	-3.87177	370.83	44.8133
PEX29	PEX30	ma-bak-cepc-0854	1715.3084999999992	329.521	136.584	-44.9821	716.482	525.203
RPS4B	RPS6B	ma-bak-cepc-0101	304.0870000000032	29.9444	27.4683	-9.69753	13.6657	27.3032
MTR3	RRP42	ma-bak-cepc-0667	1122.9804999999997	37.4296	22.6426	-18.6865	136.031	-16.3032
COQ5	COQ3	ma-bak-cepc-0673	725.9480000000003	63.9901	49.1571	-13.5398	103.964	86.837
TAF13	TAF6	ma-bak-cepc-0115	1570.7495000000015	71.731	75.8456	-49.7874	222.605	249.907
RAD33	RAD34	ma-bak-cepc-0883	1210.400999999998	14.1624	132.848	-37.6611	14.465	350.261
MRPL1	MRP49	ma-bak-cepc-0897	827.2160000000022	32.5814	16.2666	-23.9663	86.5413	20.9269
CAP2	TWF1	ma-bak-cepc-0129	1346.543999999998	31.0707	48.9751	-16.2651	-4.63273	146.526
SAP30	SDS3	ma-bak-cepc-0465	1004.7875000000022	79.1807	112.602	-25.4256	323.126	454.233
IES6	ARP5	ma-bak-cepc-0303	3510.735999999997	15.7386	65.1891	-79.185	122.236	43.0004
THP3	THP1	ma-bak-cepc-1009	1690.0604999999996	155.304	49.09	-25.2582	484.999	-44.2093
IMP3	UTP7	ma-bak-cepc-0317	970.5514999999978	11.5164	62.1482	-16.6526	27.0906	179.664
SRP68	SRP72	ma-bak-cepc-0471	4837.947					
ENP1	NOP14	ma-bak-cepc-0459	2286.7969999999987					
NSL1	NNF1	ma-bak-cepc-1021	805.531500000001	18.2216	13.8691	-17.8055	81.2175	44.1164
NYV1	YG1A	ma-bak-cepc-1035	1721.697	29.4424	29.1094	-50.4119	23.3478	66.0267
PSF3	SLD5	ma-bak-cepc-1023	262.65949999999793	21.0849	52.2861	-2.41573	34.5797	140.878
SPT4	SPT5	ma-bak-cepc-0329	1388.6545000000042	6.6688	510.215	-35.4669	32.5509	1770.97
TAF3	TAF10	ma-bak-cepc-1037	1491.659499999998	78.3258	80.9037	-44.5109	432.346	316.576
VMA8	VMA7	ma-bak-cepc-0301	1802.5470000000005	28.9094	13.8907	-50.278	25.1507	16.1695
PRE3	PRE10	ma-bak-cepc-0467	419.9315000000006	20.8695	61.2639	-3.71623	35.9865	140.329
VPS29	VPS35	ma-bak-cepc-0473	3733.378499999992	72.4018	107.377	-62.8731	244.054	74.4218
IMP3	PWP2	ma-bak-cepc-0315	1072.2785000000003	18.1694	179.969	-11.9698	42.2352	371.048
RPN10	RPN8	ma-bak-cepc-0498	675.7049999999981	50.2155	46.9121	-8.98021	105.284	156.407
SSN8	KIN28	ma-bak-cepc-0659	919.8179999999992	40.978	42.642	-18.6741	-11.0456	-21.5917
TAF11	TAF13	ma-bak-cepc-0881	1815.3215000000016	52.363	55.8825	-52.6359	167.3	225.061
GIM5	YKE2	ma-bak-cepc-0895	665.3324999999986	8.06998	4.53385	-20.3247	-21.3386	-28.5082
MTR3	CSL4	ma-bak-cepc-0665	1788.1209999999992	27.653	62.6404	-20.8684	133.395	245.555
RPL23B	RPL3	ma-bak-cepc-0103	387.7614999999987	12.41	50.5342	-4.13909	27.1175	139.673
MRP7	MRPL27	ma-bak-cepc-0117	231.29949999999727	45.3325	63.2232	4.11981	143.307	241.565
RBL2	TUB2	ma-bak-cepc-0671	1137.2300000000014	6.53348	48.6808	-25.0094	-30.7545	16.9393
RSM10	MRP2	ma-bak-cepc-0842	1317.9564999999984	32.6449	8.75749	-33.9271	116.277	28.4708
SLD5	CTF4	ma-bak-cepc-0856	710.2374999999956	46.7526	221.937	-16.7929	108.332	554.036
YN8B	YP063	ma-bak-cepc-0739	2235.7080000000024	39.8832	28.2251	-44.0808	-5.37166	121.256
COX18	MSS2	ma-bak-cepc-0711	1704.0269999999982	37.2768	31.9739	-32.2756	96.7229	1.96408
ATP1	ATP12	ma-bak-cepc-0077	1911.7609999999984	86.642	38.4392	-17.513	124.409	109.843
RPS3	RPS29A	ma-bak-cepc-0063	402.0630000000001	24.4734	11.0076	-9.07386	85.376	57.5782
HOP2	MND1	ma-bak-cepc-0705	4433.257499999998	22.5154	10.1151	-139.169	50.1625	15.6024
ESF1	RPS11B	ma-bak-cepc-0936	1732.3400000000038	142.163	14.9983	-39.3884	724.546	98.6826
GCD1	GCD6	ma-bak-cepc-0088	1305.328000000001	111.647	111.499	-29.2129	424.994	315.016
RPN7	RPN3	ma-bak-cepc-0922	1227.892499999998	46.6476	65.0352	-26.2001	18.357	71.1839
POP5	POP1	ma-bak-cepc-0249	1081.182499999999	17.1566	118.909	-22.7596	67.0849	274.64
TFC1	TFC8	ma-bak-cepc-0275	503.4959999999992	117.317	70.928	-7.06139	465.678	21.8039
CCT6	CCT8	ma-bak-cepc-0513	2330.8044999999984	35.4367	40.5339	-45.5367	-23.2137	50.6264
STT3	WBP1	ma-bak-cepc-0507	1657.3244999999988	91.3687	64.8807	-23.8102	27.1709	84.9688
SEC65	SRP54	ma-bak-cepc-0261	940.4445000000014	52.898	89.5037	-25.3999	255.06	220.406
KRE9	SKN1	ma-bak-cepc-0506	3304.5840000000026	30.4694	437.85	-53.1825	153.378	1194.81
PAP1	MPE1	ma-bak-cepc-0260	1510.614499999996	79.5665	148.006	-26.0145	72.9945	524.755
SRP21	SRP14	ma-bak-cepc-0274	2103.117	48.3866	20.7358	-48.138	165.671	96.9492
CCT3	CCT5	ma-bak-cepc-0512	1330.853500000001	43.9702	39.1662	40.6094	-22.4689	-11.5968
POP5	POP7	ma-bak-cepc-0248	494.89800000000105	10.8926	18.4186	-3.72884	29.8653	74.6061
RPN7	RPN8	ma-bak-cepc-0923	557.8704999999973	66.4098	42.9268	-17.7244	39.2526	123.026
ESF1	ESF2	ma-bak-cepc-0937	414.5665000000008	155.025	99.8275	-5.17778	728.083	389.433
SUI3	GCD11	ma-bak-cepc-0089	1309.2099999999991	99.4753	85.0003	-30.6066	389.313	237.051
RPS3	RPS20	ma-bak-cepc-0062	386.3755000000001	19.6389	17.0233	-5.7702	78.6646	58.3023
SGF73	HFI1	ma-bak-cepc-0704	1915.2619999999952	333.309	158.565	-36.1517	1406.41	597.325
TIM21	TIM17	ma-bak-cepc-0710	1062.392499999998	52.1978	14.8715	-19.6073	231.708	71.3502
ATP1	ATP2	ma-bak-cepc-0076	1656.5604999999996	93.1153	59.7653	-17.8127	160.498	86.3914
YN87	PBP1	ma-bak-cepc-0738	714.650999999998	144.996	316.29	-16.5929	588.649	1407.23
NHP10	IES5	ma-bak-cepc-0857	1401.5824999999986	38.5784	8.64183	-47.1216	136.68	56.8951
RSM10	RSM24	ma-bak-cepc-0843	2319.8044999999984	26.2901	44.1836	-57.2763	90.3005	217.541
MAS2	MAS1	ma-bak-cepc-0116	2333.197	60.6249	45.952	-30.8465	23.1191	13.7723
MSB3	SEC4	ma-bak-cepc-0670	1347.671000000002	206.886	45.6437	-13.1123	642.436	104.737
MTR3	RRP46	ma-bak-cepc-0664	102.91049999999814	37.6093	27.1681	-1.95984	128.093	-25.0159
RPS8B	RPS11B	ma-bak-cepc-0102	626.7090000000007	18.25	19.4278	-5.80636	100.471	90.7852
GIM5	PAC10	ma-bak-cepc-0894	1327.1584999999995	11.3659	17.5133	-37.8725	-16.9592	-13.947
UTP5	UTP15	ma-bak-cepc-0880	2310.75	165.174	82.5572	-49.2802	549.578	205.058
YJ9I	YSH1	ma-bak-cepc-0658	578.2675000000017	38.5005	127.333	-2.57848	36.4741	240.084
CHL4	IML3	ma-bak-cepc-0499	1527.143500000002	112.176	23.2053	-35.5694	198.915	30.1178
RPS20	RPS29A	ma-bak-cepc-0472	713.6355000000003	11.0083	6.80904	-17.226	46.6586	53.4633
TIM23	TIM17	ma-bak-cepc-0314	848.531500000001	44.9219	17.6857	-16.7551	182.67	68.7652
SEC17	SEC18	ma-bak-cepc-0300	692.8364999999976	16.942	79.7836	-9.90763	-65.8405	65.0156
LEO1	PAF1	ma-bak-cepc-0466	5154.853500000005	208.225	108.081	-94.7927	788.114	581.039
TAF3	SAP30	ma-bak-cepc-1036	588.3414999999986	80.1199	79.2476	-7.64506	434.607	315.558
VPS17	VPS5	ma-bak-cepc-0328	2713.841999999997	130.301	223.161	-70.5118	364.558	775.731
PSF3	PSF2	ma-bak-cepc-1022	1368.4164999999994	29.5217	23.1251	-33.7404	48.0858	57.5694
RXT2	DEP1	ma-bak-cepc-0443	865.9570000000022	115.339	166.306	-21.5764	531.761	622.112
RPC34	BRF1	ma-bak-cepc-0325	1118.5515000000014	42.3784	116.247	2.24333	139.825	517.103
YPT7	MON1	ma-bak-cepc-0331	1595.1634999999987	21.8716	174.052	-17.2943	72.0643	486.804
SWC5	SWC3	ma-bak-cepc-0457	347.96100000000297	84.2625	255.036	-0.133529	418.312	790.472
MRPL6	MRPL44	ma-bak-cepc-0319	498.9934999999987	16.8351	8.79007	-1.86598	35.7174	-13.1983
FCF2	NOP1	ma-bak-cepc-1007	1705.208999999999	37.0485	82.1003	-31.4664	200.052	257.968
NOP53	NOP7	ma-bak-cepc-1013	1588.224500000004					
RRP4	SKI6	ma-bak-cepc-0480	1788.914499999999	66.9602	27.9571	-27.432	220.899	5.35522
IKI1	ELP4	ma-bak-cepc-0494	1653.7795000000006	33.5971	113.67	-25.1019	120.456	387.484
HAP3	HAP5	ma-bak-cepc-0127	2922.851499999997	26.5416	76.5389	-103.688	104.002	331.52
NPA3	GPN3	ma-bak-cepc-0641	2069.237500000003	86.9428	34.5476	-39.1884	151.191	23.0588
SSL1	TFB1	ma-bak-cepc-0899	2656.2874999999985	80.9014	88.5876	-51.9341	288.812	345.764
ENT3	GGA2	ma-bak-cepc-0655	238.7094999999972	211.737	173.34	0.769527	781.983	465.77
SAM35	SAM37	ma-bak-cepc-0133	1583.4375	47.4138	37.5189	-19.7997	99.0198	27.8758
RIM21	DFG16	ma-bak-cepc-0669	4195.211000000003	138.343	156.923	-107.331	366.893	610.583
YML6	MRPL13	ma-bak-cepc-0682	1411.2795000000006	38.6696	32.9264	-33.1011	157.487	207.285
YIP5	YIP1	ma-bak-cepc-0696	968.909499999998	85.4884	54.086	-19.9014	303.477	194.667
CGI121	BUD32	ma-bak-cepc-0866	1196.34	15.8061	22.2721	-30.1657	-17.0225	-7.97445
TAF12	HFI1	ma-bak-cepc-0872	2582.408000000003	226.017	147.742	-62.7693	768.401	577.755
RPP0	YL287	ma-bak-cepc-0053	1237.2504999999985	54.1182	45.7743	-25.5748	140.937	-15.8769
SSU72	PTA1	ma-bak-cepc-0735	1819.643500000002	15.1648	170.179	-42.4065	-8.29247	362.333
UTP8	UTP9	ma-bak-cepc-0721	1958.156000000003	146.12	126.805	-47.9292	438.73	364.937
COX4	COX13	ma-bak-cepc-0047	639.1090000000004	11.24	4.25701	-14.5489	124.274	34.6038
POP6	POP7	ma-bak-cepc-0709	810.4445000000014	12.9822	13.737	-23.7354	4.14716	64.8333
ATP5	ATP4	ma-bak-cepc-0090	948.7435000000004	25.2742	39.2823	-26.8934	50.4888	135.358
RIP1	QCR8	ma-bak-cepc-0084	497.5240000000013	29.1597	8.47141	-5.81047	105.858	61.3362
FCF1	SOF1	ma-bak-cepc-0912	602.8814999999995	27.7054	90.8372	-5.75323	82.164	181.965
SPC2	SPC1	ma-bak-cepc-0906	715.8454999999994	16.6568	8.94565	-17.2132	3.49571	32.3621
UTP7	UTP18	ma-bak-cepc-0537	403.5864999999976	77.0359	139.745	-3.13596	229.245	486.98
YJU2	CLF1	ma-bak-cepc-0251	425.81350000000384	77.532	84.4407	-9.77317	322.186	-67.4696
COQ3	COQ6	ma-bak-cepc-0245	719.244999999999	41.8926	62.4586	-11.5132	80.8623	15.9035
FUN12	TIF11	ma-bak-cepc-0523	785.122000000003	313.417	41.2482	5.95768	885.774	200.317
ASF1	RTT109	ma-bak-cepc-0279	1093.2504999999985	109.355	48.1043	-26.6925	404.85	36.8566
PRP21	PRP11	ma-bak-cepc-0292	2422.7525000000023	29.1081	34.9419	-64.4634	181.837	182.011
RPN12	RPN3	ma-bak-cepc-0286	2081.6434999999983	23.3502	80.8016	-39.7368	-9.61561	109.579
GCD6	GCD11	ma-bak-cepc-0287	1793.785499999998	112.926	85.9789	-29.2571	247.019	219.953
ZUO1	RPL31A	ma-bak-cepc-0293	561.2724999999991	34.5994	8.99555	-7.03573	32.474	16.2334
ASF1	CAC2	ma-bak-cepc-0278	1028.9989999999998	112.076	73.503	-23.3237	409.008	196.234
CDC15	TEM1	ma-bak-cepc-0244	1272.302000000003	315.949	79.86	-16.8683	730.183	161.557
SWD1	SPP1	ma-bak-cepc-0522	931.4529999999976	54.3078	43.8375	-12.1523	111.298	76.752
UTP7	KRR1	ma-bak-cepc-0536	445.9330000000045	94.7437	29.4067	-8.14531	221.426	141.302
CWP1	IKI1	ma-bak-cepc-0250	741.7530000000006	86.6271	30.4325	-3.6975	343.389	112.913
TAF7	NAM9	ma-bak-cepc-0907	273.08550000000105	215.963	45.2272	-7.0043	886.237	-4.48218
NSE3	NSE4	ma-bak-cepc-0913	2989.7115000000013	43.2564	101.818	-71.2647	85.9075	401.662
RIP1	MZM1	ma-bak-cepc-0085	1984.3360000000007	37.3029	12.5493	-46.6338	166.552	61.2799
TUB1	TUB2	ma-bak-cepc-0091	1327.4795000000013	49.0738	48.2278	-27.3676	20.9435	15.1873
SNU71	LUC7	ma-bak-cepc-0708	954.3689999999988	147.549	27.7736	-19.0963	536.747	82.2516
COG2	COG3	ma-bak-cepc-0720	2698.228000000003	21.4994	111.333	-68.2051	71.079	225.534
RPP2B	RPP1A	ma-bak-cepc-0046	758.8775000000005	34.3314	19.1155	-16.2947	134.205	107.804
RPP0	RPL12B	ma-bak-cepc-0052	248.35150000000067	51.6397	14.5916	-3.44661	123.694	30.3005
RRN9	RRN10	ma-bak-cepc-0734	5258.560999999998	44.5278	9.31539	-146.232	195.872	79.1453
ATG16	ATG5	ma-bak-cepc-0873	1376.8185000000012	22.3746	41.4591	-24.8764	68.3868	60.1604
NSE5	KRE29	ma-bak-cepc-0867	3223.1849999999977	71.8933	104.457	-49.0461	51.2448	337.626
PEX14	PEX5	ma-bak-cepc-0697	1916.1369999999952	94.8514	211.449	-43.4049	349.213	692.345
SKP1	SGT1	ma-bak-cepc-0683	936.3759999999966	33.2432	88.1225	-16.87	112.177	248.099
RIM21	RIM8	ma-bak-cepc-0668	1734.172000000006	260.754	131.448	-30.6657	570.047	512.562
IBA57	ISA2	ma-bak-cepc-0654	1177.4775000000009	76.5655	35.175	-7.07449	213.276	162.987
CDC34	SKP1	ma-bak-cepc-0132	644.3680000000022	84.6539	30.8128	-11.4824	298.75	101.1
SPT15	NCB2	ma-bak-cepc-0126	976.5534999999982	43.4363	25.5624	-22.1463	51.4529	65.0366
DPB4	DLS1	ma-bak-cepc-0898	2574.825499999999	63.5658	44.8952	-85.8153	243.912	212.783
BFA1	BUB2	ma-bak-cepc-0640	1826.4909999999943	249.54	35.2391	-53.492	1206.44	-59.5675
EGD2	EGD1	ma-bak-cepc-0495	1623.5949999999991	33.5544	28.7871	-43.9321	152.642	160.76
RRP4	RRP42	ma-bak-cepc-0481	1648.1390000000029	60.6205	28.1497	-29.7207	206.04	-5.04267
NOP53	RPL25	ma-bak-cepc-1012	716.554500000002	82.02	5.66842	-15.5347	420.699	35.1028
TAF10	TAF5	ma-bak-cepc-1006	100.2760000000053	80.0546	225.416	-0.291213	318.256	652.564
IMP3	MPP10	ma-bak-cepc-0318	1098.938000000002	12.4515	175.291	-32.4644	33.9381	893.761
SEC61	SEC63	ma-bak-cepc-0330	1858.3044999999984	60.6703	92.0756	-30.8599	24.0928	197.166
ATG12	ATG5	ma-bak-cepc-0456	887.0685000000012	71.3385	32.3014	-7.89358	248.818	36.4755
SLM4	MEH1	ma-bak-cepc-0442	1533.4630000000016	25.1628	55.8918	-25.0581	27.1964	249.741
RPC34	RPC82	ma-bak-cepc-0324	2771.119999999999	27.1123	79.7064	-54.3417	92.8458	159.817
DER1	USA1	ma-bak-cepc-0454	975.940499999997	23.7236	153.444	-26.7283	11.4627	494.409
PRP40	SNU71	ma-bak-cepc-0332	2785.199499999995					
RPC34	MAF1	ma-bak-cepc-0326	609.7839999999997	35.8421	180.516	-9.42397	146.529	600.98
SMT3	UBA2	ma-bak-cepc-1038	745.3765000000021	20.0539	136.892	-2.18082	66.6462	298.924
ECM2	CWC2	ma-bak-cepc-0440	2216.9524999999994	72.3589	56.5292	-36.2645	184.759	240.437
PRE3	PUP1	ma-bak-cepc-0468	608.3659999999982	25.4262	27.5959	-8.73041	22.8524	67.6315
TGS1	SWM2	ma-bak-cepc-1010	1316.8420000000006	38.9149	11.131	-33.4405	48.353	46.3524
YTM1	ERB1	ma-bak-cepc-1004	1403.8775000000023	80.5202	312.623	-12.5673	138.487	873.613
RPN10	RPN9	ma-bak-cepc-0497	705.9304999999986	42.6781	36.863	-7.96101	80.5387	-64.0157
IPI1	SDA1	ma-bak-cepc-0483	1266.8099999999977	56.3301	131.973	-12.5385	185.377	460.88
RPL30	RPL27A	ma-bak-cepc-0130	537.0625	7.87316	13.1214	-7.92342	-10.8379	0.651543
MCM22	MCM16	ma-bak-cepc-0656	4639.07	33.4852	21.7872	-120.768	115.962	54.7601
EAF6	EPL1	ma-bak-cepc-0642	2175.5815	19.6461	215.843	-60.0505	109.624	963.224
SPT15	SPT3	ma-bak-cepc-0124	1092.9259999999997	44.2705	66.5402	-15.8837	93.5745	249.503
MRP7	MRPL17	ma-bak-cepc-0118	420.6660000000011	44.7581	31.3785	-8.50748	136.895	129.942
YIP4	YIP5	ma-bak-cepc-0695	1671.6189999999988	48.9636	80.8432	-44.8073	137.013	300.477
NHP10	RVB2	ma-bak-cepc-0859	107.8729999999996	53.3722	59.0652	-1.41083	214.124	145.315
YML6	MRPL10	ma-bak-cepc-0681	450.2839999999997	34.9923	47.8853	-10.6428	125.301	295.521
TAF12	TAF10	ma-bak-cepc-0871	1727.6875	187.764	69.8181	-43.8827	700.987	314.565
BET5	TRS33	ma-bak-cepc-0865	705.7374999999993	19.7825	37.2814	-5.50916	45.234	98.9613
ATP6	ATP4	ma-bak-cepc-0044	1121.603500000001	29.424	34.4564	-30.3658	32.2502	130.33
SYF2	SYF1	ma-bak-cepc-0722	1579.1204999999973	30.9034	98.9907	-33.7382	180.28	53.5574
LSC1	LSC2	ma-bak-cepc-0736	2217.9079999999994	41.6883	50.1943	-39.0227	28.6656	39.8384
RPL25	NOP15	ma-bak-cepc-0050	461.82700000000114	5.98199	80.8043	-10.4565	33.4041	288.42
CDC33	CAF20	ma-bak-cepc-0078	1710.2384999999997	29.1265	40.8752	-44.1717	64.6546	266.696
GCD1	GCD2	ma-bak-cepc-0087	2745.538999999997	132.634	213.422	-38.8412	418.668	609.413
ATG17	ATG12	ma-bak-cepc-0939	868.0610000000015	29.7025	92.1964	-25.1539	-113.381	274.691
RPL11A	RPL5	ma-bak-cepc-0093	247.36149999999907	18.7629	22.0613	0.486889	17.3295	59.6958
SPC2	SEC11	ma-bak-cepc-0905	994.954499999998	13.748	22.12	-24.1545	-5.10611	31.2686
ARP9	ARP7	ma-bak-cepc-0911	1493.8895000000048	57.1025	42.9819	-20.9192	102.746	67.8004
SWD1	SWD3	ma-bak-cepc-0520	1932.5694999999976	41.0939	46.8541	-28.952	88.5827	23.2942
NAM9	MRPS35	ma-bak-cepc-0246	3883.492999999999	41.6076	34.6139	-92.1004	10.3008	246.643
MRP17	RSM18	ma-bak-cepc-0252	672.1705000000002	13.3368	24.7618	-12.7483	-9.49222	128.675
THO1	SUB2	ma-bak-cepc-0534	477.84349999999904	120.885	92.662	-9.65506	400.689	195.788
GAA1	GPI16	ma-bak-cepc-0508	1929.4814999999944	80.5756	84.8589	-16.1159	24.6236	146.745
NHP2	NOP10	ma-bak-cepc-0285	593.6165000000001	20.0995	14.5397	-13.1984	33.4504	33.3202
PRP21	PRP9	ma-bak-cepc-0291	2872.3954999999987	46.7336	71.8051	-78.9092	225.921	173.362
PRP19	SNT309	ma-bak-cepc-0290	731.1299999999974	91.4715	25.678	-15.5532	116.196	113.291
NGG1	HFI1	ma-bak-cepc-0284	1857.650499999996	323.081	147.795	-44.4951	1082.04	575.495
CCT2	CCT3	ma-bak-cepc-0509	1581.7225	38.3253	43.5394	-35.7288	-27.9106	2.10965
BRF1	BDP1	ma-bak-cepc-0253	2020.171999999999	111.067	225.745	-44.6232	500.094	997.506
VTC1	VTC4	ma-bak-cepc-0535	2877.1134999999995	12.3833	72.2873	-69.3339	11.6176	101.606
SWD1	BRE2	ma-bak-cepc-0521	650.5799999999981	48.4934	96.4557	-15.2181	104.098	256.668
RPC19	RPB3	ma-bak-cepc-0247	1778.2665000000015	29.1456	57.9973	-47.9127	123.806	187.015
TAF9	TAF6	ma-bak-cepc-0910	2304.186999999998	36.1951	90.4971	-72.041	185.608	295.122
ELP6	ELP4	ma-bak-cepc-0904	1502.3309999999983	31.7585	94.0769	-24.8561	33.7535	343.213
YSF3	HSH155	ma-bak-cepc-0092	1407.6499999999978	7.23696	125.424	-35.0927	7.48887	80.6595
QCR8	CYT1	ma-bak-cepc-0086	665.5555000000004	9.4155	51.0282	-8.86388	49.6025	141.614
LSM6	LSM3	ma-bak-cepc-0938	784.5799999999999	13.146	9.82243	-14.9317	37.6039	23.7166
CDC33	TIF4632	ma-bak-cepc-0079	2052.7119999999995	28.4528	466.438	-61.3708	76.504	1634.21
RET3	SEC21	ma-bak-cepc-0737	3030.284	29.6661	89.7336	-65.6416	75.2453	1.88646
HTA2	HTB2	ma-bak-cepc-0051	2548.2755	21.6872	31.8709	-81.6042	107.439	123.579
TRP2	TRP3	ma-bak-cepc-0045	1302.064000000002	51.9531	59.1591	-31.7393	-71.6393	9.08761
SYF2	CLF1	ma-bak-cepc-0723	1197.8865000000003	26.2595	68.211	-25.1566	151.207	-86.7276
BET5	TRS23	ma-bak-cepc-0864	1820.587000000001	20.6488	56.0274	-41.7164	38.3062	191.944
TAF12	TAF9	ma-bak-cepc-0870	2058.5175000000017	189.774	38.2327	-43.2093	715.629	201.111
SPT20	HFI1	ma-bak-cepc-0680	1080.9314999999988	284.781	159.404	-23.4671	1063.41	564.02
NHP10	IES3	ma-bak-cepc-0858	1994.298999999999	47.4599	57.4842	-55.9022	165.62	342.483
YIP4	TVP23	ma-bak-cepc-0694	1370.8859999999986	48.3522	25.1926	-19.7513	134.864	44.8397
MRP7	MRPL16	ma-bak-cepc-0119	440.2704999999987	49.4966	37.4614	-6.39255	139.356	156.648
EAF6	NTO1	ma-bak-cepc-0643	1653.013500000001	25.239	111.109	-47.1933	115.849	478.106
SPT15	BRF1	ma-bak-cepc-0125	1478.6789999999964	47.0099	127.231	-22.6444	103.443	578.154
RPL30	ARX1	ma-bak-cepc-0131	663.75	15.043	62.4353	-7.29133	1.51527	117.621
MCM22	CTF3	ma-bak-cepc-0657	3037.2980000000025	37.3894	103.051	99.159	89.7222	92.6129
LRP1	RRP6	ma-bak-cepc-0482	3035.4055000000008	75.115	136.318	-94.5189	218.245	458.03
UTP9	UTP15	ma-bak-cepc-0496	542.1104999999952	112.08	75.0414	-8.86619	364.779	190.892
YTM1	NOP7	ma-bak-cepc-1005	1101.1535000000003	78.0389	110.667	-8.71448	148.784	350.192
PRE3	PRE4	ma-bak-cepc-0469	770.5849999999991	23.0359	25.1674	-11.4245	11.4839	40.6418
HFI1	ADA2	ma-bak-cepc-1011	192.85749999999825	144.434	46.6706	-5.42187	612.47	166.257
SMT3	SIZ1	ma-bak-cepc-1039	510.4654999999984	22.423	495.735	-12.6059	78.3819	1692.77
SUI1	NIP1	ma-bak-cepc-0327	495.2415000000001	13.0819	132.777	-8.01287	44.8971	273.926
ALG14	ALG13	ma-bak-cepc-0441	1494.2959999999985	29.4815	26.3083	-40.3087	12.3382	14.2756
AME1	NKP1	ma-bak-cepc-0455	1188.376500000002	115.054	18.3488	-38.107	402.365	83.3936
PRP40	LUC7	ma-bak-cepc-0333	895.9405000000042	98.5036	28.0769	-21.9132	219.09	67.2686
MED2	PGD1	ma-bak-cepc-1015	2232.6665	202.501	163.515	-57.4615	868.768	778.565
RPP1	POP4	ma-bak-cepc-0479	2108.959999999999	39.5093	35.8439	-35.988	74.9083	78.9024
TRM8	TRM82	ma-bak-cepc-1001	1367.3429999999971	28.1112	71.6987	-22.3041	31.2913	96.3066
CBF5	NAF1	ma-bak-cepc-0337	1741.201000000001	87.5868	274.388	-33.0307	282.484	991.435
USB1	SYF1	ma-bak-cepc-1029	1478.6065000000017	47.1048	98.9291	-39.048	143.089	38.6717
MBA1	OXA1	ma-bak-cepc-0451	684.2334999999985	43.8598	78.8832	-9.09792	96.1337	233.371
MMS4	ESC2	ma-bak-cepc-0445	1108.345500000003	211.125	229.263	-19.7642	905.615	746.191
RPS0A	RPS21B	ma-bak-cepc-0323	1431.1509999999998	19.6733	10.0418	-34.363	-19.7898	46.1131
MPC2	MPC1	ma-bak-cepc-0492	787.3084999999992	11.2927	13.6963	-22.1241	23.9711	2.61595
DMA1	DMA2	ma-bak-cepc-0486	1430.6075000000055	182.947	273.816	-17.0418	660.986	887.317
RPS18B	RPS15	ma-bak-cepc-0109	716.8834999999999	21.7673	16.154	-10.8128	70.1751	82.7527
IBA57	ISA1	ma-bak-cepc-0653	1566.0885000000017	91.398	79.0455	-23.7895	212.674	369.106
CDC26	CDC16	ma-bak-cepc-0135	1605.3824999999997	78.35	241.041	-37.983	261.38	747.454
LAT1	PDB1	ma-bak-cepc-0121	423.9405000000006	117.48	72.0901	-2.57405	365.829	120.943
VPS25	SNF8	ma-bak-cepc-0647	798.2800000000007	35.6776	27.0847	-17.392	41.547	4.0274
CTK1	CTK2	ma-bak-cepc-0874	2087.6535000000003	186.49	41.1919	-59.4763	604.986	-14.0738
MAK3	MAK10	ma-bak-cepc-0860	1951.6515	14.448	72.0793	-25.1439	-8.27944	-91.8492
TFB3	CCL1	ma-bak-cepc-0848	1867.2514999999985	26.1144	61.7519	-34.0584	68.8775	107.984
COG1	COG3	ma-bak-cepc-0690	2347.931499999999	68.1716	119.092	-52.7445	243.212	264.919
UBC13	MMS2	ma-bak-cepc-0684	725.5140000000001	14.3287	10.5185	-15.7032	-9.93658	-12.1016
KIN28	TFB3	ma-bak-cepc-0069	1678.215500000002	35.1829	19.7407	-27.7579	-13.5919	43.8051
OKP1	NKP1	ma-bak-cepc-0727	728.2574999999997	95.6976	21.9585	-8.80629	453.962	66.6277
CDC28	CKS1	ma-bak-cepc-0041	326.2415000000001	41.9403	21.9872	-1.25498	24.1028	31.2128
RPL7A	RPL4A	ma-bak-cepc-0055	1094.8659999999982	22.1119	52.5217	-19.0352	-3.22139	234.68
OGG1	RAD14	ma-bak-cepc-0733	696.3680000000022	49.0578	100.709	-7.45079	10.3423	364.498
SEN15	SEN34	ma-bak-cepc-0900	1498.4295000000002	12.0671	28.7216	-48.9533	17.701	80.9657
HCR1	RLI1	ma-bak-cepc-0914	1491.5165000000015	91.8421	84.2812	-22.2982	392.48	106.426
PET494	PET54	ma-bak-cepc-0082	1820.6955000000016	109.746	53.4974	-27.2306	302.584	170.917
RPL20B	RPL7A	ma-bak-cepc-0096	446.8360000000012	13.833	27.679	-7.91026	37.9303	0.904188
NUT2	ROX3	ma-bak-cepc-0928	1141.0260000000017	10.0619	56.6814	-27.0378	15.2012	347.257
DHH1	PBP1	ma-bak-cepc-0519	4113.711000000003	126.108	335.256	-64.3898	290.817	1462.65
DPB3	DPB4	ma-bak-cepc-0243	3248.319499999998	72.5223	67.0462	-94.5232	316.579	266.894
SEC72	SEC63	ma-bak-cepc-0525	674.2354999999989	12.0796	89.0955	-14.316	-30.4079	176.764
PAC2	TUB1	ma-bak-cepc-0531	1946.6765000000007	68.6079	97.4088	-19.1201	89.795	175.531
RPL8B	RPL25	ma-bak-cepc-0257	355.3549999999996	23.9381	7.27975	-2.76989	99.1798	38.7057
MEI5	SAE3	ma-bak-cepc-0280	2321.4745000000003	31.6655	5.16278	-70.1592	110.262	-2.75681
ZUO1	SSZ1	ma-bak-cepc-0294	2563.833999999999	62.6882	44.5338	-62.8915	127.405	32.7935
RPA12	RPA14	ma-bak-cepc-0295	140.6209999999992	9.39721	25.9744	-0.190638	72.2786	148.83
NGG1	SGF29	ma-bak-cepc-0281	1846.7579999999944	233.498	39.0097	-61.4087	971.181	155.146
PTI1	PTA1	ma-bak-cepc-0530	3020.3589999999967	320.809	171.382	-80.1973	713.511	407.534
RPL8B	RPL36B	ma-bak-cepc-0256	372.7465000000011	23.9323	5.76271	-10.776	108.449	32.8083
INO2	INO4	ma-bak-cepc-0242	2119.5705000000016	117.577	33.3831	-58.2807	513.568	171.098
MTW1	NNF1	ma-bak-cepc-0524	4222.686999999998	41.6559	9.95379	-122.085	166.05	46.2501
DHH1	EDC3	ma-bak-cepc-0518	2204.6330000000016	127.882	122.531	-46.8011	300.014	414.046
RPL20B	RPL16A	ma-bak-cepc-0097	608.8004999999994	10.2677	11.2019	-15.9239	26.0241	-9.10752
NUT2	SRB7	ma-bak-cepc-0929	1069.5834999999988	10.7757	7.18726	-21.4748	21.6716	-9.85716
RIP1	CMC4	ma-bak-cepc-0083	646.6580000000013	46.4019	6.01321	-9.70468	153.189	0.300031
UPS1	MDM35	ma-bak-cepc-0915	1527.2294999999997	20.7107	8.97152	-41.64	-4.64194	50.5721
RRN11	RRN7	ma-bak-cepc-0901	2473.890999999996					
ATP4	ATP14	ma-bak-cepc-0054	1160.1029999999992	35.5728	38.9715	-28.1992	131.062	249.215
PXR1	PRP43	ma-bak-cepc-0732	1364.5955000000104	118.946	71.1509	-29.5985	507.878	-82.9585
OKP1	AME1	ma-bak-cepc-0726	4800.914000000004	117.282	91.3948	-147.915	471.566	368.769
COX6	COX5A	ma-bak-cepc-0040	736.9610000000011	26.1711	20.5997	-21.2971	105.0	134.125
KIN28	CCL1	ma-bak-cepc-0068	1133.0770000000011	32.887	64.4691	-25.6557	-20.2842	120.072
UBC12	DCN1	ma-bak-cepc-0685	716.7860000000001	20.6351	41.2506	-19.8083	11.7775	-1.73146
COG1	COG2	ma-bak-cepc-0691	889.5825000000004	56.6707	17.6102	-18.29	124.066	3.57417
SDC1	BRE2	ma-bak-cepc-0849	1203.210999999999	98.6337	90.0181	-31.8332	353.348	206.271
HER2	PET112	ma-bak-cepc-0861	1333.0544999999984	52.8221	64.4386	-24.0196	23.4429	14.6752
RSM24	RSM27	ma-bak-cepc-0875	750.4455000000016	37.5782	8.72344	-20.0835	207.776	79.0517
MRP7	MRPL35	ma-bak-cepc-0120	2031.213	39.2722	49.266	-23.2257	136.107	63.0778
VPS25	VPS36	ma-bak-cepc-0646	728.5935000000027	36.0198	126.794	-22.45	39.5878	364.715
IBA57	CNE1	ma-bak-cepc-0652	1311.2930000000017	114.263	75.5201	9.02419	255.027	191.066
SAM35	SAM50	ma-bak-cepc-0134	2171.6609999999964	39.5373	74.5721	-36.8482	63.5969	213.586
RPS18B	RPS19B	ma-bak-cepc-0108	379.66799999999785	19.5689	8.38221	-5.69392	72.5282	-11.7934
SET1	SHG1	ma-bak-cepc-0487	2236.5985	347.718	17.6253	-73.5537	1372.14	67.6193
SPC97	TUB4	ma-bak-cepc-0493	2780.537000000004	130.563	52.9344	-32.0575	137.066	68.5429
RXT2	RXT3	ma-bak-cepc-0444	909.0679999999992	138.293	63.8591	-14.9156	599.762	252.031
RPS0A	NOB1	ma-bak-cepc-0322	1297.8320000000022	24.3264	110.936	-11.8685	-2.89026	419.507
MSL5	MUD2	ma-bak-cepc-1028	3036.375	181.256	141.439	-68.2803	665.774	537.79
SUR1	CSG2	ma-bak-cepc-0336	1505.568000000003	79.6079	51.7088	-35.9861	166.66	114.95
UMP1	PRE2	ma-bak-cepc-0450	1234.4935000000005	16.5666	38.0731	-25.1849	109.568	63.9424
RPP1	POP8	ma-bak-cepc-0478	739.4390000000003	38.1012	11.7194	-12.7689	78.3059	15.9896
TFB4	SSL1	ma-bak-cepc-1000	2597.6579999999994	45.205	88.3227	-52.287	147.674	307.111
SLX4	SLX1	ma-bak-cepc-1014	1170.4510000000082	354.675	30.0312	-30.2435	1468.49	4.01851
DSC3	TUL1	ma-bak-cepc-1002	1077.204999999998	41.2472	95.487	-23.5924	191.998	86.6095
ORC2	ORC5	ma-bak-cepc-0308	1264.4660000000003	260.528	51.8418	-29.1114	861.132	99.31
GET4	MDY2	ma-bak-cepc-1016	3165.5800000000017	35.3601	26.6128	-62.8892	-65.6989	126.801
RPS0A	RPS17B	ma-bak-cepc-0320	1216.1900000000005	25.2897	13.0889	-31.2563	-4.69271	41.6742
SLI15	IPL1	ma-bak-cepc-0446	1981.354499999994	366.539	114.82	-55.4389	1573.31	314.38
NTC20	CLF1	ma-bak-cepc-0452	1189.8604999999989	57.106	70.9425	-31.2591	218.188	-76.3274
ARC19	ARC40	ma-bak-cepc-0334	1460.6939999999995	14.0253	86.1672	-18.6081	-5.66248	152.294
YNG2	EPL1	ma-bak-cepc-0485	2601.417999999998	106.152	210.16	-69.3312	311.855	991.37
CHS7	YNF8	ma-bak-cepc-0491	362.2274999999973	34.6326	154.856	-2.56028	40.4778	716.088
MNN10	MNN11	ma-bak-cepc-0678	1545.9905	89.8237	70.2714	-26.9006	221.576	125.98
RSM26	MRP4	ma-bak-cepc-0644	1585.8470000000016	42.0869	64.7819	-28.8869	72.2292	171.139
GCD2	GCN3	ma-bak-cepc-0122	691.8174999999974	217.91	26.1337	-9.75331	673.353	-12.1412
GCN3	GCD7	ma-bak-cepc-0136	1257.0430000000017	29.5017	51.8885	-19.8268	-10.6499	97.9301
RSM7	MRPS9	ma-bak-cepc-0650	911.3994999999996	32.9851	40.5203	-20.9546	148.547	148.264
PEX12	PEX2	ma-bak-cepc-0888	2142.3369999999995	76.1976	28.9817	-43.8828	255.146	91.1828
LIP1	LAC1	ma-bak-cepc-0863	783.6070000000036	19.6286	79.113	-12.1735	60.5271	114.369
RPN9	RPN5	ma-bak-cepc-0877	822.0769999999975	41.6954	39.4926	-19.3632	-47.4832	-61.9236
UFD1	UBX3	ma-bak-cepc-0687	654.3865000000005	59.8567	75.2315	-10.4938	309.382	212.99
COG1	COG8	ma-bak-cepc-0693	1652.9195000000036	54.5907	293.233	-30.8937	114.955	717.269
GTF1	PET112	ma-bak-cepc-0718	1926.9314999999988	28.4552	59.5106	-42.7533	183.1	27.8097
BUD32	KAE1	ma-bak-cepc-0730	1821.66	20.4875	40.8626	-23.724	-17.7433	-35.2269
RPL6B	RPL33A	ma-bak-cepc-0056	868.3179999999993	18.9979	10.0536	-20.2766	79.1349	17.8191
CDC28	CLB1	ma-bak-cepc-0042	1697.2800000000025	38.233	168.584	-25.7355	6.82859	511.696
GTR2	GTR1	ma-bak-cepc-0724	1435.3695000000007	50.3127	36.062	-39.2743	37.5589	4.69413
VPS38	VPS30	ma-bak-cepc-0917	2926.378499999999	58.3356	214.917	-65.9525	146.961	614.494
ELP6	IKI1	ma-bak-cepc-0903	1627.9025	28.8729	31.3792	-31.7084	38.3163	111.413
STE2	SST2	ma-bak-cepc-0095	1926.3145000000004	86.5295	144.355	-20.0517	295.185	441.516
ARD1	NAT1	ma-bak-cepc-0081	4458.982					
ATP7	ATP14	ma-bak-cepc-0268	935.6734999999971	8.25862	43.4217	-14.9576	57.5908	266.589
PEX4	PEX22	ma-bak-cepc-0254	703.1165000000001	15.9459	29.3609	-17.1414	-23.6236	84.1581
OXA1	OMS1	ma-bak-cepc-0532	1184.6935000000012	88.471	70.5127	-6.97009	260.87	225.685
RVS167	RVS161	ma-bak-cepc-0526	5105.445999999996	127.018	15.3605	-159.603	412.163	-0.932427
RPL16A	RPL14B	ma-bak-cepc-0240	672.2950000000001	15.034	8.39205	-25.1063	-5.15633	13.5786
SRB6	SRB4	ma-bak-cepc-0297	2030.8055000000024	22.5976	156.059	-43.4174	90.7429	562.455
NGG1	GCN5	ma-bak-cepc-0283	1219.8300000000015	281.132	78.6687	-26.0674	1079.37	226.925
NGG1	ADA2	ma-bak-cepc-0282	5866.826500000003	250.891	52.4799	-143.518	1001.1	158.722
RPA12	RPA49	ma-bak-cepc-0296	388.588499999998	13.0026	61.7667	-1.81681	82.2574	163.208
RVS167	LIF1	ma-bak-cepc-0527	25.95300000000134	170.256	186.4	-0.128991	549.734	661.826
RPS7A	RPS22A	ma-bak-cepc-0241	467.9035000000004	11.4476	11.8846	-9.29401	24.0822	-8.21595
RPL8B	ERB1	ma-bak-cepc-0255	1223.6184999999969	27.0564	209.956	-11.7079	102.664	730.435
GIM4	PAC10	ma-bak-cepc-0533	600.2739999999994	7.62214	18.2767	-19.1202	-32.5617	-25.2196
MRPL9	IMG1	ma-bak-cepc-0269	1327.6144999999997	43.4693	25.6602	-19.0094	173.895	101.336
BCY1	TPK2	ma-bak-cepc-0080	2614.263000000002	92.7206	71.2127	-41.8457	250.998	99.9288
YP17B	STV1	ma-bak-cepc-0094	918.1080000000002	9.0013	129.922	-28.3993	22.5047	323.79
GFD1	DBP5	ma-bak-cepc-0902	567.2574999999997	116.331	109.605	-10.474	412.927	213.793
PBA1	ADD66	ma-bak-cepc-0916	2072.121499999997	33.8227	27.3611	-43.1923	97.1151	6.39601
CDC28	ASH1	ma-bak-cepc-0043	543.392500000009	30.5698	353.153	-2.91964	13.2437	1416.58
GTR2	MEH1	ma-bak-cepc-0725	949.1794999999984	53.8682	71.2135	-25.6852	50.7147	319.269
RTT102	ARP9	ma-bak-cepc-0731	1933.5639999999985	56.6336	58.9913	-34.4412	282.484	101.034
RPL6B	MAK16	ma-bak-cepc-0057	561.9635000000017	12.0238	67.804	-7.87887	81.8574	313.991
DAM1	DAD1	ma-bak-cepc-0719	898.3584999999985	155.696	13.7032	-23.6538	673.432	67.9244
COG1	COG5	ma-bak-cepc-0692	890.5665000000008	87.4622	49.1431	-14.3011	215.449	3.69328
SBH2	SEC61	ma-bak-cepc-0686	1205.719000000001	18.9227	55.0858	-29.0116	90.6944	36.9192
SNX41	SNX4	ma-bak-cepc-0876	2758.3545000000013					
HER2	GTF1	ma-bak-cepc-0862	3682.517	64.6998	25.5513	-84.8173	9.19218	172.753
FRS1	FRS2	ma-bak-cepc-0137	4267.496999999999	62.3218	39.9865	-86.4591	-12.1121	24.8549
PEX12	PEX10	ma-bak-cepc-0889	1609.2704999999987	56.4852	46.6401	-27.9333	224.455	85.5048
RSM7	RSM23	ma-bak-cepc-0651	1051.3474999999962	33.1574	75.0836	-19.4971	148.656	160.74
VPS25	VPS20	ma-bak-cepc-0645	850.8150000000023	36.0258	39.9365	-17.8762	65.5737	125.826
GCD2	GCD7	ma-bak-cepc-0123	2382.4294999999984	224.919	55.9971	-51.2078	634.304	116.639
UBC9	UBA2	ma-bak-cepc-0679	1634.1460000000006	12.5426	105.175	-17.3301	-20.829	256.861
YHS2	MET18	ma-bak-cepc-0490	2721.603500000001	23.7454	91.3452	-49.0985	132.196	-227.033
IPI1	IPI3	ma-bak-cepc-0484	1326.1589999999997	41.899	94.3838	-16.6002	192.972	310.352
MED8	SRB4	ma-bak-cepc-0453	2612.308499999999	27.3582	148.505	-79.2626	160.508	537.398
ARC19	ARC15	ma-bak-cepc-0335	1130.2125000000017	14.5653	7.68682	-21.0473	7.00622	13.343
RPS0A	RPS2	ma-bak-cepc-0321	420.4595000000008	18.0896	30.1053	-3.02769	-3.03956	87.7127
AMN1	TEM1	ma-bak-cepc-0447	1148.392499999998	149.764	56.7042	-29.4342	500.672	113.54
BAG7	RHO1	ma-bak-cepc-1017	911.7905000000028	173.822	32.4603	-8.70694	595.591	86.6625
GSP2	RNA1	ma-bak-cepc-0309	1112.4199999999985	43.3794	54.6421	-11.1908	125.964	26.3117
VPS68	VPS55	ma-bak-cepc-1003	922.0905000000002	26.1795	16.7324	-23.2959	112.093	29.3288
SEC66	SEC63	ma-bak-cepc-0346	983.7784999999968	22.2185	103.774	-17.7396	50.2178	204.633
ATG31	ATG29	ma-bak-cepc-1058	2409.682499999999	52.9349	71.823	-54.9419	228.709	292.948
MRPL17	MRPL35	ma-bak-cepc-0420	609.405999999999	34.8916	52.6659	-14.4418	165.683	60.4955
RTG3	RTG1	ma-bak-cepc-0434	2146.038999999997	223.066	40.9494	-64.9818	920.649	203.157
MRPS5	RSM10	ma-bak-cepc-0352	1176.1355000000003	31.4625	29.5966	-18.1139	137.97	103.279
ERG27	ERG7	ma-bak-cepc-1064	1659.9575000000004	37.4074	96.3656	-17.2096	-44.7089	-97.9632
MRPL7	MRPL10	ma-bak-cepc-0408	619.5039999999972	39.6525	72.6883	-7.64376	142.109	342.111
PSF1	PSF2	ma-bak-cepc-1070	305.22600000000057	18.7991	22.742	-3.81261	12.725	36.3505
SHE2	FAP1	ma-bak-cepc-0385	381.4015	27.7084	164.248	-5.0089	-31.7677	604.906
DID4	VPS24	ma-bak-cepc-0391	1380.749499999998	33.0218	38.1398	-29.6413	114.539	85.5139
OST2	WBP1	ma-bak-cepc-0622	1315.737000000001	14.4335	54.0673	-46.116	32.7516	71.7314
CKA1	CKB1	ma-bak-cepc-0144	565.460500000001	53.4455	59.0439	-12.1714	54.3469	233.358
SEN2	SEN54	ma-bak-cepc-0150	3018.4165	51.2309	88.3477	-68.2179	113.046	375.821
MPP10	IMP4	ma-bak-cepc-0636	1427.649000000005	225.585	38.0305	-29.6021	983.167	63.5241
ATP15	ATP3	ma-bak-cepc-0178	1092.3464999999997	2.83927	49.0839	-21.4179	21.5822	80.9706
MET31	MET4	ma-bak-cepc-0839	1740.4390000000058	38.4256	370.847	-48.2035	184.499	1479.27
OPI1	INO2	ma-bak-cepc-0187	1365.163999999997	115.286	117.33	-33.0613	381.212	505.28
QCR9	CYT1	ma-bak-cepc-0193	755.0625	1.72807	38.9385	-15.8248	17.3969	135.433
UTP6	UTP18	ma-bak-cepc-0805	828.1595000000016	44.6243	173.067	-21.4826	4.06995	529.157
EGD1	RPS26B	ma-bak-cepc-0811	99.07550000000084	32.3796	11.2916	0.0793885	179.979	106.918
MRPL19	MRPL37	ma-bak-cepc-0756	1302.4665000000005	14.4619	16.5757	-32.3219	58.2442	127.197
CYC1	CYT1	ma-bak-cepc-0030	529.036500000002	14.3584	47.453	-3.35253	16.3712	144.836
KXD1	CLN1	ma-bak-cepc-0024	2029.763500000001	71.465	12.9136	-60.5937	314.153	44.2752
RSM19	SWS2	ma-bak-cepc-0742	273.746000000001	4.87883	22.1229	-5.08755	27.5716	81.6135
MDM12	MMM1	ma-bak-cepc-0018	1086.8165000000008	37.9456	104.55	-29.4165	121.81	441.144
TIM44	TIM50	ma-bak-cepc-0795	681.9614999999976	78.1825	96.2751	-3.47476	332.056	307.747
PEX13	PEX7	ma-bak-cepc-0781	928.892499999998	164.974	66.1022	-10.976	575.732	130.839
YPD1	SSK1	ma-bak-cepc-0959	753.2350000000006	11.2887	392.628	-17.3317	-15.4798	1440.86
DIS3	SKI6	ma-bak-cepc-0971	1272.6605000000018	109.632	19.571	-23.0687	51.7116	-10.5611
CDC45	MCM10	ma-bak-cepc-0965	839.4454999999944	103.92	120.186	-16.8784	192.309	496.025
IMG1	MRPL38	ma-bak-cepc-0232	749.2079999999987	26.1315	12.0353	-16.6751	119.623	22.8964
ATG3	ATG7	ma-bak-cepc-0554	2280.503999999997	62.2884	70.3139	-25.1417	243.375	7.63991
MAM1	CSM1	ma-bak-cepc-0540	1341.2384999999997	86.5422	16.521	-20.7434	519.733	15.4069
EMC1	EMC5	ma-bak-cepc-0226	1049.3064999999988	95.5629	14.5281	-6.85139	140.416	69.5981
RSM25	MRPS35	ma-bak-cepc-0568	371.3849999999984	18.0483	34.2899	-1.67291	143.071	249.455
MED11	SRB6	ma-bak-cepc-1104	2166.7285	17.5628	9.13656	-66.6113	51.7628	52.6037
SMD3	SMB1	ma-bak-cepc-0597	991.2285000000012	8.47461	63.9034	-31.2381	51.2664	259.338
NOP2	FPR4	ma-bak-cepc-0583	1131.5959999999975	141.767	168.115	-21.9169	435.988	574.825
MAD2	MAD3	ma-bak-cepc-0582	1506.007999999998	19.4926	192.046	-28.7112	3.35069	771.193
KRI1	KRR1	ma-bak-cepc-0596	2710.0399999999936					
OST4	STT3	ma-bak-cepc-1105	1539.085500000001	1.89372	159.662	-42.1937	2.30027	115.141
RSM25	MRP51	ma-bak-cepc-0569	3016.970500000003	14.76	44.7445	-61.3069	108.558	213.031
LSM4	LSM6	ma-bak-cepc-0541	889.1744999999992	125.456	12.138	-13.7542	352.987	40.5033
PBN1	PRB1	ma-bak-cepc-0227	1367.5859999999957	42.3085	268.432	-22.1319	34.4043	738.172
BUD23	TRM112	ma-bak-cepc-0233	1189.371000000001	27.3478	14.1388	-33.2199	40.0718	7.98617
SEC9	SNC2	ma-bak-cepc-0555	1780.7065000000075	251.696	10.8942	-42.7649	1015.26	40.0155
IRC25	POC4	ma-bak-cepc-0964	1105.710999999999	28.7329	18.9494	-28.6404	102.898	15.7133
TLG2	VTI1	ma-bak-cepc-0970	2261.3655	112.326	10.0406	-58.6775	371.896	-43.8436
PEX19	PEX3	ma-bak-cepc-0958	2072.539499999999	100.532	57.4185	-43.383	410.635	22.0074
DAD4	HSK3	ma-bak-cepc-0780	1223.9245	2.89952	3.01876	-34.0796	1.48844	8.33616
TIM44	TIM17	ma-bak-cepc-0794	417.8290000000016	86.1675	15.3703	-3.8938	310.386	63.8487
NCS2	NCS6	ma-bak-cepc-0019	2376.8950000000004	54.7559	36.4101	-62.9223	103.132	84.9112
SEC11	SPC3	ma-bak-cepc-0025	1477.7549999999992	19.2555	24.8173	-29.1812	22.3129	31.1452
TRM112	TRM9	ma-bak-cepc-0743	1157.1965	10.7414	35.7427	-28.2306	4.86295	88.9765
MRPL22	MRP20	ma-bak-cepc-0757	1343.7099999999991	46.0518	38.2182	-23.9248	224.686	191.65
QCR6	CYT1	ma-bak-cepc-0031	1319.0059999999976	52.4166	36.5293	-26.786	208.133	131.801
MRPS16	MRPS35	ma-bak-cepc-0810	2103.012499999997	5.11226	39.8898	-48.0954	33.068	236.773
UTP6	UTP7	ma-bak-cepc-0804	515.3500000000022	36.5972	87.1572	-10.8693	-15.0328	268.094
VMA4	VMA10	ma-bak-cepc-0192	2845.7125	14.6047	4.51811	-92.9166	2.50398	17.2144
SGF11	SUS1	ma-bak-cepc-0838	1305.982	7.28275	4.57577	-42.6258	39.9469	-9.8335
SRM1	GSP2	ma-bak-cepc-0186	2019.1620000000005	85.2837	35.9037	-16.5902	176.306	117.206
ISY1	SYF1	ma-bak-cepc-0179	2672.5650000000023	20.6251	111.15	-68.9187	93.5952	39.2862
SEN2	SEN15	ma-bak-cepc-0151	1047.1860000000015	39.0761	10.3466	-14.7274	49.2436	18.3452
GPI14	PBN1	ma-bak-cepc-0637	2171.2980000000025	46.1919	43.987	-51.7091	-58.3671	67.0948
OST2	STT3	ma-bak-cepc-0623	1442.322999999997	13.5866	101.293	-38.2143	15.385	28.6944
POL30	CDC9	ma-bak-cepc-0145	1154.5885000000017	23.5694	254.962	96.2875	-14.3279	456.525
AUR1	KEI1	ma-bak-cepc-0390	2423.2890000000007	65.5274	15.6064	-60.0728	106.997	26.533
SRP102	SRP101	ma-bak-cepc-0384	1849.0914999999984	27.9056	115.578	-24.8557	60.1631	333.504
MRPL7	MRPL28	ma-bak-cepc-0409	2003.6380000000024	36.7448	20.3645	-45.2137	159.343	137.01
PSF1	SLD5	ma-bak-cepc-1071	2133.356499999998	19.6209	46.5088	-52.0848	19.3747	119.516
RRP36	RRP9	ma-bak-cepc-1065	997.2385000000068	62.039	143.831	-9.56981	311.203	340.173
YBI1	NRP1	ma-bak-cepc-0435	1659.9160000000047	259.393	348.74	-32.5348	1055.04	1218.48
MRPS5	MRPS8	ma-bak-cepc-0353	725.781500000001	46.401	19.1263	-4.77152	176.532	-2.73334
EMC6	EMC5	ma-bak-cepc-1059	1589.7394999999997	11.3001	13.1269	-47.6606	10.8265	48.8294
SEC66	SEC72	ma-bak-cepc-0347	1879.356	22.8102	9.62912	-59.4187	55.9489	-28.6506
MRPL36	MRPL28	ma-bak-cepc-0421	445.8145000000004	52.4788	15.7458	-6.08714	325.163	122.01
MRPS5	MRPS35	ma-bak-cepc-0351	999.809500000003	36.6615	43.1041	-30.4065	151.271	229.882
ATG8	ATG4	ma-bak-cepc-0437	848.0095000000001	15.2053	103.849	-19.2379	-22.6753	385.381
MRPL40	MRP20	ma-bak-cepc-0423	1202.5110000000022	21.8855	53.686	-23.3741	119.088	207.757
SOF1	UTP7	ma-bak-cepc-0345	2207.3764999999985	83.7459	78.1543	-40.7554	150.057	218.44
RLF2	CAC2	ma-bak-cepc-1073	1737.3709999999992	255.812	99.1326	-36.7555	946.07	271.596
EMC3	EMC2	ma-bak-cepc-0379	1600.3975000000028	48.6833	17.2122	-43.6862	137.309	-102.375
MRPL23	MRPL20	ma-bak-cepc-1067	315.2394999999997	15.0037	33.3153	-5.90757	40.449	203.327
VPS51	VPS52	ma-bak-cepc-0392	2300.410499999998	49.9703	99.2176	-57.4433	230.519	154.262
HSH49	PRP9	ma-bak-cepc-1098	974.4815000000016	31.7588	64.6171	-16.3272	42.0641	174.673
RRP14	SSF2	ma-bak-cepc-0386	1428.0410000000047	101.821	78.6128	-27.1327	515.918	328.079
MPP10	DIM1	ma-bak-cepc-0635	599.0710000000036	187.732	27.5092	-16.2498	931.684	38.7594
PET123	MRP17	ma-bak-cepc-0153	1391.2019999999975	47.7963	7.54863	-27.6074	226.332	-3.8895
POL30	APN2	ma-bak-cepc-0147	1075.7359999999971	17.2279	118.488	-20.6983	-20.8272	286.587
CTK3	CTK2	ma-bak-cepc-0621	2133.512499999997	41.5485	44.7571	-52.1214	106.984	3.25773
FIP1	YSH1	ma-bak-cepc-0609	1336.5900000000038					
PRE1	PRE2	ma-bak-cepc-0190	768.1029999999992	12.2674	29.3705	-12.7263	-37.0956	56.6497
SEC62	SEC63	ma-bak-cepc-0184	241.79299999999785	28.209	101.708	-4.69272	76.9539	201.027
RMI1	TOP3	ma-bak-cepc-0812	1804.6720000000023					
CUS1	PRP9	ma-bak-cepc-0806	507.97849999999744	134.207	70.9373	-9.92201	676.338	163.793
TFB4	TFB2	ma-bak-cepc-0999	1626.0644999999968	48.0142	74.491	-32.2864	174.518	108.644
RSM19	MRP2	ma-bak-cepc-0741	224.17599999999948	6.14599	9.22158	-3.84503	13.9047	22.201
RPN13	RPN2	ma-bak-cepc-0027	1213.4240000000027	38.3277	122.754	-28.6822	109.98	71.017
COB	QCR7	ma-bak-cepc-0033	1877.1355000000003	31.9183	8.96021	-49.2937	-43.6845	7.25604
ELA1	ELC1	ma-bak-cepc-0755	845.7055000000037	154.58	5.36428	-23.719	615.714	-1.15693
RPL15B	RPL36B	ma-bak-cepc-0769	570.6620000000003	30.2929	4.47714	-9.58031	95.0816	27.0694
TIM10	TIM9	ma-bak-cepc-0782	1360.5874999999987	10.2494	4.34713	-35.1542	39.5013	4.03602
UBC7	CUE1	ma-bak-cepc-0796	1482.280999999999	11.412	37.3773	-36.6897	-21.1103	156.013
CDC45	PSF2	ma-bak-cepc-0966	321.6875	95.778	19.1257	-2.79311	167.842	22.131
DIS3	RRP42	ma-bak-cepc-0972	971.5989999999985					
EMC1	EMC3	ma-bak-cepc-0225	2201.25	97.4352	32.6179	-50.8903	149.326	93.2802
NSA2	RSA4	ma-bak-cepc-0543	718.7560000000012	34.7749	89.5713	-15.9608	121.336	102.609
PSF2	SLD5	ma-bak-cepc-0557	2301.4654999999984	23.8444	46.5368	-53.42	34.1513	144.626
POL4	YKU70	ma-bak-cepc-0231	809.2695000000022	227.486	85.3374	-10.7025	349.78	225.509
BOS1	SED5	ma-bak-cepc-0219	1784.9749999999983	34.9675	70.9146	-48.1906	75.3859	226.226
MRPL49	MRPL51	ma-bak-cepc-0580	1261.5789999999995	26.718	6.91197	-20.5914	139.218	58.3281
UFE1	TIP20	ma-bak-cepc-0594	1513.4934999999969	50.6159	71.468	-22.7262	122.391	-32.1269
TFG2	TFG1	ma-bak-cepc-0595	3443.0425000000105	115.334	309.631	-95.2335	487.652	1389.6
MAD2	MAD1	ma-bak-cepc-0581	1164.4065000000046	25.7479	165.722	-30.7957	13.3927	393.2
BOS1	BET1	ma-bak-cepc-0218	1818.0825000000004	36.878	24.658	-54.0912	74.1832	114.955
TAD3	TAD2	ma-bak-cepc-1106	1511.326000000001	28.4801	25.0171	-37.3451	23.2438	48.0894
PSF2	CTF4	ma-bak-cepc-0556	776.6235000000015	24.8547	219.41	-9.74135	26.6745	525.349
STP22	RIM8	ma-bak-cepc-0230	1210.8845	67.8621	128.597	-20.3798	179.978	476.062
DCC1	CTF8	ma-bak-cepc-0224	2767.0719999999983	33.4614	8.3161	-75.817	-9.66729	44.8977
SLX8	SLX5	ma-bak-cepc-0542	2423.996500000001	159.728	130.078	-58.789	668.462	565.643
SIL1	KEX2	ma-bak-cepc-0973	1531.1859999999942					
CDC45	SLD5	ma-bak-cepc-0967	322.65049999999974	93.109	49.3283	-0.274587	169.87	120.114
NUP49	NSP1	ma-bak-cepc-0797	2115.2244999999966	227.436	739.655	-63.1052	888.618	2363.43
RPL34A	RPL27A	ma-bak-cepc-0783	677.6355000000003	8.45336	14.3852	-18.9694	43.4178	12.3595
COG6	COG7	ma-bak-cepc-0768	1736.0794999999998	130.743	84.5799	-41.9605	277.765	302.192
QCR7	CYT1	ma-bak-cepc-0032	462.9444999999996	5.90359	47.6323	-11.5792	2.68187	153.581
CSL4	RRP6	ma-bak-cepc-0754	967.4304999999948	65.7909	143.016	-23.5986	269.0	474.151
ARC35	ARC19	ma-bak-cepc-0740	2371.7220000000016	31.6416	9.38473	-75.9572	58.8667	1.89527
TFB4	TFB1	ma-bak-cepc-0998	2603.099000000002	39.9556	94.286	-59.2573	136.717	394.189
CET1	CEG1	ma-bak-cepc-0026	1258.8835000000036	189.347	62.0718	-21.7687	698.032	118.425
CUS1	PRP11	ma-bak-cepc-0807	1038.5840000000026	122.491	41.8115	-3.51873	598.53	175.429
RPL21A	RPL7A	ma-bak-cepc-0813	572.5365000000002	13.9316	28.2681	-12.4387	70.4835	-1.24971
SEC62	SEC61	ma-bak-cepc-0185	945.9019999999982	33.588	60.8169	-14.768	81.5759	51.4496
VMA4	VMA2	ma-bak-cepc-0191	2155.013999999999	12.8945	77.7663	-43.5131	-3.96659	67.378
FIP1	PAP1	ma-bak-cepc-0608	1381.8125	179.759	84.0404	-29.4696	743.159	86.9877
POL30	RAD27	ma-bak-cepc-0146	1052.710999999999	17.0698	25.9765	-19.4298	-28.3724	-32.123
GPI2	GPI19	ma-bak-cepc-0620	546.9074999999975	25.9527	8.81253	-9.46457	11.38	56.3983
ALB1	ARX1	ma-bak-cepc-0634	1563.9620000000032	34.1351	81.0282	-34.9437	219.948	132.248
PET123	MRPS28	ma-bak-cepc-0152	1108.464	41.7171	38.1496	-29.1522	200.59	75.7999
TUL1	DSC2	ma-bak-cepc-0387	625.443499999994	95.5161	72.3735	-13.62	103.836	234.43
PNO1	PWP2	ma-bak-cepc-1099	620.8020000000033	64.6351	193.908	-9.1644	235.971	413.602
RPC37	RPC53	ma-bak-cepc-0393	3922.3315	63.4174	122.703	-96.2289	314.962	699.549
SNF8	VPS36	ma-bak-cepc-1066	2015.572	19.0297	121.678	-53.3879	-4.62939	371.885
VPS21	GDI1	ma-bak-cepc-0378	951.9909999999982	44.7137	60.3044	-11.8446	109.751	-23.0818
PSF1	PSF3	ma-bak-cepc-1072	1347.0680000000011	19.2508	25.7578	-39.543	16.1226	29.7648
MRPL40	MRPL25	ma-bak-cepc-0422	973.8290000000017	24.138	12.5391	-26.2848	99.6023	73.1133
RPS1A	RPS14B	ma-bak-cepc-0344	876.4590000000007	39.7849	20.2268	-15.5126	122.607	67.8017
MRPS5	RSM25	ma-bak-cepc-0350	376.3574999999983	36.9427	19.6509	-6.37409	140.519	129.444
ATG8	ATG7	ma-bak-cepc-0436	1964.8060000000005	19.7388	71.5616	-21.2861	-9.85978	15.1295
TOM20	TOM22	ma-bak-cepc-0368	548.3269999999993	10.0218	35.5484	-15.4274	-16.1165	156.316
TIF6	NOG1	ma-bak-cepc-1076	2082.305500000002	35.3232	90.6137	-33.476	51.8586	258.482
LAS17	BZZ1	ma-bak-cepc-1062	363.9689999999973	419.141	117.932	-3.31065	1467.93	285.128
MRPS9	RSM24	ma-bak-cepc-0432	734.5480000000025	55.9113	51.8305	-15.8312	172.589	233.897
MRPS5	RSM24	ma-bak-cepc-0354	1517.4524999999994	31.8893	45.612	-25.7989	129.161	212.593
SNC2	CPD1	ma-bak-cepc-0340	729.0554999999986	14.0482	25.3983	-22.8035	34.3646	26.5624
MRPL40	OXA1	ma-bak-cepc-0426	941.2170000000006	20.6968	70.426	-20.6243	91.543	231.434
TFB5	TFB2	ma-bak-cepc-1089	1244.5755000000026	4.10965	70.3132	-29.7845	10.1575	94.0648
TFA2	TFA1	ma-bak-cepc-0397	2118.703499999996	104.041	194.235	-54.1334	443.818	675.508
EBP2	BRX1	ma-bak-cepc-0383	3067.461000000003	105.822	41.0568	-67.3069	563.466	128.337
GPI2	SPT14	ma-bak-cepc-0618	1479.5714999999982	28.9629	61.4221	-28.0706	4.15322	-20.8665
RPC31	RPC82	ma-bak-cepc-0156	3219.0465000000004	88.2603	77.7058	-69.5881	451.586	134.33
ATG27	ATG9	ma-bak-cepc-0630	1721.093500000003	57.6981	372.068	19.4657	220.891	1332.86
OST2	SWP1	ma-bak-cepc-0624	1342.536	12.5521	27.7593	-34.7722	20.1052	120.836
UBC4	SLX8	ma-bak-cepc-0142	592.1539999999986	11.5424	118.113	-2.22541	-15.2722	563.62
TIM50	TIM23	ma-bak-cepc-0817	1136.0204999999987	101.067	28.29	-21.705	336.771	140.214
SMD1	SMD2	ma-bak-cepc-0803	940.8510000000006	20.6649	14.8257	-21.2533	92.6943	18.9395
RFA1	RFA3	ma-bak-cepc-0195	550.757999999998	106.68	10.4286	-12.1401	243.064	13.382
CBP3	CBP6	ma-bak-cepc-0181	2748.7744999999977	46.8409	17.452	-68.2578	77.24	91.5965
SMX3	LSM3	ma-bak-cepc-0778	818.9905000000008	9.79993	11.8406	-15.1684	33.0731	29.0642
SNN1	VAB2	ma-bak-cepc-0022	1938.378499999999	9.83024	65.1165	-47.7091	41.5795	327.392
TRM112	TRM11	ma-bak-cepc-0744	1676.1509999999998	8.23639	53.2476	-36.9082	2.21798	13.7657
RRS1	RPF2	ma-bak-cepc-0988	3115.077000000001	12.6015	47.2565	-68.2292	113.588	214.762
YIF1	YIP1	ma-bak-cepc-0750	993.5655000000006	94.3139	55.3959	-27.4855	214.531	223.249
COX2	COX1	ma-bak-cepc-0036	3611.145499999999	32.7716	68.9476	-67.9818	81.9721	-62.1069
RLP24	NOG1	ma-bak-cepc-0963	2601.0599999999977	12.6901	65.5699	-65.0037	52.9428	259.675
MED7	SRB7	ma-bak-cepc-0977	2033.8499999999983	25.2355	6.23218	-64.9862	101.494	-3.51034
PRP38	SNU23	ma-bak-cepc-0787	1718.2644999999975	49.7825	30.6472	-38.822	130.999	128.005
MAP1	YN8H	ma-bak-cepc-0793	3108.922999999999	53.7764	61.2429	-55.6956	91.3853	159.074
MEX67	MTR2	ma-bak-cepc-1102	2865.709500000001	112.753	30.5607	-58.3489	261.758	88.17
SCO1	COX17	ma-bak-cepc-0208	934.7814999999993	57.5469	7.22434	-13.7258	180.142	36.4524
FTR1	FET5	ma-bak-cepc-0546	1773.1694999999963	69.4614	82.6784	-39.0032	177.239	28.971
RPS2	RPS21B	ma-bak-cepc-0220	1336.2970000000005	41.4888	6.00056	-17.14	111.031	41.0837
IMG2	YML6	ma-bak-cepc-0234	1291.0040000000008	31.0106	37.1907	-28.5248	127.072	128.113
RFC4	RFC1	ma-bak-cepc-0552	1957.275499999996	28.1879	188.551	-27.3123	-19.1034	674.121
OST1	STT3	ma-bak-cepc-0585	1294.6465000000026	50.0445	78.805	-26.0201	54.6506	30.5824
RPL10	RPL20B	ma-bak-cepc-0591	78.07499999999891	27.5239	11.3117	-2.28943	84.2433	30.6375
CAT5	COQ9	ma-bak-cepc-0590	1633.620500000001	30.4018	28.5695	-30.6538	59.3579	32.7942
OST1	WBP1	ma-bak-cepc-0584	296.8904999999977	56.5937	56.6816	-4.4791	53.64	78.7204
BUB2	CLB2	ma-bak-cepc-0235	880.197500000002	33.8436	205.411	9.64966	-66.6226	565.808
VPS27	HSE1	ma-bak-cepc-0553	3081.795499999993	256.404	109.973	-84.032	820.371	358.979
LSM5	SMX2	ma-bak-cepc-0547	1089.8114999999998	7.41228	6.91582	-23.8479	16.9506	21.9413
PUP3	PRE1	ma-bak-cepc-0221	546.8349999999991	21.159	13.6339	-9.41739	-14.8519	-39.5432
SCO1	COA6	ma-bak-cepc-0209	692.2070000000022	62.6458	13.6004	-17.1082	193.454	32.1824
MED11	SRB4	ma-bak-cepc-1103	1837.349500000004	9.75291	154.065	-36.468	46.8476	526.514
SED5	SFT2	ma-bak-cepc-0792	563.3274999999994	80.7936	34.2722	-13.3681	205.104	95.9699
PRP38	SPP381	ma-bak-cepc-0786	1087.091999999997	59.7726	141.031	-24.2742	156.726	597.795
MED7	SOH1	ma-bak-cepc-0976	1371.1810000000005	21.9137	23.3995	-38.9464	96.6677	56.2676
PAM18	PAM16	ma-bak-cepc-0962	1025.638499999999	41.9571	26.9612	-23.6767	171.474	83.1837
VPS75	RTT109	ma-bak-cepc-0751	1707.3240000000003	34.2131	50.2916	-29.5343	127.298	57.2633
UAF30	TOP1	ma-bak-cepc-0989	947.0820000000022	69.5308	160.844	-11.3688	224.978	314.111
COX2	COX12	ma-bak-cepc-0037	955.7545000000008	30.005	9.09436	-17.6833	53.15	25.9876
TDA2	AIM21	ma-bak-cepc-0023	1216.9979999999996	13.1247	431.497	-22.7836	41.2408	1801.49
NOG2	RPF2	ma-bak-cepc-0745	1666.7534999999953	51.7476	40.899	-32.5089	224.891	184.377
LSM3	PAT1	ma-bak-cepc-0779	-13.118500000004133	18.2144	262.307	0.015015	48.4765	915.058
RNR1	RNR2	ma-bak-cepc-0180	2790.165500000003	143.961	38.9321	-26.045	213.965	-1.77121
RFA1	RFA2	ma-bak-cepc-0194	1236.0095	92.4899	64.8145	-20.7723	239.085	218.06
SMD1	SMB1	ma-bak-cepc-0802	891.195499999998	26.4915	54.4477	-21.1365	96.25	241.169
VPS28	VPS36	ma-bak-cepc-0816	744.3600000000006	42.5485	136.467	-13.0321	70.7999	398.422
ATG36	PEX3	ma-bak-cepc-0625	3663.386000000002	165.603	82.2935	-46.3087	706.802	87.1323
UBC4	UFD2	ma-bak-cepc-0143	1179.608500000002	16.104	89.8301	-15.8293	-2.62087	-238.121
RPC31	RPC17	ma-bak-cepc-0157	360.21650000000227	84.5693	23.5767	-9.58619	430.98	57.8925
RPA34	RPA49	ma-bak-cepc-0631	2994.7059999999983	34.6479	33.2537	-70.2833	254.878	94.8997
GPI2	GPI1	ma-bak-cepc-0619	1164.6775000000016	26.485	54.7508	-29.709	13.9371	2.3526
EBP2	LOC1	ma-bak-cepc-0382	764.5440000000017	102.103	28.4408	-15.0401	564.652	204.274
SPC34	SPC19	ma-bak-cepc-0396	2772.513000000002	46.8074	21.6897	-77.8633	210.507	106.366
VMA9	STV1	ma-bak-cepc-1088	2202.431499999999	5.40066	144.446	-51.1261	12.5758	328.389
PRP18	SLU7	ma-bak-cepc-0341	960.9149999999972	40.119	66.1165	-30.2476	151.01	419.643
MRPL40	MRPL22	ma-bak-cepc-0427	660.1699999999983	17.0959	48.1844	-11.373	101.48	232.428
PPS1	SER3	ma-bak-cepc-0433	517.2209999999977	123.643	51.4523	-10.7941	272.199	69.8855
TIP20	SEC20	ma-bak-cepc-0355	2057.243999999999	66.681	131.703	-30.8172	-43.7474	350.986
PAA1	PTC2	ma-bak-cepc-1063	1561.5115000000003	19.1492	90.4768	-22.6361	15.2924	266.422
RPL13A	RPL36B	ma-bak-cepc-1077	560.3174999999992	13.5335	4.81106	-10.2518	119.115	21.1543
APS1	APL4	ma-bak-cepc-0369	2976.229000000003	18.8755	128.975	-56.4805	-0.953835	185.121
MRPL17	MRPL36	ma-bak-cepc-0419	933.0169999999998	33.0168	66.7686	-20.6108	140.722	359.215
AHC1	AHC2	ma-bak-cepc-1061	2714.623500000001	235.536	9.0255	-90.0734	990.68	28.2746
NOT5	MOT2	ma-bak-cepc-1075	847.447500000002	157.952	298.283	-14.636	541.805	1058.9
MRPL40	MRPL27	ma-bak-cepc-0425	1420.1355000000003	26.1289	16.9673	-20.4873	103.083	183.901
MFT1	THP2	ma-bak-cepc-0343	4977.871999999999	108.24	23.8839	-149.434	450.359	79.7585
RPB7	RPB4	ma-bak-cepc-0357	2431.257500000001	11.4989	32.4018	-54.0143	-2.13056	128.717
RRI2	PCI8	ma-bak-cepc-1049	2820.1029999999955	133.638	122.096	-51.9037	290.747	154.827
MRPS9	RSM23	ma-bak-cepc-0431	764.8874999999971	43.0248	71.2249	-12.9369	163.17	139.9
EMC3	EMC6	ma-bak-cepc-0380	1110.2260000000006	53.9937	12.888	-27.7751	125.483	19.7759
RPC37	RPC11	ma-bak-cepc-0394	591.6765000000014	53.2723	14.1583	-10.46	306.324	67.9699
PRP4	PRP3	ma-bak-cepc-0169	3308.933999999997	64.7455	47.9284	-62.8276	107.507	251.397
UBC4	TUL1	ma-bak-cepc-0141	603.2494999999981	13.3965	99.6083	-9.40763	-2.5232	79.1001
GON7	PCC1	ma-bak-cepc-0627	1281.5830000000003	10.3788	10.1007	-43.2611	31.7449	13.3235
LSM1	LSM2	ma-bak-cepc-0633	1209.5865000000013	43.6958	11.1785	-18.6619	110.496	14.4524
PET123	MRPS8	ma-bak-cepc-0155	516.2204999999958	41.7289	21.8099	-12.5127	208.332	-0.643276
MRPL13	MRPL51	ma-bak-cepc-0800	893.3365000000013	39.6066	14.6195	-13.8554	205.203	94.4913
RPL21A	RPL5	ma-bak-cepc-0814	430.9060000000027	10.4414	23.6255	2.09171	68.805	68.9743
SDH2	SDH3	ma-bak-cepc-0182	1286.8934999999983	49.899	48.111	-22.2107	122.508	155.78
VPS30	ATG14	ma-bak-cepc-0828	2476.296000000002	182.433	43.0241	-80.8539	549.263	69.4882
MRPL8	MRPL32	ma-bak-cepc-0196	1071.2174999999988	30.7982	39.7148	-24.2105	27.0213	230.988
PRT1	TIF34	ma-bak-cepc-0009	1394.7640000000029	107.786	54.323	-31.9865	200.972	40.4988
COB	QCR8	ma-bak-cepc-0035	868.0340000000015	38.4379	17.0311	-26.8607	-45.1206	78.316
CSL4	RRP40	ma-bak-cepc-0753	433.1815000000024	64.5108	18.5656	-6.44345	251.745	9.5833
POP3	RPR2	ma-bak-cepc-0747	2333.165499999999	11.7758	21.3365	-45.3619	29.4093	95.8605
SNN1	BLI1	ma-bak-cepc-0021	1842.0955000000013	13.9259	4.10097	-56.4894	37.128	-8.94365
NOP12	PWP1	ma-bak-cepc-0974	2091.413999999997	115.206	84.1453	-45.2352	557.525	292.839
NSE1	NSE4	ma-bak-cepc-0960	1083.0429999999978	33.8714	66.8816	-22.3895	76.925	336.425
SED5	SLY1	ma-bak-cepc-0790	2415.5385000000024	95.5585	100.989	-46.7167	258.087	159.894
MHR1	MRPL16	ma-bak-cepc-0948	-0.643499999998312	30.2294	36.9763	-0.0459253	52.3723	154.58
TMA20	TMA22	ma-bak-cepc-0784	803.2294999999995	28.5984	48.7595	-11.3946	8.52774	105.865
PNO1	NOB1	ma-bak-cepc-1101	813.0479999999989	63.6469	103.327	-18.2734	239.256	425.226
DSN1	NSL1	ma-bak-cepc-0579	5053.109499999999	203.16	18.5992	-132.638	976.856	81.4272
PDS1	CHK1	ma-bak-cepc-0551	1075.390499999994	213.213	57.5327	-18.5107	984.66	33.1997
RFA3	RFA2	ma-bak-cepc-0237	1164.0470000000005	10.5946	68.691	-33.7104	11.1307	224.599
PUP3	PRE2	ma-bak-cepc-0223	951.5745000000006	22.891	26.3159	-13.5832	-9.23075	50.3786
LCP5	BFR2	ma-bak-cepc-0545	5134.055	78.8391	139.687	-165.951	414.62	709.675
UFE1	SLY1	ma-bak-cepc-0592	961.0020000000004	58.0255	94.5974	-23.8509	145.189	180.713
GAB1	GPI16	ma-bak-cepc-0586	2884.8099999999977	40.9538	90.2781	-73.3091	-101.86	163.752
GAB1	GAA1	ma-bak-cepc-0587	981.0119999999988	40.1657	71.9437	-15.0674	-110.35	-6.67943
UFE1	SEC20	ma-bak-cepc-0593	1237.289499999999	65.5942	85.2996	-23.2572	158.066	221.338
PUP3	PUP1	ma-bak-cepc-0222	2275.861499999999	20.2295	24.1543	-42.6122	-14.607	65.6711
LCP5	SGD1	ma-bak-cepc-0544	1257.888500000001	61.7185	245.425	-22.4463	370.578	837.125
CCS1	SOD1	ma-bak-cepc-0550	869.1455000000005	39.8677	15.2843	-18.99	84.0276	27.647
BUB2	TEM1	ma-bak-cepc-0236	1150.813	34.2208	49.6096	-11.0561	-58.7701	106.48
PNO1	UTP14	ma-bak-cepc-1100	624.060000000005	70.4241	305.907	-16.1879	248.644	1445.03
DSN1	NNF1	ma-bak-cepc-0578	219.17599999999948	226.586	14.4587	-4.76261	988.13	38.2335
SSL2	TFA2	ma-bak-cepc-0785	609.5349999999962	204.061	120.03	-19.0027	543.778	500.305
MCM21	CTF19	ma-bak-cepc-0949	3796.6775000000016	54.776	66.4331	-94.4483	189.983	224.121
SED5	BET1	ma-bak-cepc-0791	269.5465000000004	80.0273	40.3064	-8.70895	195.537	136.921
NSE1	NSE3	ma-bak-cepc-0961	2426.703999999998	36.9068	41.6305	-46.859	66.1738	81.6107
HRT1	RTT101	ma-bak-cepc-0975	1430.0319999999992	50.0894	136.732	-34.9997	261.915	224.313
NOG2	NOG1	ma-bak-cepc-0746	1257.3050000000003	61.1606	72.7849	-24.7421	234.002	242.922
NCS2	ALB1	ma-bak-cepc-0020	320.82250000000204	63.3746	33.3255	-4.35133	115.972	220.471
COB	CYT1	ma-bak-cepc-0034	1664.8644999999997	38.4716	52.8733	-38.3893	-29.9196	146.664
CSL4	RRP43	ma-bak-cepc-0752	979.7920000000012	65.2623	44.5211	-11.2527	255.214	165.697
PRT1	TIF35	ma-bak-cepc-0008	1339.171999999999	122.141	48.501	-33.1748	247.519	242.477
MRP51	MRP4	ma-bak-cepc-0829	1247.984499999999	52.1502	52.2496	-19.4	219.054	178.066
MRPL20	MRPL3	ma-bak-cepc-0197	1716.8945000000022	22.9028	70.9479	-20.6189	193.592	237.457
SDH2	SDH8	ma-bak-cepc-0183	892.4955000000027	56.3007	28.467	-18.526	153.592	204.662
VPS28	STP22	ma-bak-cepc-0815	1522.8640000000014	34.7735	72.5116	-37.4239	49.5652	192.152
RSC4	RSC58	ma-bak-cepc-0801	2877.283000000003	131.072	123.372	-40.9396	406.088	454.355
LSM1	PAT1	ma-bak-cepc-0632	1244.843500000003	35.0092	269.032	-22.2089	123.111	956.077
PET123	MRPS16	ma-bak-cepc-0154	985.174500000001	62.9578	6.54581	-18.6786	252.649	52.3269
UBC4	MOT2	ma-bak-cepc-0140	547.6419999999998	16.468	268.069	-11.585	-5.17471	997.134
GON7	KAE1	ma-bak-cepc-0626	589.7685000000001	17.0913	40.7355	-10.5096	36.6081	-37.3748
YMR31	KGD2	ma-bak-cepc-0168	982.635000000002	17.6172	172.109	-16.0334	179.22	543.608
SPC34	DUO1	ma-bak-cepc-0395	749.1624999999985	25.9661	79.9395	-16.0245	140.194	330.218
EBP2	ERB1	ma-bak-cepc-0381	726.5685000000012	142.471	236.723	31.3504	644.55	861.886
IES3	IES5	ma-bak-cepc-1048	1510.9629999999995	66.5727	7.40604	-36.4806	307.068	46.6083
NUF2	NDC80	ma-bak-cepc-0356	10345.162500000006					
MRPS9	RSM19	ma-bak-cepc-0430	310.6305000000011	37.3642	7.51132	0.049584	143.956	30.7726
MRPL40	MRPL24	ma-bak-cepc-0424	1090.0920000000006	20.4908	20.4766	-28.2985	93.3072	81.8141
SDH3	TIM18	ma-bak-cepc-0342	1889.8369999999995	38.9966	24.3543	-46.4385	148.67	154.825
NOT5	CDC36	ma-bak-cepc-1074	2999.4815000000017	180.433	15.9456	-61.1511	542.443	87.518
MRPL17	MRPL28	ma-bak-cepc-0418	2853.012499999997	36.3638	18.8585	-66.1578	166.485	123.139
EAF3	RCO1	ma-bak-cepc-1060	1965.0705000000016	99.6028	233.729	-32.9166	302.092	1184.98
