gene1	gene2	interface_area	filename	IntraclashesGroup1	IntraclashesGroup2	Interaction Energy	StabilityGroup1	StabilityGroup2
SSS1	SEC61	1828.718499999999	ma-bak-cepc-0367	8.76389	207.986	-29.5953	46.7963	333.19
RPL13A	RPL18B	358.2445000000025	ma-bak-cepc-1079	50.1747	67.9677	7.36182	223.308	186.684
BET3	TRS23	1099.223	ma-bak-cepc-0401	53.7689	117.505	12.5111	118.701	258.355
MRPL15	MRPL3	1356.6950000000031	ma-bak-cepc-0415	93.2775	160.836	-8.45087	247.609	445.079
RER2	NUS1	2917.246500000001	ma-bak-cepc-0373	95.3826	135.095	-19.365	176.876	370.571
MED4	CSE2	2143.5455	ma-bak-cepc-1045	408.024	63.4106	-35.3677	774.628	225.917
MRPS9	MRP4	1906.6129999999976	ma-bak-cepc-0429	99.3996	160.398	-1.53601	295.038	436.587
RPN6	RPN7	1448.630000000001	ma-bak-cepc-1051	102.355	155.947	-11.2274	171.646	278.889
COA3	MSS51	461.9049999999989	ma-bak-cepc-1086	10.9318	182.255	1.29016	78.5212	368.902
TFA2	TFG2	834.5445000000036	ma-bak-cepc-0398	161.834	192.446	-0.657265	621.432	698.101
MHF1	MHF2	2219.4630000000006	ma-bak-cepc-1092	21.2252	21.0991	-34.1961	40.8478	54.8014
RPN11	RPN2	1578.640999999996	ma-bak-cepc-0603	93.6672	309.312	-3.38853	245.771	589.683
RGR1	NUT2	2282.876000000004	ma-bak-cepc-0165	743.423	32.955	-46.6216	1530.19	94.347
MRPL33	MRPL49	610.1684999999998	ma-bak-cepc-0171	12.2758	52.9153	-1.06655	43.7018	195.544
GCD14	GCD10	3614.703000000001	ma-bak-cepc-0617	117.064	186.795	-16.2614	285.027	427.32
STE4	GPA1	1848.552	ma-bak-cepc-0159	195.705	192.584	32.4482	453.102	460.859
TIM50	PAM17	243.8280000000013	ma-bak-cepc-0818	217.931	64.9317	0.349477	627.148	224.123
SRP1	NUP2	1406.2615000000003	ma-bak-cepc-0824	185.855	822.637	20.3389	376.286	2286.18
MRP51	RSM18	1114.0960000000014	ma-bak-cepc-0830	152.407	55.6937	-1.62747	436.181	192.837
ORC4	ORC5	3049.4040000000023	ma-bak-cepc-0777	252.343	188.584	18.4127	560.165	407.943
SOP4	NSE4	589.2815000000046	ma-bak-cepc-0011	74.0056	169.905	5.94511	173.318	570.137
ROT1	SKN1	2981.6359999999986	ma-bak-cepc-0005	130.108	599.486	-11.5483	326.228	1497.59
GIM3	YKE2	425.09350000000086	ma-bak-cepc-0763	24.997	12.9865	-9.29863	40.5378	20.314
DDC1	RAD17	1835.824999999997	ma-bak-cepc-0993	411.052	194.539	49.6075	1143.36	514.285
COX3	COX13	1699.398000000001	ma-bak-cepc-0039	80.4665	43.9664	-12.0669	85.7277	123.671
RPN8	RPN5	1472.960999999999	ma-bak-cepc-0987	86.2888	151.948	-12.66	286.022	209.059
MED7	NUT2	710.1694999999963	ma-bak-cepc-0978	64.9979	31.7155	-15.2643	202.368	98.9472
SNP1	STO1	727.0360000000001	ma-bak-cepc-0788	182.728	309.634	72.4166	565.379	398.839
UBX5	UFD1	1465.2450000000026	ma-bak-cepc-0950	211.062	141.639	16.6243	599.06	508.587
URN1	AIM4	1636.9980000000032	ma-bak-cepc-0944	254.2	75.4834	38.6571	653.643	205.051
RNA15	PCF11	1507.9625000000017	ma-bak-cepc-0213	103.308	269.034	-3.5717	365.998	866.564
IST3	BUD13	2938.712999999996	ma-bak-cepc-0575	63.5895	121.286	-14.3015	124.07	455.529
FMC1	ATP12	1624.3515000000025	ma-bak-cepc-0561	36.203	125.21	10.3534	75.6931	259.859
PRE7	PRE4	876.6204999999991	ma-bak-cepc-0207	70.4785	57.0707	9.08535	167.656	129.986
LSM5	LSM6	942.8745000000008	ma-bak-cepc-0549	24.5156	30.3327	-3.20009	68.8571	71.3317
LSM5	LSM3	49.76850000000013	ma-bak-cepc-0548	18.9507	25.9739	0.373142	56.4972	79.5021
COA1	CMC1	768.325499999999	ma-bak-cepc-0560	99.2136	23.2186	10.1791	302.417	74.2169
PRE7	PRE2	1238.313	ma-bak-cepc-0206	77.0584	100.683	-2.81945	167.754	216.408
RNA15	RNA14	2483.3804999999998	ma-bak-cepc-0212	129.66	213.329	-28.9528	393.018	470.242
FAF1	DIP2	449.93150000000605	ma-bak-cepc-0574	255.165	474.496	-2.38311	793.992	837.411
ERF2	SHR5	2516.998	ma-bak-cepc-0945	164.941	83.04	-4.06394	365.191	220.876
MRL1	NHX1	1765.121500000001	ma-bak-cepc-0951	211.636	423.817	0.629543	672.542	790.713
RSM23	SWS2	453.4225000000006	ma-bak-cepc-0789	186.485	42.5779	4.19518	415.597	140.004
MED7	MED4	1828.5700000000036	ma-bak-cepc-0979	51.574	110.991	-15.3655	196.852	476.163
COX3	COX1	2472.934000000001	ma-bak-cepc-0038	81.4277	229.438	-37.9566	83.9119	239.739
RPN8	RPN9	2013.828499999996	ma-bak-cepc-0986	104.256	153.333	-5.88258	312.406	234.939
CTI6	DEP1	1796.5740000000003	ma-bak-cepc-0992	449.343	221.409	-7.28059	1388.82	852.323
DLT1	YP153	954.9939999999988	ma-bak-cepc-0004	146.041	61.9548	-5.7022	468.778	118.795
GIM3	PAC10	1326.2374999999993	ma-bak-cepc-0762	27.1102	56.8657	-6.89114	40.9332	73.8903
ORC3	ORC4	494.32999999999447	ma-bak-cepc-0776	251.975	257.966	9.02687	538.926	549.333
PRT1	HCR1	698.5410000000047	ma-bak-cepc-0010	320.022	123.98	6.45603	721.12	517.841
PEX25	PEX11	1889.1195000000007	ma-bak-cepc-0831	154.383	68.2095	146.944	390.652	107.6
SEN54	SEN34	3679.6765000000014	ma-bak-cepc-0825	221.682	89.0595	-3.82299	622.59	189.265
TIM50	TIM17	1206.6804999999986	ma-bak-cepc-0819	210.131	46.3631	9.34929	606.795	130.304
SPO7	ICE2	854.5564999999988	ma-bak-cepc-0158	106.233	280.018	-17.6723	268.336	407.303
MRPL33	MRPL31	906.5639999999994	ma-bak-cepc-0170	13.8073	51.1399	-12.4257	45.7366	131.06
SKI6	RRP42	905.2690000000002	ma-bak-cepc-0616	80.0992	93.6969	6.57954	119.407	130.999
CAF16	SAH1	970.1264999999984	ma-bak-cepc-0602	109.131	180.351	-4.79094	197.373	258.882
RGR1	SRB7	823.5630000000019	ma-bak-cepc-0164	757.186	32.1676	-6.1015	1594.72	85.2221
KTI11	DPH1	693.6540000000005	ma-bak-cepc-1093	13.9113	181.079	16.4193	32.127	340.495
LAS1	GRC3	3748.964999999997	ma-bak-cepc-0399	193.777	241.422	-3.1375	479.754	560.099
COA3	PET191	1114.415500000002	ma-bak-cepc-1087	24.6765	35.2361	2.67922	80.8179	87.901
QCR10	QCR9	606.2030000000004	ma-bak-cepc-0428	15.6448	9.6097	-10.334	85.0772	51.2241
NDJ1	MPS3	1004.9595000000044	ma-bak-cepc-1050	158.726	383.825	-2.50859	338.993	1085.31
SME1	SMX3	858.0240000000003	ma-bak-cepc-1044	23.3218	27.6187	-11.3692	63.5643	76.7738
MRPL11	MRPL44	866.6670000000013	ma-bak-cepc-0414	133.565	32.8611	9.92016	324.68	46.1612
TAF14	RVB2	165.8199999999997	ma-bak-cepc-0372	127.803	187.046	0.810408	280.869	426.117
RPL13A	RPL28	1138.735999999999	ma-bak-cepc-1078	46.4313	58.8743	0.504281	187.422	189.678
RRP1	MAK16	479.1770000000033	ma-bak-cepc-0366	127.23	120.118	9.09462	209.239	471.414
BET3	BET5	973.4589999999988	ma-bak-cepc-0400	59.1236	58.4275	3.97368	111.812	117.611
PTC1	NBP2	2021.3235000000025	ma-bak-cepc-0370	110.161	180.057	8.9603	215.57	555.437
MRPL27	MRP20	1202.5750000000007	ma-bak-cepc-0416	51.1946	94.343	8.14481	232.433	334.056
BET3	TRS33	1832.91	ma-bak-cepc-0402	54.8977	103.753	-20.3454	111.683	231.232
UTP11	SAS10	665.0420000000013	ma-bak-cepc-0364	109.038	282.142	3.87303	330.902	1112.14
RPN6	RPN5	696.8624999999993	ma-bak-cepc-1052	101.85	141.799	1.38656	177.722	202.771
RPB7	RPO26	397.0550000000003	ma-bak-cepc-0358	42.8917	59.8467	-0.948756	59.4333	218.348
MED4	SRB7	1134.6399999999994	ma-bak-cepc-1046	125.675	19.7838	0.155514	481.576	66.9388
PCC1	KAE1	887.1010000000006	ma-bak-cepc-1091	19.9729	169.986	-21.1787	38.5055	236.123
CMC2	PET100	723.5640000000003	ma-bak-cepc-1085	32.7551	27.8565	-10.6922	74.909	97.2866
ARC1	MES1	1089.4859999999971	ma-bak-cepc-0614	117.657	264.216	1.46077	318.692	279.476
RPB8	RPB10	464.674	ma-bak-cepc-0172	34.5827	20.9396	4.19162	86.2852	41.3302
COX11	PET117	2277.606	ma-bak-cepc-0166	178.313	35.1643	107.564	452.239	129.196
FMP32	YL283	3353.125500000002	ma-bak-cepc-0600	37.1938	182.607	-7.47384	164.113	518.313
PFD1	GIM4	515.6890000000003	ma-bak-cepc-0628	7.03861	28.2164	-10.7443	3.18633	26.7529
ISU1	NFS1	1474.726999999999	ma-bak-cepc-0833	71.4501	188.164	3.39919	194.984	446.872
MRPL20	MRPL22	285.2489999999998	ma-bak-cepc-0199	100.316	117.575	1.8953	343.363	416.387
TFB2	TFB1	279.4869999999937	ma-bak-cepc-0827	227.254	260.676	7.06347	442.23	780.437
PGA1	GPI18	2101.2135	ma-bak-cepc-0760	81.2068	162.965	5.00337	177.574	155.536
INP1	PEX3	1995.4795000000013	ma-bak-cepc-0006	346.753	240.716	86.9063	1119.84	396.887
NOP16	RPL28	487.4340000000011	ma-bak-cepc-0012	79.7968	54.7425	0.35811	345.489	177.807
ORC3	ORC2	4753.290999999997	ma-bak-cepc-0774	274.31	433.377	-19.7902	520.678	1191.76
NAT5	NAT1	734.1419999999962	ma-bak-cepc-0984	41.8606	233.222	-6.92599	107.457	285.555
TIM18	TIM22	500.0839999999989	ma-bak-cepc-0990	88.0708	92.0849	0.637967	275.118	290.047
IST1	VPS4	69.75599999999758	ma-bak-cepc-0748	107.505	115.016	-0.202387	316.357	266.32
MHR1	MRP20	926.2810000000028	ma-bak-cepc-0947	109.055	85.533	6.36338	226.951	313.494
DIB1	PRP31	500.9979999999996	ma-bak-cepc-0953	52.5899	154.042	-3.08283	78.862	492.22
PRE7	PUP1	1373.6499999999996	ma-bak-cepc-0204	68.7061	68.2352	8.27488	171.236	182.603
FYV10	GID8	1233.3285000000033	ma-bak-cepc-0562	206.771	294.096	-2.19381	506.451	836.372
IST3	PML1	808.0054999999993	ma-bak-cepc-0576	43.2523	73.3931	-4.64035	91.8441	220.793
SEC14	PTC7	731.8809999999976	ma-bak-cepc-0210	91.996	140.982	-1.2712	136.995	362.113
RPS5	RPS25A	597.1850000000013	ma-bak-cepc-0238	86.176	29.4312	2.97129	264.927	119.387
CAT5	COQ4	630.0034999999989	ma-bak-cepc-0589	105.752	142.897	11.2554	196.399	254.699
GAB1	GPI17	892.5349999999999	ma-bak-cepc-0588	159.377	177.967	-17.6674	114.797	308.851
RPL16A	RPL3	466.3840000000018	ma-bak-cepc-0239	73.7419	214.808	1.68196	134.901	452.096
DSN1	MTW1	426.3800000000047	ma-bak-cepc-0577	353.36	91.1538	-2.57468	1309.44	319.472
CNB1	CMP2	2594.9865000000027	ma-bak-cepc-0211	75.0036	246.522	-7.22282	175.972	591.614
PRE7	PUP3	638.7114999999994	ma-bak-cepc-0205	91.4685	65.4754	2.01839	196.163	81.3167
FYV10	RMD5	6825.802500000002	ma-bak-cepc-0563	183.116	115.075	-68.5525	441.54	236.312
DIB1	PRP6	1024.1575000000012	ma-bak-cepc-0952	37.6087	336.837	7.05172	57.7923	631.419
AOS1	UBA2	2998.410499999998	ma-bak-cepc-0946	104.895	266.711	4.18554	146.463	634.884
IST1	DID2	511.25	ma-bak-cepc-0749	138.842	42.5967	7.08998	379.701	154.005
CBC2	STO1	1934.266	ma-bak-cepc-0991	109.214	298.957	14.1462	290.792	378.013
RPN8	RPN3	945.4654999999984	ma-bak-cepc-0985	95.473	173.215	-4.74725	296.818	369.313
NOP16	RPL35B	61.86549999999989	ma-bak-cepc-0013	91.5009	29.9047	0.868807	375.478	85.1494
ORC3	ORC5	2208.678500000002	ma-bak-cepc-0775	260.546	238.572	52.8322	530.593	456.673
GIM3	PFD1	56.00300000000061	ma-bak-cepc-0761	33.1445	12.3186	0.474778	50.5845	8.53251
NIP1	TIF5	1164.2929999999978	ma-bak-cepc-0007	342.513	165.769	22.0058	748.873	457.982
MRPL20	MRPL49	605.2279999999992	ma-bak-cepc-0198	90.9912	54.3119	-2.75912	316.165	202.603
NOG1	RPL3	570.9589999999953	ma-bak-cepc-0826	252.28	192.333	6.85107	667.516	441.884
SPP1	SWD3	394.2999999999993	ma-bak-cepc-0832	99.7287	162.308	4.17275	259.142	216.519
PFD1	PAC10	199.2994999999992	ma-bak-cepc-0629	16.8188	59.8962	0.705443	10.2148	79.5191
COX11	COX19	1508.6100000000006	ma-bak-cepc-0167	164.75	34.1098	18.4248	442.969	134.657
MOB2	CBK1	1982.7720000000045	ma-bak-cepc-0601	149.054	523.742	-7.98334	366.95	1426.19
SKI6	RRP45	1697.9389999999985	ma-bak-cepc-0615	92.8628	98.752	-14.7872	141.616	161.456
PRI2	POL12	722.6969999999928	ma-bak-cepc-0173	251.711	337.682	4.97251	482.0	783.021
TSC3	LCB2	1365.335999999999	ma-bak-cepc-1084	37.3163	213.927	-1.42681	76.7975	344.871
COA2	SBH2	397.6215000000002	ma-bak-cepc-1090	24.1664	31.6881	-0.291888	84.302	131.623
MED4	MED1	539.299500000001	ma-bak-cepc-1047	131.405	371.265	-6.2494	503.797	1009.2
SRB2	RGR1	410.50449999999546	ma-bak-cepc-0359	53.5127	708.109	0.0224064	108.039	1515.49
MDM20	NAT3	2573.881000000001	ma-bak-cepc-1053	281.968	85.3305	-11.6673	299.183	147.061
AIM29	ZPR1	466.5034999999989	ma-bak-cepc-0403	78.6503	276.814	2.50089	164.817	537.094
KTI12	ELP2	1445.270999999997	ma-bak-cepc-0365	116.375	375.088	14.0698	164.982	565.081
SQT1	RPL10	1509.2839999999997	ma-bak-cepc-0371	158.002	193.317	84.9123	325.013	294.335
MRPL28	MRPL35	961.5010000000002	ma-bak-cepc-0417	42.9759	206.744	-12.734	209.205	368.556
MRPS5	NAM9	710.4825000000019	ma-bak-cepc-0349	138.602	198.281	22.8238	349.993	337.065
PRP46	CLF1	1150.5964999999997	ma-bak-cepc-1057	280.739	290.746	6.08161	589.6	405.128
PSY3	CSM2	1387.3414999999986	ma-bak-cepc-1043	96.7609	63.4456	21.8003	192.031	103.976
MRPL7	MRPL35	512.5945000000029	ma-bak-cepc-0413	106.964	207.388	7.91033	276.371	359.419
RPC25	RPC31	230.1280000000006	ma-bak-cepc-0375	77.0365	140.754	6.81261	137.551	573.688
LOT5	SMD1	1221.5555000000022	ma-bak-cepc-0361	166.369	53.327	5.99697	487.735	174.672
MRPL7	MRP7	619.6900000000023	ma-bak-cepc-0407	90.2041	126.32	10.1027	232.504	346.016
KTI11	ELP2	273.54349999999977	ma-bak-cepc-1094	21.4084	412.671	2.85325	46.0789	623.624
RPL13A	RPL35B	857.0195000000003	ma-bak-cepc-1080	52.5569	19.486	-5.73921	226.289	63.9253
POL32	POL31	2712.074499999999	ma-bak-cepc-0639	171.339	203.561	-13.49	656.145	380.58
PRE10	PRE4	468.7875000000022	ma-bak-cepc-0177	99.9356	69.6441	4.46475	229.571	160.575
RPA43	RPA14	1902.3689999999988	ma-bak-cepc-0611	134.658	61.5141	-21.225	477.695	246.558
RPN11	RPN5	614.4095000000016	ma-bak-cepc-0605	115.23	142.924	-1.19537	299.128	193.703
RGR1	SOH1	979.188000000002	ma-bak-cepc-0163	681.787	57.6944	-1.25428	1440.19	118.754
MDH2	MDH1	1564.0870000000032	ma-bak-cepc-0188	104.375	79.0628	-16.3823	153.43	123.403
SGF11	UBP8	2017.3489999999983	ma-bak-cepc-0836	22.8351	155.628	13.5872	82.789	333.641
SWP1	WBP1	2893.1690000000017	ma-bak-cepc-0822	65.0218	147.951	-18.378	210.031	285.575
ETT1	TPA1	894.2875000000022	ma-bak-cepc-0981	104.522	289.455	17.9114	221.744	542.578
MRPL22	YML6	188.40350000000035	ma-bak-cepc-0759	112.757	119.096	7.2296	416.444	324.726
NIP7	NOP2	1263.5819999999983	ma-bak-cepc-0995	66.952	354.691	-12.6764	123.308	873.085
ERB1	BRX1	1495.0349999999962	ma-bak-cepc-0003	433.109	125.62	55.6214	1231.48	285.036
COG5	COG7	4031.629999999997	ma-bak-cepc-0765	112.379	130.423	-55.3866	212.737	375.018
RPL15B	PWP1	1654.9659999999967	ma-bak-cepc-0771	101.75	233.752	23.3699	244.445	622.15
CDC123	GCD11	2366.792000000005	ma-bak-cepc-0017	227.987	209.048	130.517	417.415	515.973
SPP382	CWC23	2995.644	ma-bak-cepc-0942	368.886	109.662	-7.49753	819.87	254.409
PRP11	HSH49	479.8909999999996	ma-bak-cepc-0956	128.105	87.1408	8.98286	368.989	156.286
STP22	MVB12	1581.3745000000015	ma-bak-cepc-0229	128.168	25.8258	-7.32302	343.694	122.554
RSM25	RSM26	1299.8735000000015	ma-bak-cepc-0567	98.0218	112.374	1.56455	314.467	229.353
MRPL25	MRPL10	836.4300000000003	ma-bak-cepc-0201	44.9675	161.597	-0.766586	135.876	528.994
BUD31	URN1	591.5240000000013	ma-bak-cepc-0215	52.9276	213.888	-1.71009	144.978	592.494
EMC5	EMC2	1784.9680000000008	ma-bak-cepc-0573	16.3458	80.4541	-20.5062	112.392	54.2251
SNZ3	SNO1	1341.5385000000006	ma-bak-cepc-0598	121.862	60.9963	7.16701	157.241	109.188
EMP47	SSP120	2297.681499999999	ma-bak-cepc-0599	163.431	100.641	-7.99646	422.565	283.182
RAD57	RAD55	3466.011999999999	ma-bak-cepc-0214	183.385	232.189	13.5394	390.543	633.962
ARC15	ARC40	709.8059999999987	ma-bak-cepc-0572	36.9941	158.023	14.2348	81.9646	317.127
RSM25	RSM18	541.8659999999982	ma-bak-cepc-0566	108.306	46.9975	-6.12405	305.875	153.609
SPO11	REC102	1550.1709999999985	ma-bak-cepc-0200	151.61	139.135	-21.7786	275.62	203.685
SPB1	RRP17	1134.8584999999948	ma-bak-cepc-0228	429.203	86.8629	-6.0291	1275.84	359.681
PBP4	PBP1	1250.1219999999958	ma-bak-cepc-0957	119.326	490.911	-3.51699	485.29	1767.13
RRP15	MAK11	1614.8184999999976	ma-bak-cepc-0943	155.387	259.42	-10.5884	528.202	610.227
RPL15B	RPL35B	469.5920000000024	ma-bak-cepc-0770	99.6382	19.0191	2.31966	232.335	77.227
MDM10	TOM7	982.0984999999964	ma-bak-cepc-0016	221.716	10.6646	-0.972082	689.526	52.4319
TAF4	TAF9	1801.5134999999973	ma-bak-cepc-0002	265.509	70.7616	-16.2922	883.467	266.032
YAF9	SWC4	2574.3195000000014	ma-bak-cepc-0764	63.1349	148.859	-37.2976	163.369	560.286
DDC1	MEC3	1152.7130000000034	ma-bak-cepc-0994	424.594	238.657	-4.90901	1133.65	659.778
MRPL22	MRPL3	730.6419999999998	ma-bak-cepc-0758	132.287	148.827	15.5052	433.737	441.135
RRP40	RRP45	985.1889999999984	ma-bak-cepc-0980	62.4823	78.2205	3.03898	103.426	154.275
SWP1	STT3	335.2100000000028	ma-bak-cepc-0823	80.3695	474.482	3.52271	250.216	656.932
RPB10	RPB3	1122.0164999999995	ma-bak-cepc-0189	13.7858	118.953	-1.76267	50.4282	347.34
SGF11	HFI1	466.0454999999965	ma-bak-cepc-0837	21.0428	256.12	-4.60183	94.7802	815.549
RPN11	RPN8	3712.3825	ma-bak-cepc-0604	61.6891	70.2332	-24.2502	217.776	234.491
CDC42	SKM1	1090.1345000000038	ma-bak-cepc-0162	76.0187	447.354	2.54464	111.128	956.649
SAR1	SEC23	1639.2875000000022	ma-bak-cepc-0176	48.6075	235.764	6.00292	97.304	381.219
RPA43	RRN3	1110.2125000000017	ma-bak-cepc-0610	155.435	332.652	0.697236	475.426	653.326
LSM8	LSM2	1104.5245000000004	ma-bak-cepc-0638	39.8843	35.801	-11.8064	100.705	63.8228
RPL13A	RPL4A	130.7119999999995	ma-bak-cepc-1081	43.9076	216.831	1.26737	198.164	463.646
ISD11	NFS1	1228.9439999999995	ma-bak-cepc-1095	18.1194	200.032	-8.78479	43.6477	449.84
SRB2	SRB5	2042.476999999999	ma-bak-cepc-0360	42.3122	141.37	-13.9367	89.9386	319.776
DAD2	SPC19	1616.0965000000017	ma-bak-cepc-0406	70.3528	46.3454	-8.3403	215.212	178.0
MRPL7	MRPL16	20.66600000000108	ma-bak-cepc-0412	78.3278	96.1977	0.142513	232.096	281.483
UPS2	MDM35	1721.723	ma-bak-cepc-0374	65.9592	14.0278	-12.4904	105.176	58.8825
GLE1	NUP42	1428.836000000003	ma-bak-cepc-1042	190.413	449.717	-8.79016	472.095	1506.9
PRP46	SNT309	830.2760000000017	ma-bak-cepc-1056	289.823	54.3913	0.33453	603.076	219.565
NPL4	UFD1	1998.2235	ma-bak-cepc-0348	207.887	133.444	3.23866	425.313	454.034
LSM2	LSM3	1226.4444999999996	ma-bak-cepc-0438	23.7143	19.0871	-4.76382	52.5695	67.2169
CLF1	CEF1	3384.111499999999	ma-bak-cepc-1040	289.369	203.232	8.59229	396.134	759.158
ERP3	ERV25	1287.3735000000015	ma-bak-cepc-1054	73.624	56.3546	-4.05717	181.702	128.465
DAD2	ASK1	1622.9540000000015	ma-bak-cepc-0404	58.1408	186.048	-18.3526	203.663	704.632
LST4	LST7	2690.1765000000014	ma-bak-cepc-0362	645.557	90.3127	-4.33103	1629.4	173.41
RPC25	RPC17	2042.044	ma-bak-cepc-0376	56.7134	48.2551	-9.72504	117.031	122.141
MRPL23	MRPL3	602.8914999999979	ma-bak-cepc-1068	53.5117	161.909	-6.16107	148.774	459.478
MRPL7	MRPL17	1295.3729999999996	ma-bak-cepc-0410	97.4718	95.6319	5.71927	276.319	292.052
COX19	PET117	387.5929999999989	ma-bak-cepc-1083	51.2246	33.0593	3.02365	159.911	104.022
NCB2	BUR6	2464.4264999999978	ma-bak-cepc-1097	51.8638	57.6695	-49.4881	134.543	193.252
SWD2	REF2	3422.131500000003	ma-bak-cepc-0389	200.195	277.007	27.855	279.787	1031.6
PDA1	PDB1	1827.3285	ma-bak-cepc-0148	199.316	171.883	-11.8072	392.196	324.445
STE18	STE4	2688.834499999999	ma-bak-cepc-0160	19.2916	181.918	-28.0432	102.858	421.464
RPN11	RPN6	718.0809999999983	ma-bak-cepc-0606	83.3362	91.6509	-7.52862	257.213	144.927
CIN2	CIN1	1184.0820000000022	ma-bak-cepc-0612	90.4083	339.364	6.91803	239.552	407.703
SUI2	GCD11	1215.2439999999988	ma-bak-cepc-0174	87.9463	226.147	-6.81182	167.154	494.008
SKI8	SPO11	1484.630000000001	ma-bak-cepc-0821	156.073	119.671	8.55075	303.232	238.138
DIG1	DIG2	948.3559999999998	ma-bak-cepc-0835	337.267	184.024	-1.77278	1334.09	773.543
MEC3	RAD17	968.9249999999992	ma-bak-cepc-0809	260.173	177.782	-0.846386	698.972	486.588
RPL36B	ERB1	502.8614999999991	ma-bak-cepc-0028	10.1159	527.075	2.45833	62.6571	1306.17
LEA1	ISY1	699.8839999999982	ma-bak-cepc-0996	106.517	55.932	-7.44591	251.12	232.153
ESA1	EPL1	5140.626999999993	ma-bak-cepc-0982	278.645	363.267	14.1183	610.809	1362.16
NAF1	SHQ1	1096.7244999999966	ma-bak-cepc-0014	346.23	215.733	-9.814	1124.55	398.828
RPL15B	RPL8B	962.5529999999962	ma-bak-cepc-0772	98.2283	67.4293	-9.23866	233.519	220.706
COG5	COG6	1610.1589999999997	ma-bak-cepc-0766	149.575	306.479	-7.10845	293.93	802.512
RDS3	HSH155	1198.5784999999996	ma-bak-cepc-0955	53.9271	368.987	5.65193	144.246	662.757
MRPL13	MRPL3	697.3420000000006	ma-bak-cepc-0799	86.5214	170.694	-5.2351	362.584	470.082
SPP382	NTR2	2037.0409999999972	ma-bak-cepc-0941	360.157	191.83	-26.0012	833.204	731.18
RCL1	NOP14	1107.6479999999938	ma-bak-cepc-0969	149.924	274.939	-0.70862	225.801	848.882
UTP18	UTP15	950.627999999997	ma-bak-cepc-0558	330.089	261.091	2.49233	895.123	542.554
RSM25	MRPS8	841.5184999999983	ma-bak-cepc-0570	95.5313	61.3117	18.3845	293.827	107.459
STE50	STE11	1191.6389999999956	ma-bak-cepc-0216	226.446	315.62	-13.947	663.138	892.707
MRPL25	MRPL39	480.34000000000015	ma-bak-cepc-0202	46.4794	16.5946	-4.219	141.931	59.0808
RSM25	PET123	679.5404999999992	ma-bak-cepc-0564	97.4362	119.667	-3.87592	273.316	406.675
TOM40	TOM22	736.5655000000006	ma-bak-cepc-0203	116.828	53.8284	-7.48566	373.92	229.908
RSM25	MRP4	1938.0419999999976	ma-bak-cepc-0565	77.3089	176.773	11.9273	250.841	461.731
SDS3	DEP1	2818.9685000000027	ma-bak-cepc-0571	159.382	206.007	-25.8461	590.303	814.158
RRP43	RRP6	1828.9920000000056	ma-bak-cepc-0217	127.586	258.143	70.2612	359.609	821.718
RPC10	RPB3	594.7000000000007	ma-bak-cepc-0559	27.8409	119.971	11.8013	112.955	339.67
LCL2	SCJ1	1064.046999999999	ma-bak-cepc-0968	31.2474	85.7944	17.6216	125.49	293.294
ATG17	ATG31	1377.5119999999988	ma-bak-cepc-0940	89.4443	82.0119	-16.8968	95.3685	310.391
NUP49	NUP57	3388.0605	ma-bak-cepc-0798	356.291	493.902	-32.2531	1121.47	1361.25
ASR1	UBC4	619.8590000000004	ma-bak-cepc-0954	130.615	45.971	15.4436	344.853	58.682
COG5	COG8	788.2459999999992	ma-bak-cepc-0767	123.022	387.882	-8.73725	235.718	1082.3
TAF4	TAF5	708.1875	ma-bak-cepc-0001	255.971	422.898	8.20034	862.727	1011.55
TIF35	TIF34	1603.3379999999995	ma-bak-cepc-0015	87.5943	157.591	-1.81047	342.777	234.567
RPL15B	RPL13A	396.5550000000003	ma-bak-cepc-0773	97.1497	54.6359	15.8235	224.429	234.565
APC5	FOB1	429.2810000000027	ma-bak-cepc-0983	345.897	341.91	3.97552	544.333	961.189
MBF1	RPS26B	577.0120000000006	ma-bak-cepc-0029	42.743	32.075	15.8232	192.111	157.824
TMA46	RBG1	2894.2925	ma-bak-cepc-0997	96.9108	129.761	9.90666	455.201	301.777
CUS1	HSH49	1226.8345000000008	ma-bak-cepc-0808	283.646	91.5091	-9.47951	931.226	181.315
COF1	AIP1	475.7684999999983	ma-bak-cepc-0834	36.3367	211.705	6.65027	71.1844	341.679
TIM50	TOM22	727.5214999999989	ma-bak-cepc-0820	228.022	58.5227	6.02298	630.583	230.828
FAR3	FAR7	3630.114499999996	ma-bak-cepc-0613	48.9004	46.6552	-38.856	154.246	178.869
SAR1	SEC12	1179.0434999999998	ma-bak-cepc-0175	98.3761	192.016	43.0049	188.689	455.257
CDC42	RDI1	1222.6400000000012	ma-bak-cepc-0161	76.2992	80.3418	3.71012	115.697	162.877
MIC19	SAM50	1541.664000000001	ma-bak-cepc-0607	50.7817	247.968	-2.11678	198.365	535.143
SEN2	SEN34	643.2704999999987	ma-bak-cepc-0149	124.629	79.8798	-0.330013	269.676	211.61
TFA1	TFB1	1562.3434999999954	ma-bak-cepc-0388	340.414	238.098	-1.20625	961.281	779.134
SUS1	UBP8	1118.2394999999997	ma-bak-cepc-1096	17.4512	182.785	-2.20045	41.6375	381.307
RPL13A	BRX1	61.84449999999924	ma-bak-cepc-1082	60.4005	124.383	0.721347	251.266	270.934
PSF1	DPB2	1766.5579999999973	ma-bak-cepc-1069	76.0777	382.283	20.4541	157.438	784.92
APL2	APM1	3613.9825000000055	ma-bak-cepc-0377	281.876	215.451	3.7533	670.379	470.531
MRPL7	MRPL36	1340.908000000003	ma-bak-cepc-0411	114.088	91.9286	10.8544	299.675	417.612
DAD2	HSK3	946.7095000000008	ma-bak-cepc-0405	53.7365	19.6323	-2.15496	217.339	38.7895
UTP11	RRT14	1371.2945000000036	ma-bak-cepc-0363	82.7044	55.6851	-2.44873	295.391	219.874
PRP46	CWC23	609.0709999999999	ma-bak-cepc-1055	279.515	113.123	5.03925	550.845	273.08
MUM2	YG036	1261.556500000006	ma-bak-cepc-0439	243.908	632.853	-2.11759	788.94	1601.46
GLE1	DBP5	1581.7959999999948	ma-bak-cepc-1041	294.179	226.535	26.4155	641.951	459.99
POP4	SNM1	1481.5505000000012	ma-bak-cepc-0462	96.9662	88.0827	15.5037	262.979	330.967
TOA1	TOA2	2932.3044999999984	ma-bak-cepc-0304	245.453	30.3496	-63.9456	742.247	105.527
GSP2	YRB1	3052.235999999999	ma-bak-cepc-0310	81.82	66.1476	2.88585	166.257	263.955
MED6	MED8	2283.270999999997	ma-bak-cepc-0476	174.558	74.1482	-10.9788	523.167	306.052
CBF5	GAR1	895.9035000000003	ma-bak-cepc-0338	183.965	121.199	-10.8428	485.052	407.058
ATP16	ATP15	1109.174500000001	ma-bak-cepc-1026	54.4989	11.0666	3.30963	152.117	58.5309
SLP1	EMP65	1506.8944999999949	ma-bak-cepc-1032	373.842	279.254	29.5988	1102.54	551.538
YHS2	CIA1	1107.009500000002	ma-bak-cepc-0489	76.8549	164.78	9.97098	261.44	213.044
RPS16B	RPS5	1179.2765000000018	ma-bak-cepc-0106	55.0612	76.0567	-5.0276	118.742	226.093
SSN8	SSN3	2119.5935000000027	ma-bak-cepc-0660	121.567	301.681	8.22541	165.315	833.028
GPI8	GAA1	1403.9424999999974	ma-bak-cepc-0674	182.262	234.003	1.24378	486.458	361.744
MRP2	RSM27	1056.6409999999996	ma-bak-cepc-0112	30.685	12.7034	-5.21778	92.1811	98.9151
UTP15	NOC4	645.9049999999988	ma-bak-cepc-0884	268.204	280.577	11.8109	580.674	466.423
RSM7	MRP10	815.6274999999987	ma-bak-cepc-0648	87.0093	25.6459	-6.49078	271.842	112.825
GRH1	SEC23	1649.7834999999975	ma-bak-cepc-0890	314.722	268.176	69.2311	678.857	424.683
TFB3	RAD3	1455.583999999999	ma-bak-cepc-0847	68.6994	301.457	35.7645	213.882	413.151
TRS31	TRS23	557.0240000000013	ma-bak-cepc-0853	144.803	134.76	-3.16342	431.926	276.129
RHO1	LRG1	1283.974000000002	ma-bak-cepc-0072	70.4074	452.074	26.7242	171.251	910.327
RRP46	RRP43	1525.9544999999962	ma-bak-cepc-0714	86.9325	135.515	-8.71786	111.067	415.252
USE1	SEC20	1581.335999999999	ma-bak-cepc-0700	85.6118	195.967	-9.10886	294.233	526.164
RPS13	KRI1	1731.8400000000038	ma-bak-cepc-0066	60.7609	270.699	-14.6839	126.847	1039.64
TIM13	TIM8	1892.6545000000008	ma-bak-cepc-0728	33.9192	9.04929	-6.23735	111.374	39.9963
VTA1	VPS4	459.46900000000096	ma-bak-cepc-0933	164.487	114.698	0.493095	432.234	266.773
GMC2	ECM11	3111.786	ma-bak-cepc-0927	57.5687	164.772	2.73788	204.133	659.998
RPL20B	RPL21A	874.7890000000007	ma-bak-cepc-0099	59.2135	39.7918	-5.47078	142.463	128.471
RPS14B	RPS26B	884.0139999999992	ma-bak-cepc-0516	52.6863	41.0619	4.12728	136.921	159.866
TPD3	CDC55	1763.453000000001	ma-bak-cepc-0270	187.179	298.313	3.80833	293.881	741.405
PRE4	PRE2	648.1799999999985	ma-bak-cepc-0264	64.917	92.4721	3.05541	145.524	201.68
REV7	REV1	1913.8870000000024	ma-bak-cepc-0502	79.5817	483.763	38.3485	161.638	1222.2
RPL8B	RPL27A	265.27700000000004	ma-bak-cepc-0258	84.1749	50.0225	-0.929884	235.975	89.8535
RPL8B	NOP7	212.6284999999989	ma-bak-cepc-0259	102.49	225.484	1.17331	253.859	670.401
CRM1	YRB1	892.5835000000006	ma-bak-cepc-0265	306.536	78.8026	-7.16059	301.447	295.203
RAD55	CSM2	1384.7180000000008	ma-bak-cepc-0503	239.286	71.4533	-1.43922	657.675	129.877
RPS14B	FAP7	1401.9635000000017	ma-bak-cepc-0517	44.8135	54.2615	-9.42636	123.363	105.962
CCR4	POP2	1307.4550000000015	ma-bak-cepc-0271	456.345	230.624	1.77577	1155.62	632.444
EST2	EST3	1567.1555000000008	ma-bak-cepc-0926	310.797	63.3512	7.31583	349.302	120.366
RPL20B	RPL14B	717.2784999999985	ma-bak-cepc-0098	67.3168	36.1839	-0.0915487	148.978	88.005
YSH1	PFS2	483.39250000000175	ma-bak-cepc-0932	332.384	300.108	-1.60027	708.561	609.769
GPI1	ARV1	955.626500000002	ma-bak-cepc-0729	231.778	126.62	-3.47486	403.012	188.194
USE1	SEC39	1114.3315000000002	ma-bak-cepc-0701	91.6656	250.437	-11.6074	342.32	327.23
RAD6	BRE1	753.5555000000022	ma-bak-cepc-0067	68.317	228.171	-2.51178	120.959	639.2
RHO1	RDI1	1285.7104999999992	ma-bak-cepc-0073	91.7664	71.4944	32.0047	196.039	150.948
RRP46	CSL4	499.2390000000014	ma-bak-cepc-0715	85.1428	139.824	2.59057	100.187	416.183
TRS31	TRS20	2143.802999999998	ma-bak-cepc-0852	119.512	67.6502	14.9489	382.248	145.841
HEH2	YJE9	400.9100000000035	ma-bak-cepc-0846	502.383	151.11	0.599331	1394.63	389.875
GRH1	BUG1	1790.1365000000003	ma-bak-cepc-0891	191.425	262.757	-10.9126	545.586	830.501
RSM7	MRP4	569.1645000000026	ma-bak-cepc-0649	75.5906	225.411	-6.63196	262.459	517.028
VTI1	PEP12	2198.3330000000024	ma-bak-cepc-0885	43.926	95.1867	-3.75513	72.0203	184.419
GPI8	GPI17	2719.9175	ma-bak-cepc-0675	180.24	167.403	-5.54806	487.846	299.05
MTF2	SLS1	4424.267500000002	ma-bak-cepc-0113	216.779	280.297	56.8984	564.818	671.26
RPL12B	RMT2	755.4799999999996	ma-bak-cepc-0107	39.4857	145.676	11.079	89.5925	307.94
ENP2	RPS7A	199.79999999999563	ma-bak-cepc-0661	382.069	75.7691	2.45701	1056.41	142.962
LSM12	PBP1	2164.8105	ma-bak-cepc-0488	67.9903	551.217	-11.8627	157.553	1827.96
DAD1	DAD3	1225.7914999999994	ma-bak-cepc-1033	19.4024	23.2329	-16.0438	108.281	78.5726
ATP16	ATP3	972.4220000000024	ma-bak-cepc-1027	43.1433	109.08	-9.68554	127.093	240.157
CBF5	NOP10	1391.8919999999998	ma-bak-cepc-0339	179.259	11.4183	-14.99	483.964	40.4297
GSP2	KAP95	2130.0260000000017	ma-bak-cepc-0311	88.8615	219.154	32.8613	216.816	155.855
RPP1	POP5	1169.8475	ma-bak-cepc-0477	126.69	27.861	-3.60547	281.665	87.8042
REI1	RPL22A	1250.6645000000026	ma-bak-cepc-0463	171.992	53.7191	8.00046	551.167	128.943
PEX2	PEX10	2206.223000000002	ma-bak-cepc-0305	91.3993	112.284	-15.1636	224.446	244.468
MED6	SRB4	1305.843000000008	ma-bak-cepc-0475	154.517	368.903	-3.452	495.328	1033.37
SSO1	SEC9	2950.503999999993	ma-bak-cepc-0313	78.3228	391.473	-27.0122	187.204	1372.87
YKU70	YKU80	10543.8845	ma-bak-cepc-0307	199.494	177.79	-97.367	496.808	513.319
SAS10	MPP10	2604.2774999999965	ma-bak-cepc-1019	334.801	610.614	-4.46282	1232.84	1550.35
POP4	RPR2	1464.4800000000014	ma-bak-cepc-0461	161.245	47.4737	11.1036	350.677	154.67
UMP1	PUP1	990.798499999999	ma-bak-cepc-0449	81.7693	76.1892	-2.11602	230.434	208.539
UBX3	DSC2	1235.3040000000035	ma-bak-cepc-1031	223.212	198.329	13.7219	523.596	458.427
YRA1	SUB2	1435.8104999999996	ma-bak-cepc-1025	102.236	264.256	20.846	379.771	487.834
PRI1	PRI2	939.799500000001	ma-bak-cepc-0111	149.905	229.189	-13.1016	218.334	448.073
PEX21	SES1	1121.7869999999966	ma-bak-cepc-0677	176.255	146.971	-0.0399856	632.772	222.86
MTR3	RRP43	2126.677499999998	ma-bak-cepc-0663	79.798	142.363	22.6122	208.605	393.496
RPL18B	RPL4A	1113.5370000000005	ma-bak-cepc-0105	63.1358	116.907	5.96174	167.86	396.307
GIM5	PFD1	145.30499999999847	ma-bak-cepc-0893	26.3103	10.7904	0.129195	54.4556	6.58295
VTI1	TLG1	1855.726499999997	ma-bak-cepc-0887	35.6588	54.2488	-13.0815	60.4554	190.205
NOP1	NOP58	1242.2479999999996	ma-bak-cepc-0139	183.841	165.612	9.33567	451.212	455.78
GPI17	GPI16	2423.5625	ma-bak-cepc-0878	169.624	286.212	-8.08871	312.219	544.355
GCN5	ADA2	4417.301000000003	ma-bak-cepc-0850	158.774	300.087	-12.0467	405.447	501.106
BRR6	BRL1	469.4099999999962	ma-bak-cepc-0688	81.0322	308.891	-2.93429	210.593	1084.99
YML9	YL032	4016.8925000000017	ma-bak-cepc-0844	304.462	416.272	66.2821	1096.63	798.67
RPS13	KRR1	652.9070000000029	ma-bak-cepc-0065	45.0816	64.2338	1.28964	78.1165	245.434
SGF73	SPT20	776.6264999999985	ma-bak-cepc-0703	478.838	395.859	0.242234	1805.7	1256.08
RRP46	RRP40	1251.3364999999994	ma-bak-cepc-0717	61.1815	79.4009	12.3376	70.2384	125.769
RHO1	SAC7	823.4235000000044	ma-bak-cepc-0071	99.2956	473.566	46.9106	224.92	1411.95
RPL6B	RPL14B	516.0645000000004	ma-bak-cepc-0059	57.9864	30.0367	0.401548	164.903	68.339
DUS4	YP108	2360.2829999999976	ma-bak-cepc-0918	157.769	57.5175	-0.513352	239.293	179.759
MRD1	RRP36	918.3575000000056	ma-bak-cepc-0924	409.132	155.437	14.4682	1219.36	533.814
SMD2	SMX3	776.9759999999987	ma-bak-cepc-0930	25.6959	26.6468	-0.714472	48.4161	77.1646
HSP10	HSP60	487.78700000000026	ma-bak-cepc-0501	17.1549	184.5	-8.51252	64.7574	346.141
ATP7	ATP17	890.0874999999996	ma-bak-cepc-0267	20.8532	31.2659	-3.17286	120.643	123.576
SRP21	SRP72	743.8544999999976	ma-bak-cepc-0273	101.447	250.154	5.88454	341.492	542.29
TIM17	MGR2	858.0079999999998	ma-bak-cepc-0515	37.6632	30.6636	-16.3028	129.251	119.71
NOC2	MAK16	1004.141499999998	ma-bak-cepc-0529	285.521	146.24	1.48817	613.305	504.87
SRB5	SRB4	696.1729999999952	ma-bak-cepc-0298	188.692	329.909	2.92619	428.04	932.798
SRB5	MED8	1268.4935000000005	ma-bak-cepc-0299	189.609	74.8839	-0.100135	462.625	293.407
RVS167	YP077	615.0544999999984	ma-bak-cepc-0528	310.169	179.11	77.8904	812.518	600.437
VPH2	VMA22	761.6065000000017	ma-bak-cepc-0272	78.2402	79.5528	-13.4905	166.346	206.527
PCF11	CLP1	3423.927499999998	ma-bak-cepc-0514	275.887	134.146	-18.2723	824.461	217.418
CHL4	MCM21	1807.2380000000007	ma-bak-cepc-0500	180.625	206.082	6.40563	371.914	477.1
ATP7	ATP4	2961.218499999999	ma-bak-cepc-0266	35.3142	60.6993	-36.1461	153.347	230.286
YSH1	MPE1	1271.515500000001	ma-bak-cepc-0931	317.378	202.448	8.46247	684.464	655.76
YL271	PRP43	339.1790000000001	ma-bak-cepc-0925	138.019	282.46	6.39034	429.268	395.923
MRPL51	MRPL3	1450.5225000000028	ma-bak-cepc-0919	22.5379	203.131	16.4384	97.2189	482.87
RPL6B	RPL32	169.02900000000045	ma-bak-cepc-0058	59.191	62.8791	3.34903	151.806	160.38
RRP46	RRP45	1104.313	ma-bak-cepc-0716	69.2104	95.7808	20.1972	74.7212	167.869
CDC7	DBF4	5534.409	ma-bak-cepc-0070	196.947	459.371	-30.7686	462.923	1583.19
RPS3	RPS10B	1090.348500000002	ma-bak-cepc-0064	59.5324	30.5733	6.96691	183.359	70.683
SGF73	UBP8	3331.186499999996	ma-bak-cepc-0702	452.305	143.441	18.1977	1633.79	343.564
MRPS17	MRPS28	1579.8665	ma-bak-cepc-0845	70.1893	113.969	20.6723	152.625	269.756
EMC4	EMC2	1454.360999999999	ma-bak-cepc-0689	73.5268	75.7249	-8.66386	214.366	70.2899
TRS31	BET3	1736.0865000000013	ma-bak-cepc-0851	127.713	50.9411	-14.9782	404.348	103.045
GPI19	SPT14	1653.2659999999996	ma-bak-cepc-0879	27.6436	194.959	-1.31652	106.56	275.374
VTI1	VAM7	1943.3115	ma-bak-cepc-0886	29.3632	96.1366	3.81601	59.5049	324.024
NOP1	DBP3	1090.804500000002	ma-bak-cepc-0138	160.086	166.041	-9.26145	396.345	371.205
SPC24	NDC80	857.2354999999952	ma-bak-cepc-0892	85.8565	305.261	0.194328	307.378	748.88
ENP2	BFR2	1640.7774999999965	ma-bak-cepc-0662	382.038	251.093	-5.59288	1037.47	950.717
RPL18B	RPL28	678.5699999999997	ma-bak-cepc-0104	78.9741	53.2314	13.3608	180.685	166.758
PET122	PET54	1614.4850000000006	ma-bak-cepc-0110	74.1746	148.538	8.10474	97.4997	355.479
MIC26	MIC10	37.02700000000005	ma-bak-cepc-0676	71.3757	41.5404	0.549912	212.407	133.287
SSF2	RRP15	1618.2379999999976	ma-bak-cepc-1024	200.78	125.439	-10.6446	593.257	485.215
POP7	POP1	1186.4330000000043	ma-bak-cepc-0448	48.9952	402.785	7.74025	141.446	827.748
NFI1	UBC9	805.4689999999973	ma-bak-cepc-1030	478.151	49.2087	11.8613	1499.96	62.0931
SPC3	SPC1	1034.8140000000003	ma-bak-cepc-1018	66.4635	31.1295	-10.9277	130.949	76.2764
EMP24	ERV25	1924.7915000000007	ma-bak-cepc-0306	91.7496	66.9819	3.14836	190.032	137.902
TRS20	TRS85	1293.9055000000008	ma-bak-cepc-0460	68.5867	304.397	-2.53961	150.029	629.244
PIH1	TAH1	1074.601500000001	ma-bak-cepc-0474	179.799	23.0337	-13.9839	463.669	41.4795
PEP12	SFT2	643.5714999999982	ma-bak-cepc-0312	95.3878	89.8211	-5.43278	187.209	213.618
NYV1	VAM7	1365.558000000001	ma-bak-cepc-1034	84.7299	99.3042	11.4292	179.886	353.407
ENP1	LTV1	2449.863000000005	ma-bak-cepc-0458	243.523	176.385	2.57046	663.662	818.268
SAS10	NOC4	2459.833000000006	ma-bak-cepc-1020	255.792	252.407	9.50496	1167.29	402.361
IMP3	UTP11	768.2249999999985	ma-bak-cepc-0316	49.6978	61.4974	8.3959	131.719	291.907
FCF2	UTP6	1823.155999999999	ma-bak-cepc-1008	83.2261	198.506	-22.8765	327.336	330.711
ATX1	CCC2	447.15599999999904	ma-bak-cepc-0470	16.776	363.477	2.97186	24.3521	662.817
PAF1	CDC73	449.98250000000553	ma-bak-cepc-0464	216.473	167.888	3.80738	877.866	472.251
TCA17	TRS130	1466.4285000000018	ma-bak-cepc-0302	31.9738	351.006	-7.93249	57.8164	457.908
GIM5	GIM3	231.1869999999999	ma-bak-cepc-0896	28.092	30.5266	2.06037	51.7849	46.8028
CAP2	CAP1	3662.4174999999977	ma-bak-cepc-0128	121.887	51.4965	-42.2313	185.391	119.229
RAD33	RAD14	1248.933000000001	ma-bak-cepc-0882	71.2194	150.989	5.88903	127.183	540.02
VMA10	GTF1	275.08650000000125	ma-bak-cepc-0672	14.7056	71.6057	-2.98203	45.1812	313.019
BIK1	PAC1	835.9225000000006	ma-bak-cepc-0114	229.346	279.744	8.64413	714.307	426.153
RPS4B	RPS24B	448.48199999999815	ma-bak-cepc-0100	75.119	28.073	3.32924	145.345	86.8784
MTR3	RRP6	873.3300000000017	ma-bak-cepc-0666	80.1565	270.024	5.11261	239.284	827.83
CWC21	TAD1	569.6885000000002	ma-bak-cepc-0855	36.6509	130.545	10.5107	149.037	237.172
SNO1	TAE1	283.09399999999914	ma-bak-cepc-0841	66.273	74.4599	8.47389	109.456	95.9084
SLD3	SLD7	2455.539499999999	ma-bak-cepc-0699	400.123	64.7098	-0.602566	1294.12	145.76
TAF12	TAF6	741.0350000000035	ma-bak-cepc-0869	309.429	249.095	71.3137	1082.41	640.072
RPL25	RPL35B	797.018	ma-bak-cepc-0048	46.0116	18.6892	-8.82128	111.97	76.6823
JAC1	ISU1	845.3574999999983	ma-bak-cepc-0706	54.8068	72.0356	9.71257	105.806	189.576
RPS3	RPS17B	530.8744999999999	ma-bak-cepc-0060	66.8619	59.2528	-3.68399	188.37	138.567
SNF1	SNF4	1986.6609999999964	ma-bak-cepc-0074	393.186	95.2825	7.76538	871.482	133.555
COX18	COX20	126.96700000000055	ma-bak-cepc-0712	154.993	96.7545	0.0661934	321.367	319.331
COG4	COG2	3932.332000000002	ma-bak-cepc-0921	335.787	82.852	50.2993	577.574	201.388
TFC6	TFC8	2145.1330000000016	ma-bak-cepc-0935	326.013	204.757	36.0621	811.757	322.67
TAF9	TAF5	1315.9524999999994	ma-bak-cepc-0909	47.1107	426.461	-2.91474	203.015	1053.29
GET2	GET1	1549.0199999999968	ma-bak-cepc-0538	127.245	70.2638	-14.5778	414.702	175.633
ERG9	ERG26	1068.148499999999	ma-bak-cepc-0262	114.212	91.6193	-0.976547	116.465	95.3777
SHU2	SHU1	1425.6765000000014	ma-bak-cepc-0504	74.4242	49.9916	-5.16471	158.355	81.05
CCT2	CCT6	1478.0244999999995	ma-bak-cepc-0510	130.232	168.24	-2.71419	206.22	248.198
MRP20	MRPL3	662.7085000000006	ma-bak-cepc-0276	120.208	165.32	6.39333	361.163	460.673
PRP19	CEF1	1178.8145000000004	ma-bak-cepc-0289	293.854	198.179	-13.8815	506.648	779.17
GCD6	GCD7	1311.0184999999983	ma-bak-cepc-0288	316.74	159.842	29.1729	684.108	352.252
CCT3	CCT6	2685.910499999998	ma-bak-cepc-0511	162.23	168.553	13.7838	291.574	252.181
MRP20	MRPL13	355.0769999999975	ma-bak-cepc-0277	101.773	77.8139	-3.57223	350.638	355.567
PRE4	PUP1	855.0809999999983	ma-bak-cepc-0263	61.1317	67.4133	-3.17699	158.124	181.783
UME6	ATG19	912.9669999999896	ma-bak-cepc-0505	1031.45	583.723	4.75851	3006.21	1050.01
GET2	GET3	1195.945499999998	ma-bak-cepc-0539	106.482	144.196	-2.57473	400.264	258.965
TAF9	TAF13	1657.3739999999998	ma-bak-cepc-0908	68.7196	83.6781	-19.9863	259.506	306.573
EMG1	NOP14	149.5755000000063	ma-bak-cepc-0934	84.2694	260.662	1.03235	203.936	821.072
SNT309	CEF1	1801.093500000003	ma-bak-cepc-0920	49.6657	167.813	-23.7739	186.003	777.205
RAD3	SSL1	840.6135000000068	ma-bak-cepc-0075	302.35	234.479	3.52454	437.24	560.841
PEX8	PEX5	1699.9089999999997	ma-bak-cepc-0713	177.479	352.535	33.019	139.12	1011.78
CUL3	HRT1	2217.350000000002	ma-bak-cepc-0707	275.005	54.9	-26.374	446.073	195.947
RPS3	ASC1	598.6800000000003	ma-bak-cepc-0061	51.0542	154.958	-4.32938	158.963	224.963
RPL25	NOP7	149.66600000000108	ma-bak-cepc-0049	35.274	240.845	7.40996	106.244	683.52
OST6	STT3	2340.857	ma-bak-cepc-0868	158.335	388.159	-43.0428	316.364	511.206
PEX14	PEX17	1675.331000000002	ma-bak-cepc-0698	166.404	63.214	8.46765	559.043	268.144
ERO1	MPD2	657.9035000000003	ma-bak-cepc-0840	346.046	77.7985	9.61088	789.593	189.849
PEX29	PEX30	1715.3084999999992	ma-bak-cepc-0854	681.379	283.768	7.94472	1253.23	842.028
RPS4B	RPS6B	304.0870000000032	ma-bak-cepc-0101	77.9384	82.5889	-1.68289	138.173	160.309
MTR3	RRP42	1122.9804999999997	ma-bak-cepc-0667	85.4389	89.9498	19.0006	248.556	126.159
COQ5	COQ3	725.9480000000003	ma-bak-cepc-0673	137.026	117.014	-10.8389	282.58	256.669
TAF13	TAF6	1570.7495000000015	ma-bak-cepc-0115	97.0759	189.123	-4.87546	301.676	526.518
RAD33	RAD34	1210.400999999998	ma-bak-cepc-0883	63.8727	423.508	-17.733	125.622	872.508
MRPL1	MRP49	827.2160000000022	ma-bak-cepc-0897	94.6213	40.9977	-8.33439	231.945	90.3245
CAP2	TWF1	1346.543999999998	ma-bak-cepc-0129	109.496	110.349	19.313	176.278	311.452
SAP30	SDS3	1004.7875000000022	ma-bak-cepc-0465	115.585	182.851	19.8492	423.725	621.207
IES6	ARP5	3510.735999999997	ma-bak-cepc-0303	34.7468	199.78	-24.1806	169.908	412.933
THP3	THP1	1690.0604999999996	ma-bak-cepc-1009	287.218	225.896	16.4747	747.852	280.987
IMP3	UTP7	970.5514999999978	ma-bak-cepc-0317	49.3592	209.612	3.48694	136.097	505.832
SRP68	SRP72	4837.947	ma-bak-cepc-0471	202.134	234.504	-25.9305	445.348	514.71
ENP1	NOP14	2286.7969999999987	ma-bak-cepc-0459	289.035	272.518	4.95114	761.064	847.806
NSL1	NNF1	805.531500000001	ma-bak-cepc-1021	57.5114	34.359	-0.748442	209.364	141.562
NYV1	YG1A	1721.697	ma-bak-cepc-1035	71.4948	89.518	-15.7561	145.992	190.045
PSF3	SLD5	262.65949999999793	ma-bak-cepc-1023	77.5496	123.389	0.0545848	150.609	308.004
SPT4	SPT5	1388.6545000000042	ma-bak-cepc-0329	33.3205	821.323	-13.5904	89.4941	2351.04
TAF3	TAF10	1491.659499999998	ma-bak-cepc-1037	149.739	127.022	-23.5617	616.243	426.591
VMA8	VMA7	1802.5470000000005	ma-bak-cepc-0301	54.2264	30.6801	-32.124	121.127	74.1324
PRE3	PRE10	419.9315000000006	ma-bak-cepc-0467	56.5847	122.459	-1.83926	123.973	270.325
VPS29	VPS35	3733.378499999992	ma-bak-cepc-0473	122.495	343.142	53.7501	354.304	605.13
IMP3	PWP2	1072.2785000000003	ma-bak-cepc-0315	46.3762	456.526	9.23659	141.904	921.328
RPN10	RPN8	675.7049999999981	ma-bak-cepc-0498	131.876	130.4	1.27243	282.404	345.453
SSN8	KIN28	919.8179999999992	ma-bak-cepc-0659	131.782	123.373	1.9786	178.088	159.725
TAF11	TAF13	1815.3215000000016	ma-bak-cepc-0881	153.613	81.2636	-34.0212	385.054	296.129
GIM5	YKE2	665.3324999999986	ma-bak-cepc-0895	25.9403	10.052	-13.0595	46.5193	18.2354
MTR3	CSL4	1788.1209999999992	ma-bak-cepc-0665	68.9201	141.072	7.12288	236.526	399.171
RPL23B	RPL3	387.7614999999987	ma-bak-cepc-0103	48.6346	212.311	3.84889	100.406	420.055
MRP7	MRPL27	231.29949999999732	ma-bak-cepc-0117	127.214	210.792	23.9213	361.052	423.409
RBL2	TUB2	1137.2300000000014	ma-bak-cepc-0671	19.6392	197.194	19.4422	9.10647	292.149
RSM10	MRP2	1317.9564999999984	ma-bak-cepc-0842	81.3843	34.0184	-0.595835	235.934	91.5451
SLD5	CTF4	710.2374999999956	ma-bak-cepc-0856	122.008	558.173	-7.75458	278.679	1152.0
YN8B	YP063	2235.7080000000024	ma-bak-cepc-0739	151.591	55.4785	5.56611	247.239	186.279
COX18	MSS2	1704.0269999999982	ma-bak-cepc-0711	150.06	120.041	11.9803	308.208	202.868
ATP1	ATP12	1911.7609999999984	ma-bak-cepc-0077	223.352	108.96	25.0582	414.856	281.201
RPS3	RPS29A	402.0630000000001	ma-bak-cepc-0063	60.1566	23.2311	6.86205	191.345	81.7785
HOP2	MND1	4433.257499999998	ma-bak-cepc-0705	42.5777	24.5544	-79.4181	139.572	89.6446
ESF1	RPS11B	1732.3400000000038	ma-bak-cepc-0936	275.568	50.1195	-5.41234	1061.84	171.75
GCD1	GCD6	1305.328000000001	ma-bak-cepc-0088	265.926	304.943	-6.68297	761.064	739.942
RPN7	RPN3	1227.892499999998	ma-bak-cepc-0922	155.486	187.363	-6.53435	275.11	382.154
POP5	POP1	1081.182499999999	ma-bak-cepc-0249	60.9204	448.033	9.40764	157.737	890.326
TFC1	TFC8	503.4959999999992	ma-bak-cepc-0275	268.312	238.95	-0.443514	818.98	381.326
CCT6	CCT8	2330.8044999999984	ma-bak-cepc-0513	150.858	145.709	-1.17685	251.142	337.112
STT3	WBP1	1657.3244999999988	ma-bak-cepc-0507	333.551	160.73	14.3598	485.448	316.68
SEC65	SRP54	940.4445000000014	ma-bak-cepc-0261	120.525	288.33	-13.7172	397.317	614.782
KRE9	SKN1	3304.5840000000026	ma-bak-cepc-0506	101.124	935.473	17.577	273.811	1870.1
PAP1	MPE1	1510.614499999996	ma-bak-cepc-0260	206.837	266.965	-1.52573	393.998	757.767
SRP21	SRP14	2103.117	ma-bak-cepc-0274	75.421	47.5353	-8.66241	237.384	158.536
CCT3	CCT5	1330.853500000001	ma-bak-cepc-0512	166.456	166.441	164.77	261.941	283.8
POP5	POP7	494.89800000000105	ma-bak-cepc-0248	38.8469	72.0654	4.91665	112.325	172.219
RPN7	RPN8	557.8704999999973	ma-bak-cepc-0923	151.67	103.961	-9.97583	271.959	294.88
ESF1	ESF2	414.5665000000008	ma-bak-cepc-0937	267.597	183.242	10.7127	1051.26	572.688
SUI3	GCD11	1309.2099999999991	ma-bak-cepc-0089	144.392	217.448	-10.2851	508.108	521.818
RPS3	RPS20	386.3755000000001	ma-bak-cepc-0062	49.5906	46.9346	0.155279	176.351	129.232
SGF73	HFI1	1915.2619999999952	ma-bak-cepc-0704	480.24	281.891	13.3967	1736.6	853.423
TIM21	TIM17	1062.392499999998	ma-bak-cepc-0710	130.824	45.7295	10.879	383.039	141.352
ATP1	ATP2	1656.5604999999996	ma-bak-cepc-0076	216.133	154.804	9.24137	439.216	318.26
YN87	PBP1	714.650999999998	ma-bak-cepc-0738	187.561	519.104	-3.88406	669.967	1809.35
NHP10	IES5	1401.5824999999986	ma-bak-cepc-0857	73.9473	25.4707	-25.0543	239.557	115.278
RSM10	RSM24	2319.8044999999984	ma-bak-cepc-0843	88.3527	109.516	-20.7293	220.399	390.698
MAS2	MAS1	2333.197	ma-bak-cepc-0116	152.352	158.237	17.9651	241.018	255.847
MSB3	SEC4	1347.671000000002	ma-bak-cepc-0670	407.753	116.866	43.7077	1007.12	231.665
MTR3	RRP46	102.91049999999814	ma-bak-cepc-0664	75.1937	69.2248	0.291398	234.852	85.2848
RPS8B	RPS11B	626.7090000000007	ma-bak-cepc-0102	70.8026	64.4191	12.0094	220.081	175.194
GIM5	PAC10	1327.1584999999995	ma-bak-cepc-0894	28.6523	69.2518	-21.3291	51.1754	96.4439
UTP5	UTP15	2310.75	ma-bak-cepc-0880	396.346	261.61	1.94899	972.696	556.552
YJ9I	YSH1	578.2675000000017	ma-bak-cepc-0658	130.037	369.598	3.76167	236.033	717.677
CHL4	IML3	1527.143500000002	ma-bak-cepc-0499	277.754	79.961	-21.718	488.406	154.288
RPS20	RPS29A	713.6355000000003	ma-bak-cepc-0472	42.1911	22.7496	-1.39407	110.972	80.4424
TIM23	TIM17	848.531500000001	ma-bak-cepc-0314	105.765	53.1696	3.16796	313.563	149.46
SEC17	SEC18	692.8364999999976	ma-bak-cepc-0300	47.22	236.196	0.308988	57.5102	459.809
LEO1	PAF1	5154.853500000005	ma-bak-cepc-0466	321.034	220.135	46.7785	1027.16	828.111
TAF3	SAP30	588.3414999999986	ma-bak-cepc-1036	141.097	144.743	4.76686	615.983	445.535
VPS17	VPS5	2713.841999999997	ma-bak-cepc-0328	257.824	365.954	-28.1295	660.486	1122.1
PSF3	PSF2	1368.4164999999994	ma-bak-cepc-1022	77.1089	78.3551	0.0897646	150.008	182.401
RXT2	DEP1	865.9570000000022	ma-bak-cepc-0443	204.019	242.657	-2.41556	750.208	823.675
RPC34	BRF1	1118.5515000000014	ma-bak-cepc-0325	116.602	227.502	42.1902	320.809	829.667
YPT7	MON1	1595.1634999999987	ma-bak-cepc-0331	70.4638	364.87	15.9323	166.986	851.5
SWC5	SWC3	347.96100000000297	ma-bak-cepc-0457	146.108	473.564	16.0565	564.151	1209.54
MRPL6	MRPL44	498.9934999999987	ma-bak-cepc-0319	61.5385	32.7289	7.08821	137.0	38.9132
FCF2	NOP1	1705.208999999999	ma-bak-cepc-1007	82.7707	185.246	31.2792	330.454	445.575
NOP53	NOP7	1588.224500000004	ma-bak-cepc-1013	209.041	262.789	11.9611	748.188	701.857
RRP4	SKI6	1788.914499999999	ma-bak-cepc-0480	141.599	87.7886	1.41871	389.14	132.057
IKI1	ELP4	1653.7795000000006	ma-bak-cepc-0494	95.8007	241.674	2.39664	272.606	641.408
HAP3	HAP5	2922.851499999997	ma-bak-cepc-0127	43.7838	127.341	-56.2397	159.122	440.736
NPA3	GPN3	2069.237500000003	ma-bak-cepc-0641	170.173	118.163	23.4902	350.689	166.47
SSL1	TFB1	2656.2874999999985	ma-bak-cepc-0899	196.388	183.922	-3.14489	537.335	647.677
ENT3	GGA2	238.7094999999972	ma-bak-cepc-0655	332.37	366.969	61.3487	1015.81	822.227
SAM35	SAM37	1583.4375	ma-bak-cepc-0133	141.532	128.592	10.8016	299.098	226.098
RIM21	DFG16	4195.211000000003	ma-bak-cepc-0669	388.985	310.25	-40.1221	772.393	937.088
YML6	MRPL13	1411.2795000000006	ma-bak-cepc-0682	119.339	77.0394	-2.30812	332.651	336.452
YIP5	YIP1	968.909499999998	ma-bak-cepc-0696	164.824	134.073	4.10115	471.304	332.345
CGI121	BUD32	1196.34	ma-bak-cepc-0866	69.8102	80.9718	-9.38136	95.4921	123.018
TAF12	HFI1	2582.408000000003	ma-bak-cepc-0872	379.909	283.391	-18.2129	1091.51	857.339
RPP0	YL287	1237.2504999999985	ma-bak-cepc-0053	133.726	159.623	14.8649	291.556	196.963
SSU72	PTA1	1819.643500000002	ma-bak-cepc-0735	52.5076	408.57	-6.67851	88.2015	843.54
UTP8	UTP9	1958.156000000003	ma-bak-cepc-0721	336.415	255.564	-16.7185	825.932	652.486
COX4	COX13	639.1090000000004	ma-bak-cepc-0047	40.1071	42.505	-6.98223	191.982	107.974
POP6	POP7	810.4445000000014	ma-bak-cepc-0709	42.7049	32.6337	-14.4379	74.4408	121.577
ATP5	ATP4	948.7435000000004	ma-bak-cepc-0090	71.2722	69.7159	-10.6478	162.553	246.258
RIP1	QCR8	497.5240000000013	ma-bak-cepc-0084	89.8521	33.3681	1.53507	225.588	109.601
FCF1	SOF1	602.8814999999995	ma-bak-cepc-0912	81.1239	270.174	5.82034	200.823	539.219
SPC2	SPC1	715.8454999999994	ma-bak-cepc-0906	71.937	32.2025	-3.42059	112.069	84.2109
UTP7	UTP18	403.5864999999976	ma-bak-cepc-0537	245.584	359.586	10.6137	596.079	886.556
YJU2	CLF1	425.81350000000384	ma-bak-cepc-0251	142.92	311.39	-2.86046	474.202	444.386
COQ3	COQ6	719.244999999999	ma-bak-cepc-0245	108.868	163.324	1.72868	249.85	248.149
FUN12	TIF11	785.122000000003	ma-bak-cepc-0523	633.433	69.6365	47.8624	1518.33	271.384
ASF1	RTT109	1093.2504999999985	ma-bak-cepc-0279	165.005	143.216	-6.63652	528.373	249.672
PRP21	PRP11	2422.7525000000023	ma-bak-cepc-0292	89.2379	99.6749	-36.1428	334.707	322.823
RPN12	RPN3	2081.6434999999983	ma-bak-cepc-0286	85.5497	197.898	20.6435	147.329	419.297
GCD6	GCD11	1793.785499999998	ma-bak-cepc-0287	302.301	214.513	23.2681	655.579	494.544
ZUO1	RPL31A	561.2724999999991	ma-bak-cepc-0293	119.575	44.8512	6.64441	255.299	85.6097
ASF1	CAC2	1028.9989999999998	ma-bak-cepc-0278	170.104	205.001	1.41739	529.471	447.426
CDC15	TEM1	1272.302000000003	ma-bak-cepc-0244	729.221	136.886	43.1617	1425.07	266.108
SWD1	SPP1	931.4529999999976	ma-bak-cepc-0522	143.287	91.7769	18.7323	329.911	244.215
UTP7	KRR1	445.9330000000045	ma-bak-cepc-0536	227.861	76.5411	-3.77528	527.436	277.856
CWP1	IKI1	741.7530000000006	ma-bak-cepc-0250	127.489	95.2819	11.3203	442.157	266.359
TAF7	NAM9	273.08550000000105	ma-bak-cepc-0907	332.283	220.087	5.36121	1199.0	366.901
NSE3	NSE4	2989.7115000000013	ma-bak-cepc-0913	105.74	211.59	-19.7065	250.827	634.786
RIP1	MZM1	1984.3360000000007	ma-bak-cepc-0085	100.771	20.0939	2.42465	281.689	97.9855
TUB1	TUB2	1327.4795000000013	ma-bak-cepc-0091	143.145	155.59	-0.903419	251.231	260.089
SNU71	LUC7	954.3689999999988	ma-bak-cepc-0708	275.699	75.3533	-8.08675	877.967	220.099
COG2	COG3	2698.228000000003	ma-bak-cepc-0720	75.5584	328.852	-27.0053	219.998	712.179
RPP2B	RPP1A	758.8775000000005	ma-bak-cepc-0046	56.0355	40.688	2.60026	178.68	158.751
RPP0	RPL12B	248.35150000000067	ma-bak-cepc-0052	136.681	78.085	4.80972	293.039	137.568
RRN9	RRN10	5258.560999999998	ma-bak-cepc-0734	111.848	29.2777	-61.486	379.233	129.497
ATG16	ATG5	1376.8185000000012	ma-bak-cepc-0873	53.971	126.775	8.54029	154.569	214.805
NSE5	KRE29	3223.1849999999977	ma-bak-cepc-0867	267.34	214.674	32.5309	400.038	589.907
PEX14	PEX5	1916.1369999999952	ma-bak-cepc-0697	153.381	362.005	-0.887924	521.306	1030.15
SKP1	SGT1	936.3759999999966	ma-bak-cepc-0683	70.8546	148.028	5.35191	215.79	425.633
RIM21	RIM8	1734.172000000006	ma-bak-cepc-0668	584.196	281.075	12.1229	1067.6	800.723
IBA57	ISA2	1177.4775000000009	ma-bak-cepc-0654	213.565	74.6579	16.561	488.109	246.371
CDC34	SKP1	644.3680000000022	ma-bak-cepc-0132	135.885	67.5348	17.8873	435.073	198.957
SPT15	NCB2	976.5534999999982	ma-bak-cepc-0126	73.9065	66.5751	-7.44903	142.192	151.3
DPB4	DLS1	2574.825499999999	ma-bak-cepc-0898	94.4231	75.0746	-55.7241	321.588	277.886
BFA1	BUB2	1826.4909999999943	ma-bak-cepc-0640	379.12	115.944	-9.0945	1510.91	120.709
EGD2	EGD1	1623.5949999999991	ma-bak-cepc-0495	62.2959	62.7818	-18.4952	226.889	232.736
RRP4	RRP42	1648.1390000000029	ma-bak-cepc-0481	128.197	88.4023	-3.33394	364.695	127.91
NOP53	RPL25	716.554500000002	ma-bak-cepc-1012	161.239	45.5769	-3.18946	667.856	113.024
TAF10	TAF5	100.2760000000053	ma-bak-cepc-1006	131.586	446.171	-0.207383	431.336	1108.38
IMP3	MPP10	1098.938000000002	ma-bak-cepc-0318	56.3408	295.373	7.72562	148.182	1200.73
SEC61	SEC63	1858.3044999999984	ma-bak-cepc-0330	232.03	227.99	-2.98393	330.369	543.782
ATG12	ATG5	887.0685000000012	ma-bak-cepc-0456	103.774	102.06	11.0502	329.403	179.137
SLM4	MEH1	1533.4630000000016	ma-bak-cepc-0442	67.6162	80.4666	1.33956	109.273	320.916
RPC34	RPC82	2771.119999999999	ma-bak-cepc-0324	98.9005	203.234	0.62392	262.76	507.958
DER1	USA1	975.940499999997	ma-bak-cepc-0454	78.0991	390.288	-9.50205	149.369	996.536
PRP40	SNU71	2785.199499999995	ma-bak-cepc-0332	281.178	264.983	105.632	609.317	849.701
RPC34	MAF1	609.7839999999997	ma-bak-cepc-0326	119.608	302.915	5.0147	333.768	827.171
SMT3	UBA2	745.3765000000021	ma-bak-cepc-1038	46.049	302.348	7.89279	115.975	637.005
ECM2	CWC2	2216.9524999999994	ma-bak-cepc-0440	147.535	131.216	12.8577	378.348	420.523
PRE3	PUP1	608.3659999999982	ma-bak-cepc-0468	62.3576	71.9248	1.5698	114.419	171.716
TGS1	SWM2	1316.8420000000006	ma-bak-cepc-1010	102.375	35.3696	-15.1674	201.44	111.052
YTM1	ERB1	1403.8775000000023	ma-bak-cepc-1004	231.632	712.106	79.3972	433.747	1512.04
RPN10	RPN9	705.9304999999986	ma-bak-cepc-0497	119.664	142.782	10.034	253.656	203.996
IPI1	SDA1	1266.8099999999977	ma-bak-cepc-0483	143.497	332.189	2.64793	376.218	916.752
RPL30	RPL27A	537.0625	ma-bak-cepc-0130	31.4345	35.4668	-1.46101	40.4856	64.6507
MCM22	MCM16	4639.07	ma-bak-cepc-0656	83.1137	53.7585	-1.23712	228.805	126.44
EAF6	EPL1	2175.5815	ma-bak-cepc-0642	41.4457	431.574	-17.9638	158.551	1490.07
SPT15	SPT3	1092.9259999999997	ma-bak-cepc-0124	77.6458	145.172	33.1088	193.048	439.758
MRP7	MRPL17	420.6660000000011	ma-bak-cepc-0118	126.16	100.531	-4.84329	350.127	307.287
YIP4	YIP5	1671.6189999999988	ma-bak-cepc-0695	104.34	161.438	-4.55229	256.087	463.869
NHP10	RVB2	107.8729999999996	ma-bak-cepc-0859	110.406	177.765	0.154696	350.931	428.916
YML6	MRPL10	450.2839999999997	ma-bak-cepc-0681	102.243	138.538	-8.4513	280.983	487.046
TAF12	TAF10	1727.6875	ma-bak-cepc-0871	310.319	111.678	-26.2065	993.725	412.166
BET5	TRS33	705.7374999999993	ma-bak-cepc-0865	46.5736	125.865	11.5658	113.13	264.064
ATP6	ATP4	1121.603500000001	ma-bak-cepc-0044	99.0136	64.4508	-14.9996	176.005	246.597
SYF2	SYF1	1579.1204999999973	ma-bak-cepc-0722	53.78	392.796	6.21766	280.986	664.112
LSC1	LSC2	2217.9079999999994	ma-bak-cepc-0736	97.8969	120.912	0.864008	167.662	225.176
RPL25	NOP15	461.82700000000114	ma-bak-cepc-0050	54.7846	131.324	-0.401235	121.176	406.853
CDC33	CAF20	1710.2384999999997	ma-bak-cepc-0078	78.4459	80.6902	7.29355	169.797	343.293
GCD1	GCD2	2745.538999999997	ma-bak-cepc-0087	271.226	357.344	34.7884	727.708	953.774
ATG17	ATG12	868.0610000000015	ma-bak-cepc-0939	86.1821	134.911	-0.530715	93.4205	357.861
RPL11A	RPL5	247.36149999999907	ma-bak-cepc-0093	51.9783	94.3018	12.9713	108.035	231.369
SPC2	SEC11	994.954499999998	ma-bak-cepc-0905	63.7959	43.0944	-8.28273	98.8068	103.341
ARP9	ARP7	1493.8895000000048	ma-bak-cepc-0911	158.927	134.852	6.24598	333.171	301.709
SWD1	SWD3	1932.5694999999976	ma-bak-cepc-0520	169.829	181.058	33.2878	343.742	225.932
NAM9	MRPS35	3883.492999999999	ma-bak-cepc-0246	230.068	112.156	-24.2128	376.104	424.267
MRP17	RSM18	672.1705000000002	ma-bak-cepc-0252	51.4914	66.1587	10.1588	80.0684	210.431
THO1	SUB2	477.84349999999904	ma-bak-cepc-0534	159.681	260.735	0.320733	498.961	493.685
GAA1	GPI16	1929.4814999999944	ma-bak-cepc-0508	240.227	262.705	14.8889	365.034	518.535
NHP2	NOP10	593.6165000000001	ma-bak-cepc-0285	44.4114	18.3146	-0.500497	97.8554	53.926
PRP21	PRP9	2872.3954999999987	ma-bak-cepc-0291	125.177	189.01	1.71491	396.745	471.153
PRP19	SNT309	731.1299999999974	ma-bak-cepc-0290	274.105	49.7942	-0.186099	473.336	204.494
NGG1	HFI1	1857.650499999996	ma-bak-cepc-0284	601.469	258.266	-0.336791	1580.08	822.515
CCT2	CCT3	1581.7225	ma-bak-cepc-0509	149.294	145.751	-9.73767	233.966	254.376
BRF1	BDP1	2020.171999999999	ma-bak-cepc-0253	267.943	382.417	-3.14186	851.838	1320.74
VTC1	VTC4	2877.1134999999995	ma-bak-cepc-0535	33.1726	230.364	-9.35385	65.3202	506.19
SWD1	BRE2	650.5799999999981	ma-bak-cepc-0521	167.556	248.882	-6.348	353.714	575.633
RPC19	RPB3	1778.2665000000015	ma-bak-cepc-0247	54.6505	118.623	-16.8457	185.258	334.138
TAF9	TAF6	2304.186999999998	ma-bak-cepc-0910	64.7208	239.686	-41.3345	251.934	602.505
ELP6	ELP4	1502.3309999999983	ma-bak-cepc-0904	90.4225	179.917	-0.125533	155.26	551.545
YSF3	HSH155	1407.6499999999978	ma-bak-cepc-0092	31.875	395.908	-5.53386	65.5937	682.22
QCR8	CYT1	665.5555000000004	ma-bak-cepc-0086	27.1958	109.918	-2.46041	93.3111	283.147
LSM6	LSM3	784.5799999999999	ma-bak-cepc-0938	32.0687	23.2438	-0.494761	75.8952	60.122
CDC33	TIF4632	2052.7119999999995	ma-bak-cepc-0079	96.6395	841.155	-18.6677	206.348	2277.69
RET3	SEC21	3030.284	ma-bak-cepc-0737	72.0082	283.521	11.6095	164.483	496.128
HTA2	HTB2	2548.2755	ma-bak-cepc-0051	32.3179	48.5812	-55.945	141.692	168.428
TRP2	TRP3	1302.064000000002	ma-bak-cepc-0045	174.154	221.823	-1.07964	196.773	303.338
SYF2	CLF1	1197.8865000000003	ma-bak-cepc-0723	60.2789	288.35	-1.282	261.646	410.429
BET5	TRS23	1820.5870000000011	ma-bak-cepc-0864	43.0309	116.78	-11.2108	110.74	303.465
TAF12	TAF9	2058.5175000000017	ma-bak-cepc-0870	329.766	73.7568	33.6147	1040.84	277.355
SPT20	HFI1	1080.9314999999988	ma-bak-cepc-0680	485.586	297.149	-4.75308	1436.98	853.47
NHP10	IES3	1994.298999999999	ma-bak-cepc-0858	90.7772	99.8539	-9.72646	277.697	458.293
YIP4	TVP23	1370.8859999999986	ma-bak-cepc-0694	103.624	69.4987	22.6421	260.521	149.115
MRP7	MRPL16	440.2704999999987	ma-bak-cepc-0119	122.169	123.444	-0.187948	345.341	314.697
EAF6	NTO1	1653.013500000001	ma-bak-cepc-0643	56.0881	283.697	-20.9088	175.515	891.993
SPT15	BRF1	1478.6789999999964	ma-bak-cepc-0125	74.4837	298.273	33.2769	195.35	921.179
RPL30	ARX1	663.75	ma-bak-cepc-0131	45.6469	228.304	10.8459	57.1263	482.623
MCM22	CTF3	3037.2980000000025	ma-bak-cepc-0657	81.4216	393.908	417.302	198.274	595.835
LRP1	RRP6	3035.4055000000008	ma-bak-cepc-0482	108.086	299.439	-60.5158	293.239	849.588
UTP9	UTP15	542.1104999999952	ma-bak-cepc-0496	286.085	259.18	-4.28346	716.043	555.948
YTM1	NOP7	1101.1535000000003	ma-bak-cepc-1005	237.763	265.916	21.2008	450.334	710.243
PRE3	PRE4	770.5849999999991	ma-bak-cepc-0469	52.6154	60.3012	-0.289216	97.0604	143.874
HFI1	ADA2	192.85749999999825	ma-bak-cepc-1011	251.029	130.37	-2.17982	858.24	392.438
SMT3	SIZ1	510.4654999999984	ma-bak-cepc-1039	53.8595	787.016	-5.1665	141.099	2190.74
SUI1	NIP1	495.2415000000001	ma-bak-cepc-0327	27.6547	345.918	-4.32388	84.0601	744.46
ALG14	ALG13	1494.2959999999985	ma-bak-cepc-0441	85.7437	61.3722	-14.4813	142.163	99.0652
AME1	NKP1	1188.376500000002	ma-bak-cepc-0455	233.737	46.3703	-22.618	629.275	202.853
PRP40	LUC7	895.9405000000042	ma-bak-cepc-0333	195.791	78.201	-5.26922	522.256	204.129
MED2	PGD1	2232.6665	ma-bak-cepc-1015	278.555	230.13	-0.101574	1046.35	933.073
RPP1	POP4	2108.959999999999	ma-bak-cepc-0479	105.9	111.88	9.84752	235.167	256.989
TRM8	TRM82	1367.3429999999971	ma-bak-cepc-1001	82.6991	237.493	-0.116103	173.232	399.735
CBF5	NAF1	1741.201000000001	ma-bak-cepc-0337	213.625	396.45	15.3281	555.93	1248.39
USB1	SYF1	1478.6065000000017	ma-bak-cepc-1029	129.25	360.902	-16.3106	307.208	617.307
MBA1	OXA1	684.2334999999985	ma-bak-cepc-0451	114.097	192.071	30.0798	259.077	474.245
MMS4	ESC2	1108.345500000003	ma-bak-cepc-0445	383.914	418.727	18.2194	1279.14	1060.44
RPS0A	RPS21B	1431.1509999999998	ma-bak-cepc-0323	92.8105	22.3737	-3.96526	115.492	79.9993
MPC2	MPC1	787.3084999999992	ma-bak-cepc-0492	35.9745	45.5988	-6.43664	90.3175	73.9688
DMA1	DMA2	1430.6075000000055	ma-bak-cepc-0486	311.846	498.542	23.0983	881.171	1234.94
RPS18B	RPS15	716.8834999999999	ma-bak-cepc-0109	55.726	55.4118	7.81192	154.845	161.097
IBA57	ISA1	1566.0885000000017	ma-bak-cepc-0653	210.617	132.689	22.7977	471.384	481.612
CDC26	CDC16	1605.3824999999997	ma-bak-cepc-0135	103.227	399.988	0.87857	313.781	1152.37
LAT1	PDB1	423.9405000000006	ma-bak-cepc-0121	207.852	172.922	15.138	574.203	330.588
VPS25	SNF8	798.2800000000007	ma-bak-cepc-0647	107.257	94.5952	-0.542919	172.094	158.529
CTK1	CTK2	2087.6535000000003	ma-bak-cepc-0874	321.116	114.075	-14.6369	879.284	167.175
MAK3	MAK10	1951.6515	ma-bak-cepc-0860	61.3666	209.666	24.6196	82.3157	263.079
TFB3	CCL1	1867.2514999999985	ma-bak-cepc-0848	84.4625	134.518	1.76866	235.883	306.309
COG1	COG3	2347.931499999999	ma-bak-cepc-0690	180.662	339.941	-12.0909	508.705	761.375
UBC13	MMS2	725.5140000000001	ma-bak-cepc-0684	60.1979	26.6234	3.87536	75.6651	49.1107
KIN28	TFB3	1678.215500000002	ma-bak-cepc-0069	133.033	74.0267	1.92663	170.422	211.407
OKP1	NKP1	728.2574999999997	ma-bak-cepc-0727	168.419	49.8877	-3.92528	656.907	191.727
CDC28	CKS1	326.2415000000001	ma-bak-cepc-0041	158.977	62.5313	7.48394	226.833	110.935
RPL7A	RPL4A	1094.8659999999982	ma-bak-cepc-0055	65.959	138.541	-6.46806	116.744	405.593
OGG1	RAD14	696.3680000000022	ma-bak-cepc-0733	160.362	162.414	23.7516	246.647	551.343
SEN15	SEN34	1498.4295000000002	ma-bak-cepc-0900	43.7493	82.9403	-26.7709	81.0082	216.472
HCR1	RLI1	1491.5165000000015	ma-bak-cepc-0914	147.619	296.327	27.9663	523.59	510.892
PET494	PET54	1820.6955000000016	ma-bak-cepc-0082	237.766	130.299	-0.652613	593.722	349.289
RPL20B	RPL7A	446.8360000000012	ma-bak-cepc-0096	74.7289	64.7834	-3.36199	153.465	109.83
NUT2	ROX3	1141.0260000000017	ma-bak-cepc-0928	35.4281	105.782	-8.94715	91.8762	466.095
DHH1	PBP1	4113.711000000003	ma-bak-cepc-0519	273.568	480.618	61.0495	571.649	1782.79
DPB3	DPB4	3248.319499999998	ma-bak-cepc-0243	111.336	116.327	-53.784	403.814	357.97
SEC72	SEC63	674.2354999999989	ma-bak-cepc-0525	64.2617	248.156	8.69043	85.5976	555.369
PAC2	TUB1	1946.6765000000012	ma-bak-cepc-0531	200.985	295.084	32.9934	368.001	498.755
RPL8B	RPL25	355.3549999999996	ma-bak-cepc-0257	85.0341	50.4308	-1.71193	233.005	126.089
MEI5	SAE3	2321.4745000000003	ma-bak-cepc-0280	77.1527	8.98705	-18.171	222.567	32.5179
ZUO1	SSZ1	2563.833999999999	ma-bak-cepc-0294	163.624	131.283	-24.8694	352.811	246.851
RPA12	RPA14	140.6209999999992	ma-bak-cepc-0295	27.4392	43.1637	0.540086	127.287	202.903
NGG1	SGF29	1846.7579999999944	ma-bak-cepc-0281	410.197	87.7781	-23.6579	1369.76	272.283
PTI1	PTA1	3020.3589999999967	ma-bak-cepc-0530	526.473	494.293	-5.73569	1049.44	988.982
RPL8B	RPL36B	372.7465000000011	ma-bak-cepc-0256	87.4013	12.233	3.62777	244.023	70.6825
INO2	INO4	2119.5705000000016	ma-bak-cepc-0242	187.878	48.4979	-27.593	651.896	223.479
MTW1	NNF1	4222.686999999998	ma-bak-cepc-0524	74.1785	37.902	-60.2901	289.384	127.987
DHH1	EDC3	2204.6330000000016	ma-bak-cepc-0518	267.43	214.056	91.658	576.95	659.062
RPL20B	RPL16A	608.8004999999994	ma-bak-cepc-0097	48.7214	70.2416	-8.17848	113.626	126.648
NUT2	SRB7	1069.5834999999988	ma-bak-cepc-0929	23.4328	19.9548	1.81762	82.3921	53.0019
RIP1	CMC4	646.6580000000013	ma-bak-cepc-0083	109.785	13.5033	-1.16206	276.295	27.3247
UPS1	MDM35	1527.2294999999997	ma-bak-cepc-0915	70.7664	16.9326	-15.3063	100.996	76.7776
RRN11	RRN7	2473.890999999996	ma-bak-cepc-0901	304.104	222.38	-7.63667	831.884	468.671
ATP4	ATP14	1160.1029999999992	ma-bak-cepc-0054	67.6269	57.9181	-4.97694	240.106	303.412
PXR1	PRP43	1364.5955000000104	ma-bak-cepc-0732	184.303	268.619	-11.861	662.136	377.146
OKP1	AME1	4800.914000000004	ma-bak-cepc-0726	176.633	135.967	-48.4733	641.499	497.03
COX6	COX5A	736.9610000000011	ma-bak-cepc-0040	50.8741	46.0187	-6.02147	179.246	199.52
KIN28	CCL1	1133.0770000000011	ma-bak-cepc-0068	114.725	128.192	17.7028	148.988	295.915
UBC12	DCN1	716.7860000000001	ma-bak-cepc-0685	49.4118	89.1469	-4.031	97.9545	126.706
COG1	COG2	889.5825000000004	ma-bak-cepc-0691	153.557	68.0923	-10.8468	368.696	141.185
SDC1	BRE2	1203.210999999999	ma-bak-cepc-0849	132.324	283.313	-21.1297	426.915	575.662
HER2	PET112	1333.0544999999984	ma-bak-cepc-0861	163.123	155.726	3.88803	273.807	281.938
RSM24	RSM27	750.4455000000016	ma-bak-cepc-0875	111.552	18.6809	16.2009	381.798	119.502
MRP7	MRPL35	2031.213	ma-bak-cepc-0120	126.542	192.422	32.0638	344.094	328.787
VPS25	VPS36	728.5935000000027	ma-bak-cepc-0646	106.791	286.418	-3.9125	169.145	689.016
IBA57	CNE1	1311.2930000000017	ma-bak-cepc-0652	258.226	208.492	70.4719	541.334	483.149
SAM35	SAM50	2171.6609999999964	ma-bak-cepc-0134	119.848	217.17	5.82005	247.352	521.401
RPS18B	RPS19B	379.66799999999785	ma-bak-cepc-0108	47.2185	49.5161	4.54739	153.148	77.1383
SET1	SHG1	2236.5985	ma-bak-cepc-0487	680.541	49.5767	-33.4503	2048.52	145.233
SPC97	TUB4	2780.537000000004	ma-bak-cepc-0493	357.679	176.339	48.7015	629.371	346.981
RXT2	RXT3	909.0679999999992	ma-bak-cepc-0444	329.138	150.379	21.0511	911.944	432.947
RPS0A	NOB1	1297.8320000000022	ma-bak-cepc-0322	99.2087	211.924	29.0476	140.036	674.288
MSL5	MUD2	3036.375	ma-bak-cepc-1028	318.484	322.006	-7.37883	919.469	876.773
SUR1	CSG2	1505.568000000003	ma-bak-cepc-0336	152.854	144.055	-8.29866	359.38	323.682
UMP1	PRE2	1234.4935000000005	ma-bak-cepc-0450	73.8126	108.342	8.38043	218.766	218.517
RPP1	POP8	739.4390000000003	ma-bak-cepc-0478	100.575	112.013	-2.41003	237.973	155.111
TFB4	SSL1	2597.6579999999994	ma-bak-cepc-1000	104.876	206.571	-3.68009	307.745	561.443
SLX4	SLX1	1170.4510000000082	ma-bak-cepc-1014	505.199	116.076	-17.2143	1819.55	190.594
DSC3	TUL1	1077.204999999998	ma-bak-cepc-1002	117.691	354.791	-3.91794	370.806	600.572
ORC2	ORC5	1264.4660000000003	ma-bak-cepc-0308	502.742	215.996	-6.41309	1298.76	435.938
GET4	MDY2	3165.5800000000017	ma-bak-cepc-1016	89.3186	41.2596	-18.6131	65.7537	191.404
RPS0A	RPS17B	1216.1900000000005	ma-bak-cepc-0320	91.4818	65.47	5.71672	126.166	137.459
SLI15	IPL1	1981.354499999994	ma-bak-cepc-0446	529.577	220.982	-25.6803	1941.71	531.741
NTC20	CLF1	1189.8604999999989	ma-bak-cepc-0452	80.3697	285.537	-9.79163	280.382	405.004
ARC19	ARC40	1460.6939999999995	ma-bak-cepc-0334	41.6984	173.581	9.01368	78.9883	330.361
YNG2	EPL1	2601.417999999998	ma-bak-cepc-0485	177.16	438.717	-13.8299	467.938	1495.13
CHS7	YNF8	362.2274999999973	ma-bak-cepc-0491	176.371	223.643	1.7555	276.452	860.85
MNN10	MNN11	1545.9905	ma-bak-cepc-0678	207.071	188.113	-2.11684	471.61	367.742
RSM26	MRP4	1585.8470000000016	ma-bak-cepc-0644	104.536	190.326	2.62176	217.258	440.713
GCD2	GCN3	691.8174999999974	ma-bak-cepc-0122	365.781	118.391	3.06757	1017.11	165.781
GCN3	GCD7	1257.0430000000017	ma-bak-cepc-0136	110.528	153.787	17.4867	144.414	309.807
RSM7	MRPS9	911.3994999999996	ma-bak-cepc-0650	81.5706	111.539	-3.42455	274.51	314.13
PEX12	PEX2	2142.3369999999995	ma-bak-cepc-0888	187.941	122.617	-7.43778	492.1	263.108
LIP1	LAC1	783.6070000000036	ma-bak-cepc-0863	67.0806	259.697	-4.65404	157.61	427.76
RPN9	RPN5	822.0769999999975	ma-bak-cepc-0877	143.577	146.743	-3.60647	204.148	221.392
UFD1	UBX3	654.3865000000005	ma-bak-cepc-0687	129.273	224.527	0.761071	486.043	511.925
COG1	COG8	1652.9195000000036	ma-bak-cepc-0693	134.691	465.734	-1.95039	340.395	1103.52
GTF1	PET112	1926.9314999999988	ma-bak-cepc-0718	54.8446	186.239	-17.2943	254.442	325.387
BUD32	KAE1	1821.66	ma-bak-cepc-0730	61.8159	134.248	17.1024	95.7392	164.653
RPL6B	RPL33A	868.3179999999993	ma-bak-cepc-0056	56.2576	30.4646	2.77018	164.318	67.6084
CDC28	CLB1	1697.2800000000025	ma-bak-cepc-0042	134.022	277.639	31.7154	179.112	739.762
GTR2	GTR1	1435.3695000000007	ma-bak-cepc-0724	153.961	107.116	-21.9135	258.853	154.251
VPS38	VPS30	2926.378499999999	ma-bak-cepc-0917	177.471	385.999	-21.446	409.354	942.28
ELP6	IKI1	1627.9025	ma-bak-cepc-0903	79.6229	98.3625	-2.66227	151.62	265.814
STE2	SST2	1926.3145000000004	ma-bak-cepc-0095	227.973	369.35	41.7173	563.033	880.165
ARD1	NAT1	4458.982	ma-bak-cepc-0081	74.602	231.534	-1.73852	177.971	293.267
ATP7	ATP14	935.6734999999971	ma-bak-cepc-0268	27.5561	67.3578	39.7966	139.012	323.196
PEX4	PEX22	703.1165000000001	ma-bak-cepc-0254	53.2953	78.374	-6.53978	70.7721	182.726
OXA1	OMS1	1184.6935000000012	ma-bak-cepc-0532	195.467	211.078	17.3308	493.281	554.24
RVS167	RVS161	5105.445999999996	ma-bak-cepc-0526	227.001	62.089	-87.2593	615.383	115.154
RPL16A	RPL14B	672.2950000000001	ma-bak-cepc-0240	63.4428	28.9081	-14.0919	123.201	71.9031
SRB6	SRB4	2030.8055000000024	ma-bak-cepc-0297	33.3362	342.268	-14.3669	143.935	984.738
NGG1	GCN5	1219.8300000000015	ma-bak-cepc-0283	460.253	197.88	13.3178	1477.55	503.069
NGG1	ADA2	5866.826500000003	ma-bak-cepc-0282	428.076	143.944	-27.8554	1378.07	375.031
RPA12	RPA49	388.588499999998	ma-bak-cepc-0296	30.9178	167.613	3.34898	134.856	400.545
RVS167	LIF1	25.95300000000134	ma-bak-cepc-0527	306.614	321.383	-0.250545	814.236	911.2
RPS7A	RPS22A	467.9035000000004	ma-bak-cepc-0241	65.9122	37.4689	1.95642	142.108	54.9686
RPL8B	ERB1	1223.6184999999969	ma-bak-cepc-0255	95.1794	440.565	7.89748	242.235	1191.0
GIM4	PAC10	600.2739999999994	ma-bak-cepc-0533	20.4945	69.5032	-11.5125	14.8817	93.3482
MRPL9	IMG1	1327.6144999999997	ma-bak-cepc-0269	107.01	54.6711	11.0515	315.584	170.614
BCY1	TPK2	2614.263000000002	ma-bak-cepc-0080	202.488	144.082	2.69071	473.19	284.126
YP17B	STV1	918.1080000000002	ma-bak-cepc-0094	22.7487	434.942	-18.964	61.6874	925.518
GFD1	DBP5	567.2574999999997	ma-bak-cepc-0902	147.541	262.939	2.87781	500.386	508.94
PBA1	ADD66	2072.121499999997	ma-bak-cepc-0916	145.951	91.6751	-2.71106	270.531	141.117
CDC28	ASH1	543.392500000009	ma-bak-cepc-0043	118.045	535.223	8.73989	181.356	1735.52
GTR2	MEH1	949.1794999999984	ma-bak-cepc-0725	179.975	95.99	-11.3704	277.338	390.433
RTT102	ARP9	1933.5639999999985	ma-bak-cepc-0731	82.6474	164.128	1.49058	342.814	337.001
RPL6B	MAK16	561.9635000000017	ma-bak-cepc-0057	58.0713	121.111	30.473	176.532	464.976
DAM1	DAD1	898.3584999999985	ma-bak-cepc-0719	212.583	27.9185	-9.42638	824.166	112.055
COG1	COG5	890.5665000000008	ma-bak-cepc-0692	219.736	114.762	24.287	515.287	227.177
SBH2	SEC61	1205.719000000001	ma-bak-cepc-0686	28.72	257.233	8.03422	121.664	377.909
SNX41	SNX4	2758.3545000000013	ma-bak-cepc-0876	353.718	149.047	-11.9804	889.394	264.963
HER2	GTF1	3682.517	ma-bak-cepc-0862	208.304	39.3991	-24.3168	290.266	218.77
FRS1	FRS2	4267.496999999999	ma-bak-cepc-0137	164.978	155.958	16.2712	248.152	272.772
PEX12	PEX10	1609.2704999999987	ma-bak-cepc-0889	153.351	121.461	15.8073	449.264	277.525
RSM7	RSM23	1051.3474999999962	ma-bak-cepc-0651	87.8223	235.741	-2.47089	278.862	469.179
VPS25	VPS20	850.8150000000023	ma-bak-cepc-0645	117.51	76.3153	3.17164	211.59	236.436
GCD2	GCD7	2382.4294999999984	ma-bak-cepc-0123	376.942	147.876	10.5731	975.044	322.9
UBC9	UBA2	1634.1460000000006	ma-bak-cepc-0679	49.5212	262.682	14.1155	58.0874	608.914
YHS2	MET18	2721.603500000001	ma-bak-cepc-0490	57.915	322.836	10.589	229.114	316.492
IPI1	IPI3	1326.1589999999997	ma-bak-cepc-0484	133.919	233.012	4.59126	383.68	615.666
MED8	SRB4	2612.308499999999	ma-bak-cepc-0453	56.1804	324.29	-37.671	253.641	928.472
ARC19	ARC15	1130.2125000000017	ma-bak-cepc-0335	59.629	32.1235	-0.159133	107.16	76.7369
RPS0A	RPS2	420.4595000000008	ma-bak-cepc-0321	81.447	90.0476	4.97093	132.034	227.928
AMN1	TEM1	1148.392499999998	ma-bak-cepc-0447	265.355	109.922	-16.9001	779.838	230.338
BAG7	RHO1	911.7905000000028	ma-bak-cepc-1017	301.384	74.8356	18.1355	830.095	178.678
GSP2	RNA1	1112.4199999999985	ma-bak-cepc-0309	89.5649	140.679	15.3773	221.172	215.259
VPS68	VPS55	922.0905000000002	ma-bak-cepc-1003	73.513	50.9752	-8.1096	204.361	99.8069
SEC66	SEC63	983.7784999999968	ma-bak-cepc-0346	63.6498	260.142	-5.59697	166.017	584.037
ATG31	ATG29	2409.682499999999	ma-bak-cepc-1058	111.979	110.188	-10.0833	343.067	390.633
MRPL17	MRPL35	609.405999999999	ma-bak-cepc-0420	111.228	202.54	26.5294	333.878	352.802
RTG3	RTG1	2146.038999999997	ma-bak-cepc-0434	320.613	71.7671	-38.3978	1146.53	264.689
MRPS5	RSM10	1176.1355000000003	ma-bak-cepc-0352	92.2329	89.2923	7.29905	290.974	232.551
ERG27	ERG7	1659.9575000000004	ma-bak-cepc-1064	114.083	297.069	10.2383	126.768	322.576
MRPL7	MRPL10	619.5039999999972	ma-bak-cepc-0408	108.91	129.93	0.493283	294.751	495.225
PSF1	PSF2	305.22600000000057	ma-bak-cepc-1070	64.8912	80.7221	-0.779073	139.685	163.71
SHE2	FAP1	381.4015	ma-bak-cepc-0385	65.3324	423.692	13.0067	82.9552	1149.32
DID4	VPS24	1380.749499999998	ma-bak-cepc-0391	81.0402	74.591	11.4283	240.332	203.884
OST2	WBP1	1315.737000000001	ma-bak-cepc-0622	30.3244	160.002	-27.3219	81.0679	312.445
CKA1	CKB1	565.460500000001	ma-bak-cepc-0144	149.55	122.562	-6.48166	262.508	370.073
SEN2	SEN54	3018.4165	ma-bak-cepc-0150	121.936	256.765	3.0894	296.975	687.754
MPP10	IMP4	1427.649000000005	ma-bak-cepc-0636	390.631	125.856	-9.68635	1335.43	249.03
ATP15	ATP3	1092.3464999999997	ma-bak-cepc-0178	4.7079	124.946	-2.93331	41.3728	253.388
MET31	MET4	1740.4390000000058	ma-bak-cepc-0839	83.1468	518.198	-18.2657	270.451	1799.47
OPI1	INO2	1365.163999999997	ma-bak-cepc-0187	180.07	170.323	-5.01266	577.416	638.913
QCR9	CYT1	755.0625	ma-bak-cepc-0193	8.57176	101.246	-6.97549	40.8065	277.127
UTP6	UTP18	828.1595000000016	ma-bak-cepc-0805	176.25	362.433	1.40182	319.684	900.506
EGD1	RPS26B	99.07550000000084	ma-bak-cepc-0811	56.931	48.9119	6.82796	249.406	191.51
MRPL19	MRPL37	1302.4665000000005	ma-bak-cepc-0756	39.5767	23.6701	-4.80779	121.967	168.185
CYC1	CYT1	529.036500000002	ma-bak-cepc-0030	31.9903	102.523	11.4143	65.0833	284.951
KXD1	CLN1	2029.763500000001	ma-bak-cepc-0024	97.8264	23.4801	-29.2787	399.57	83.598
RSM19	SWS2	273.746000000001	ma-bak-cepc-0742	18.6196	55.0433	-1.74247	69.3038	156.608
MDM12	MMM1	1086.8165000000008	ma-bak-cepc-0018	105.398	215.778	-15.7674	267.574	668.308
TIM44	TIM50	681.9614999999976	ma-bak-cepc-0795	158.919	201.646	4.06509	584.563	581.309
PEX13	PEX7	928.892499999998	ma-bak-cepc-0781	260.483	217.783	42.0217	782.894	384.788
YPD1	SSK1	753.2350000000006	ma-bak-cepc-0959	46.3543	608.979	-0.491559	75.727	1821.72
DIS3	SKI6	1272.6605000000018	ma-bak-cepc-0971	330.139	69.8583	14.1931	593.817	105.137
CDC45	MCM10	839.4454999999944	ma-bak-cepc-0965	314.6	248.261	-0.57491	612.418	832.817
IMG1	MRPL38	749.2079999999987	ma-bak-cepc-0232	59.4082	41.4538	14.4869	203.788	94.671
ATG3	ATG7	2280.503999999997	ma-bak-cepc-0554	162.852	222.722	14.9954	426.25	350.561
MAM1	CSM1	1341.2384999999997	ma-bak-cepc-0540	178.9	57.3968	7.86287	698.693	130.289
EMC1	EMC5	1049.3064999999988	ma-bak-cepc-0226	336.628	50.6996	24.4443	620.885	146.979
RSM25	MRPS35	371.3849999999984	ma-bak-cepc-0568	95.1521	118.276	2.50157	312.294	442.145
MED11	SRB6	2166.7284999999997	ma-bak-cepc-1104	41.6264	23.4707	-31.4791	117.795	104.111
SMD3	SMB1	991.2285000000012	ma-bak-cepc-0597	23.9695	94.3409	-6.23973	89.9598	338.086
NOP2	FPR4	1131.5959999999975	ma-bak-cepc-0583	329.059	285.679	-0.0510553	828.175	782.077
MAD2	MAD3	1506.007999999998	ma-bak-cepc-0582	51.4162	330.601	3.7825	95.9755	1051.78
KRI1	KRR1	2710.0399999999936	ma-bak-cepc-0596	272.462	102.62	-10.0799	1038.41	325.52
OST4	STT3	1539.085500000001	ma-bak-cepc-1105	5.34327	541.44	-20.4771	14.334	731.815
RSM25	MRP51	3016.970500000003	ma-bak-cepc-0569	86.5916	146.305	8.5467	264.646	423.504
LSM4	LSM6	889.1744999999992	ma-bak-cepc-0541	236.405	27.8042	2.78336	514.327	76.0234
PBN1	PRB1	1367.5859999999957	ma-bak-cepc-0227	149.044	511.601	37.824	274.25	1167.13
BUD23	TRM112	1189.371000000001	ma-bak-cepc-0233	74.8434	37.6223	-6.47696	162.984	59.8942
SEC9	SNC2	1780.7065000000075	ma-bak-cepc-0555	413.122	24.7184	-2.1935	1353.83	83.2004
IRC25	POC4	1105.710999999999	ma-bak-cepc-0964	65.5646	67.6009	-7.06959	185.027	101.605
TLG2	VTI1	2261.3655	ma-bak-cepc-0970	185.739	39.462	-21.4278	563.475	65.4732
PEX19	PEX3	2072.539499999999	ma-bak-cepc-0958	151.088	176.683	-0.549762	574.901	302.302
DAD4	HSK3	1223.9245	ma-bak-cepc-0780	7.72331	10.6676	-18.6926	26.9207	35.4454
TIM44	TIM17	417.8290000000016	ma-bak-cepc-0794	169.283	51.5301	6.54389	555.666	147.734
NCS2	NCS6	2376.8950000000004	ma-bak-cepc-0019	164.197	118.665	-35.8814	367.646	270.844
SEC11	SPC3	1477.7549999999992	ma-bak-cepc-0025	40.8869	65.7526	7.37708	91.4168	120.776
TRM112	TRM9	1157.1965	ma-bak-cepc-0743	29.7695	121.06	-10.6151	48.3898	252.787
MRPL22	MRP20	1343.7099999999991	ma-bak-cepc-0757	106.112	100.23	-1.99891	388.461	330.094
QCR6	CYT1	1319.0059999999976	ma-bak-cepc-0031	70.1228	92.9147	-7.78203	273.266	270.847
MRPS16	MRPS35	2103.012499999997	ma-bak-cepc-0810	25.0995	113.407	-12.4716	83.2014	422.249
UTP6	UTP7	515.3500000000022	ma-bak-cepc-0804	202.118	246.546	0.821636	340.909	620.07
VMA4	VMA10	2845.7125	ma-bak-cepc-0192	40.9747	9.10927	-59.5116	89.7341	43.9659
SGF11	SUS1	1305.982	ma-bak-cepc-0838	24.6178	16.9277	-31.3289	89.6714	34.7583
SRM1	GSP2	2019.1620000000005	ma-bak-cepc-0186	186.515	88.7544	48.5124	402.417	225.257
ISY1	SYF1	2672.5650000000023	ma-bak-cepc-0179	67.8332	428.607	-12.3078	227.357	685.223
SEN2	SEN15	1047.1860000000015	ma-bak-cepc-0151	120.04	33.6087	1.23644	241.847	74.2611
GPI14	PBN1	2171.2980000000025	ma-bak-cepc-0637	152.317	162.877	-2.52509	166.713	300.689
OST2	STT3	1442.322999999997	ma-bak-cepc-0623	39.2443	370.867	-16.1356	78.1123	511.703
POL30	CDC9	1154.5885000000017	ma-bak-cepc-0145	48.0247	526.831	217.364	63.995	963.913
AUR1	KEI1	2423.2890000000007	ma-bak-cepc-0390	166.039	53.491	-23.2952	298.071	127.809
SRP102	SRP101	1849.0914999999984	ma-bak-cepc-0384	79.2373	289.119	10.5665	174.584	678.614
MRPL7	MRPL28	2003.6380000000024	ma-bak-cepc-0409	96.7824	43.0994	-8.53874	294.274	198.715
PSF1	SLD5	2133.356499999998	ma-bak-cepc-1071	68.2321	114.71	-2.7776	145.957	286.307
RRP36	RRP9	997.2385000000068	ma-bak-cepc-1065	128.541	321.567	12.5954	481.513	702.54
YBI1	NRP1	1659.9160000000047	ma-bak-cepc-0435	362.724	526.363	-2.90563	1235.79	1571.22
MRPS5	MRPS8	725.781500000001	ma-bak-cepc-0353	138.322	53.9758	13.2882	356.242	91.904
EMC6	EMC5	1589.7394999999997	ma-bak-cepc-1059	37.2149	41.7622	-21.8983	63.3768	116.421
SEC66	SEC72	1879.356	ma-bak-cepc-0347	62.3912	39.1989	-21.0433	165.561	58.2444
MRPL36	MRPL28	445.8145000000004	ma-bak-cepc-0421	116.472	44.4658	2.34492	432.757	194.902
MRPS5	MRPS35	999.809500000003	ma-bak-cepc-0351	161.886	150.632	-11.969	376.399	450.052
ATG8	ATG4	848.0095000000001	ma-bak-cepc-0437	37.2649	198.711	5.4107	36.8711	618.944
MRPL40	MRP20	1202.5110000000022	ma-bak-cepc-0423	81.5729	103.127	2.88355	273.365	331.102
SOF1	UTP7	2207.3764999999985	ma-bak-cepc-0345	253.388	243.557	-2.33823	507.282	568.004
RLF2	CAC2	1737.3709999999992	ma-bak-cepc-1073	456.259	254.33	-7.89003	1336.39	535.798
EMC3	EMC2	1600.3975000000028	ma-bak-cepc-0379	116.011	67.5657	-15.5277	299.031	42.3498
MRPL23	MRPL20	315.2394999999997	ma-bak-cepc-1067	57.3607	81.2231	-1.67166	143.389	316.644
VPS51	VPS52	2300.410499999998	ma-bak-cepc-0392	76.0292	274.349	-13.7275	298.976	554.126
HSH49	PRP9	974.4815000000016	ma-bak-cepc-1098	77.1714	188.277	3.28015	159.233	492.825
RRP14	SSF2	1428.0410000000047	ma-bak-cepc-0386	165.422	188.811	2.88171	720.8	585.99
MPP10	DIM1	599.0710000000036	ma-bak-cepc-0635	313.096	113.027	-6.32442	1246.06	224.989
PET123	MRP17	1391.2019999999975	ma-bak-cepc-0153	107.299	47.5488	-9.10605	404.373	75.4786
POL30	APN2	1075.7359999999971	ma-bak-cepc-0147	50.7646	298.708	-6.12541	75.0156	608.663
CTK3	CTK2	2133.512499999997	ma-bak-cepc-0621	97.7947	118.729	-4.6616	260.24	171.62
FIP1	YSH1	1336.5900000000038	ma-bak-cepc-0609	303.94	326.682	13.3638	973.934	671.005
PRE1	PRE2	768.1029999999992	ma-bak-cepc-0190	48.7167	90.1362	10.4885	64.3465	192.819
SEC62	SEC63	241.79299999999785	ma-bak-cepc-0184	86.9303	241.473	-1.50117	227.862	574.443
RMI1	TOP3	1804.6720000000023	ma-bak-cepc-0812	92.2302	205.205	4.38563	252.972	331.937
CUS1	PRP9	507.97849999999744	ma-bak-cepc-0806	231.007	216.843	8.49172	903.872	507.672
TFB4	TFB2	1626.0644999999968	ma-bak-cepc-0999	103.516	182.634	-4.13016	324.595	375.792
RSM19	MRP2	224.17599999999948	ma-bak-cepc-0741	24.6684	35.9326	3.77608	65.8676	88.3601
RPN13	RPN2	1213.4240000000027	ma-bak-cepc-0027	81.4708	337.193	-5.53125	186.584	595.22
COB	QCR7	1877.1355000000003	ma-bak-cepc-0033	128.528	21.3457	-29.9682	142.358	55.3328
ELA1	ELC1	845.7055000000037	ma-bak-cepc-0755	228.275	20.5771	-19.2963	795.286	38.4659
RPL15B	RPL36B	570.6620000000003	ma-bak-cepc-0769	82.2041	13.0412	-3.27857	209.483	65.1114
TIM10	TIM9	1360.5874999999987	ma-bak-cepc-0782	16.9698	9.61472	-8.36567	70.8487	36.452
UBC7	CUE1	1482.280999999999	ma-bak-cepc-0796	62.5861	61.544	-14.3591	78.9383	238.796
CDC45	PSF2	321.6875	ma-bak-cepc-0966	251.492	67.9285	5.94733	535.055	142.781
DIS3	RRP42	971.5989999999985	ma-bak-cepc-0972	355.522	85.3325	-3.59996	633.739	109.041
EMC1	EMC3	2201.25	ma-bak-cepc-0225	322.353	96.6088	-20.79	639.128	245.612
NSA2	RSA4	718.7560000000012	ma-bak-cepc-0543	99.5385	269.449	-6.00633	260.216	432.84
PSF2	SLD5	2301.4654999999984	ma-bak-cepc-0557	75.3214	127.631	7.22424	149.948	320.51
POL4	YKU70	809.2695000000022	ma-bak-cepc-0231	436.737	253.155	19.7644	760.269	597.261
BOS1	SED5	1784.9749999999983	ma-bak-cepc-0219	78.4874	124.76	-18.3325	201.265	383.081
MRPL49	MRPL51	1261.5789999999995	ma-bak-cepc-0580	57.237	28.503	0.587512	203.59	116.615
UFE1	TIP20	1513.4934999999969	ma-bak-cepc-0594	145.823	240.592	-6.9812	363.263	370.395
TFG2	TFG1	3443.0425000000105	ma-bak-cepc-0595	212.215	514.364	-0.743263	719.978	1786.72
MAD2	MAD1	1164.4065000000046	ma-bak-cepc-0581	61.2217	297.702	-5.51885	104.826	816.742
BOS1	BET1	1818.0825000000004	ma-bak-cepc-0218	72.806	36.8035	10.1329	188.236	167.457
TAD3	TAD2	1511.326000000001	ma-bak-cepc-1106	89.3136	58.4477	-10.5737	180.241	149.498
PSF2	CTF4	776.6235000000015	ma-bak-cepc-0556	77.0558	492.232	9.72129	153.361	1074.45
STP22	RIM8	1210.8845	ma-bak-cepc-0230	135.954	289.945	-4.82471	361.391	786.523
DCC1	CTF8	2767.0719999999983	ma-bak-cepc-0224	107.883	33.352	-29.5567	169.841	96.8552
SLX8	SLX5	2423.996500000001	ma-bak-cepc-0542	212.648	237.444	-13.8429	773.33	872.137
SIL1	KEX2	1531.1859999999942	ma-bak-cepc-0973	179.792	456.76	29.2229	393.743	1114.54
CDC45	SLD5	322.65049999999974	ma-bak-cepc-0967	275.959	111.104	4.80501	570.938	282.626
NUP49	NSP1	2115.2244999999966	ma-bak-cepc-0797	350.636	1041.07	40.2149	1119.22	2845.57
RPL34A	RPL27A	677.6355000000003	ma-bak-cepc-0783	28.444	54.5261	-5.57771	94.3544	98.741
COG6	COG7	1736.0794999999998	ma-bak-cepc-0768	339.185	158.817	-2.12215	800.015	463.112
QCR7	CYT1	462.9444999999996	ma-bak-cepc-0032	32.9256	108.299	-3.60341	73.9454	293.572
CSL4	RRP6	967.4304999999948	ma-bak-cepc-0754	135.782	275.108	-4.47574	414.988	849.82
ARC35	ARC19	2371.7220000000016	ma-bak-cepc-0740	98.6299	45.7085	-41.6018	232.926	84.9511
TFB4	TFB1	2603.099000000002	ma-bak-cepc-0998	103.124	210.535	-18.2136	298.224	718.807
CET1	CEG1	1258.8835000000036	ma-bak-cepc-0026	271.234	182.149	-0.96185	938.174	384.014
CUS1	PRP11	1038.5840000000026	ma-bak-cepc-0807	284.13	119.647	17.6104	896.0	334.883
RPL21A	RPL7A	572.5365000000002	ma-bak-cepc-0813	47.7158	71.5356	-5.60633	147.556	122.201
SEC62	SEC61	945.9019999999982	ma-bak-cepc-0185	99.3407	223.127	5.63564	238.412	360.26
VMA4	VMA2	2155.013999999999	ma-bak-cepc-0191	35.9944	246.817	12.6359	84.3266	388.546
FIP1	PAP1	1381.8125	ma-bak-cepc-0608	261.728	210.98	3.01899	898.227	401.286
POL30	RAD27	1052.710999999999	ma-bak-cepc-0146	49.2934	87.2772	-3.81725	55.7312	158.27
GPI2	GPI19	546.9074999999975	ma-bak-cepc-0620	96.9344	36.2041	13.8476	173.578	132.568
ALB1	ARX1	1563.9620000000032	ma-bak-cepc-0634	58.2057	242.437	-13.1555	291.604	471.428
PET123	MRPS28	1108.464	ma-bak-cepc-0152	113.232	123.438	-4.14496	380.673	265.339
TUL1	DSC2	625.443499999994	ma-bak-cepc-0387	388.045	167.13	-3.56297	659.632	408.946
PNO1	PWP2	620.8020000000033	ma-bak-cepc-1099	109.49	433.858	1.08534	353.361	938.56
RPC37	RPC53	3922.3315	ma-bak-cepc-0393	134.667	226.162	-16.697	462.027	909.442
SNF8	VPS36	2015.572	ma-bak-cepc-1066	92.5045	288.266	-16.6291	152.627	713.343
VPS21	GDI1	951.9909999999982	ma-bak-cepc-0378	89.9589	179.665	32.8549	199.159	227.015
PSF1	PSF3	1347.0680000000011	ma-bak-cepc-1072	64.6193	83.9633	-19.4276	136.842	145.903
MRPL40	MRPL25	973.8290000000017	ma-bak-cepc-0422	84.0056	46.7347	-15.1021	253.811	158.921
RPS1A	RPS14B	876.4590000000007	ma-bak-cepc-0344	81.9454	53.933	0.566461	241.111	132.795
MRPS5	RSM25	376.3574999999983	ma-bak-cepc-0350	113.925	95.4803	-0.270111	317.077	289.758
ATG8	ATG7	1964.8060000000005	ma-bak-cepc-0436	44.6914	216.971	54.0331	51.3371	345.919
TOM20	TOM22	548.3269999999993	ma-bak-cepc-0368	33.3633	53.5938	-1.37694	59.4376	220.552
TIF6	NOG1	2082.305500000002	ma-bak-cepc-1076	112.618	235.739	15.6366	202.449	618.626
LAS17	BZZ1	363.9689999999973	ma-bak-cepc-1062	631.222	239.703	22.8975	1803.35	610.6
MRPS9	RSM24	734.5480000000025	ma-bak-cepc-0432	107.582	113.929	-5.40397	312.181	401.259
MRPS5	RSM24	1517.4524999999994	ma-bak-cepc-0354	109.283	119.286	12.9998	300.554	391.488
SNC2	CPD1	729.0554999999986	ma-bak-cepc-0340	27.1393	87.286	-6.54	80.1073	146.7
MRPL40	OXA1	941.2170000000006	ma-bak-cepc-0426	81.1313	185.671	-2.7919	245.37	471.414
TFB5	TFB2	1244.5755000000026	ma-bak-cepc-1089	23.3107	190.565	-13.114	57.2991	376.875
TFA2	TFA1	2118.703499999996	ma-bak-cepc-0397	173.133	319.609	-8.98859	605.303	935.409
EBP2	BRX1	3067.461000000003	ma-bak-cepc-0383	156.794	155.579	19.0186	739.53	319.093
GPI2	SPT14	1479.5714999999982	ma-bak-cepc-0618	90.1272	172.134	-7.13623	152.475	239.075
RPC31	RPC82	3219.0465000000004	ma-bak-cepc-0156	133.259	192.626	-13.2924	559.023	478.881
ATG27	ATG9	1721.093500000003	ma-bak-cepc-0630	115.875	753.706	156.194	349.874	2026.27
OST2	SWP1	1342.536	ma-bak-cepc-0624	34.0699	73.4394	-21.4916	73.83	241.393
UBC4	SLX8	592.1539999999986	ma-bak-cepc-0142	44.3208	157.651	26.8604	59.696	659.395
TIM50	TIM23	1136.0204999999987	ma-bak-cepc-0817	220.059	59.1609	-3.82151	625.417	239.47
SMD1	SMD2	940.8510000000006	ma-bak-cepc-0803	57.6065	39.0815	-3.27395	172.673	76.1514
RFA1	RFA3	550.757999999998	ma-bak-cepc-0195	267.77	42.4431	-3.94132	588.933	77.8138
CBP3	CBP6	2748.7744999999977	ma-bak-cepc-0181	127.062	42.8934	8.16451	267.094	167.54
SMX3	LSM3	818.9905000000008	ma-bak-cepc-0778	29.0488	23.6753	3.44607	74.9889	69.4326
SNN1	VAB2	1938.378499999999	ma-bak-cepc-0022	18.5875	92.2896	-21.8583	79.1635	440.072
TRM112	TRM11	1676.1509999999998	ma-bak-cepc-0744	21.5325	170.599	-8.20538	39.7377	252.835
RRS1	RPF2	3115.077000000001	ma-bak-cepc-0988	37.0056	105.955	-5.95055	197.504	352.374
YIF1	YIP1	993.5655000000006	ma-bak-cepc-0750	187.967	120.296	-9.60238	411.735	344.376
COX2	COX1	3611.145499999999	ma-bak-cepc-0036	91.4799	229.537	1.41235	204.02	216.667
RLP24	NOG1	2601.0599999999977	ma-bak-cepc-0963	43.851	242.854	-3.58898	141.841	657.651
MED7	SRB7	2033.8499999999983	ma-bak-cepc-0977	59.9022	22.5757	-20.1585	201.892	61.9088
PRP38	SNU23	1718.2644999999975	ma-bak-cepc-0787	154.721	75.6969	-11.3429	322.256	238.542
MAP1	YN8H	3108.922999999999	ma-bak-cepc-0793	149.461	195.528	11.9256	306.275	427.897
MEX67	MTR2	2865.709500000001	ma-bak-cepc-1102	271.733	65.0392	-20.2978	573.847	157.102
SCO1	COX17	934.7814999999993	ma-bak-cepc-0208	130.55	13.2637	3.16438	335.476	59.2169
FTR1	FET5	1773.1694999999963	ma-bak-cepc-0546	199.585	227.802	19.5843	425.875	341.092
RPS2	RPS21B	1336.2970000000005	ma-bak-cepc-0220	89.8778	22.0471	8.52658	225.997	78.6548
IMG2	YML6	1291.0040000000008	ma-bak-cepc-0234	55.8673	130.957	-5.46399	190.419	311.115
RFC4	RFC1	1957.275499999996	ma-bak-cepc-0552	98.2621	372.81	22.0854	164.511	1100.04
OST1	STT3	1294.6465000000026	ma-bak-cepc-0585	172.183	271.435	1.55693	323.437	448.005
RPL10	RPL20B	78.07499999999891	ma-bak-cepc-0591	89.5651	53.114	-1.01803	222.588	127.379
CAT5	COQ9	1633.620500000001	ma-bak-cepc-0590	72.4465	117.227	18.5419	165.258	205.101
OST1	WBP1	296.8904999999977	ma-bak-cepc-0584	178.647	156.824	5.13905	319.449	325.563
BUB2	CLB2	880.197500000002	ma-bak-cepc-0235	107.685	314.284	101.147	107.297	802.782
VPS27	HSE1	3081.795499999993	ma-bak-cepc-0553	454.341	213.155	-32.8799	1198.58	581.464
LSM5	SMX2	1089.8114999999998	ma-bak-cepc-0547	21.2192	16.2723	-9.41643	53.7012	46.7973
PUP3	PRE1	546.8349999999991	ma-bak-cepc-0221	70.0939	43.4337	-2.94114	84.7921	55.9375
SCO1	COA6	692.2070000000022	ma-bak-cepc-0209	124.378	23.471	-9.08772	334.415	74.5272
MED11	SRB4	1837.349500000004	ma-bak-cepc-1103	27.1431	327.386	-7.00568	106.346	918.317
SED5	SFT2	563.3274999999994	ma-bak-cepc-0792	170.043	97.4791	1.15247	412.408	223.762
PRP38	SPP381	1087.091999999997	ma-bak-cepc-0786	124.194	191.192	2.34838	305.063	728.308
MED7	SOH1	1371.1810000000005	ma-bak-cepc-0976	56.838	62.9606	-10.2629	202.703	131.799
PAM18	PAM16	1025.638499999999	ma-bak-cepc-0962	68.8303	54.1456	-6.45015	236.955	149.45
VPS75	RTT109	1707.3240000000003	ma-bak-cepc-0751	84.4735	147.781	13.1066	248.281	276.096
UAF30	TOP1	947.0820000000022	ma-bak-cepc-0989	108.723	334.89	10.2362	332.341	737.877
COX2	COX12	955.7545000000008	ma-bak-cepc-0037	122.446	44.4761	-1.79136	220.231	80.6144
TDA2	AIM21	1216.9979999999996	ma-bak-cepc-0023	53.3398	572.462	2.63564	114.132	2107.22
NOG2	RPF2	1666.7534999999953	ma-bak-cepc-0745	173.991	106.572	-3.54556	513.444	345.618
LSM3	PAT1	-13.118500000004133	ma-bak-cepc-0779	40.2908	473.112	0.0693766	96.3997	1352.41
RNR1	RNR2	2790.165500000003	ma-bak-cepc-0180	375.448	123.186	37.1075	679.947	219.403
RFA1	RFA2	1236.0095	ma-bak-cepc-0194	229.572	133.411	-0.738086	551.179	359.407
SMD1	SMB1	891.195499999998	ma-bak-cepc-0802	78.6988	91.5688	11.8407	198.476	325.41
VPS28	VPS36	744.3600000000006	ma-bak-cepc-0816	76.796	300.496	-2.02839	173.786	735.046
ATG36	PEX3	3663.386000000002	ma-bak-cepc-0625	299.437	243.643	143.86	913.27	403.77
UBC4	UFD2	1179.608500000002	ma-bak-cepc-0143	50.1817	301.591	19.0836	63.3943	268.172
RPC31	RPC17	360.21650000000227	ma-bak-cepc-0157	151.794	67.7586	0.613771	578.258	154.876
RPA34	RPA49	2994.7059999999983	ma-bak-cepc-0631	70.2881	118.625	-35.5849	353.537	298.127
GPI2	GPI1	1164.6775000000016	ma-bak-cepc-0619	100.007	231.373	-13.2108	178.388	388.181
EBP2	LOC1	764.5440000000017	ma-bak-cepc-0382	161.661	67.4862	0.314472	764.11	312.563
SPC34	SPC19	2772.513000000002	ma-bak-cepc-0396	97.003	39.5419	-26.4604	361.367	170.395
VMA9	STV1	2202.431499999999	ma-bak-cepc-1088	24.2614	454.755	-6.12758	48.3347	921.994
PRP18	SLU7	960.9149999999972	ma-bak-cepc-0341	115.058	239.406	6.95609	303.236	729.396
MRPL40	MRPL22	660.1699999999983	ma-bak-cepc-0427	75.2762	102.218	-0.307248	258.492	386.752
PPS1	SER3	517.2209999999977	ma-bak-cepc-0433	341.48	120.005	-6.13959	724.996	277.945
TIP20	SEC20	2057.243999999999	ma-bak-cepc-0355	219.556	231.634	3.05275	337.424	582.524
PAA1	PTC2	1561.5115000000003	ma-bak-cepc-1063	65.0935	217.463	4.50459	110.674	520.433
RPL13A	RPL36B	560.3174999999992	ma-bak-cepc-1077	58.0495	13.9458	-1.72241	227.467	57.2693
APS1	APL4	2976.229000000003	ma-bak-cepc-0369	45.3186	350.52	12.612	64.4489	673.971
MRPL17	MRPL36	933.0169999999998	ma-bak-cepc-0419	96.4185	121.031	-2.29862	302.09	456.92
AHC1	AHC2	2714.623500000001	ma-bak-cepc-1061	365.99	22.2347	-53.7515	1271.5	84.6657
NOT5	MOT2	847.447500000002	ma-bak-cepc-1075	309.035	543.497	2.56608	874.979	1461.99
MRPL40	MRPL27	1420.1355000000003	ma-bak-cepc-0425	77.1593	45.3739	29.7215	242.843	249.837
MFT1	THP2	4977.871999999999	ma-bak-cepc-0343	167.208	55.7818	-61.3755	612.663	199.838
RPB7	RPB4	2431.257500000001	ma-bak-cepc-0357	41.6846	78.3409	-10.5284	68.3504	251.847
RRI2	PCI8	2820.1029999999955	ma-bak-cepc-1049	291.322	242.673	42.3844	661.545	406.056
MRPS9	RSM23	764.8874999999971	ma-bak-cepc-0431	107.982	196.985	9.60804	311.503	413.233
EMC3	EMC6	1110.2260000000006	ma-bak-cepc-0380	130.19	34.6314	1.2307	287.263	65.981
RPC37	RPC11	591.6765000000014	ma-bak-cepc-0394	129.784	42.4071	2.55174	464.69	124.23
PRP4	PRP3	3308.933999999997	ma-bak-cepc-0169	209.049	114.995	-0.245499	408.11	483.314
UBC4	TUL1	603.2494999999981	ma-bak-cepc-0141	39.8361	354.554	8.34847	60.835	601.424
GON7	PCC1	1281.5830000000003	ma-bak-cepc-0627	26.6533	21.1539	-26.394	78.3632	43.1073
LSM1	LSM2	1209.5865000000013	ma-bak-cepc-0633	81.2552	31.2476	-7.55882	197.156	60.2851
PET123	MRPS8	516.2204999999958	ma-bak-cepc-0155	122.124	71.6568	5.99428	401.537	110.378
MRPL13	MRPL51	893.3365000000013	ma-bak-cepc-0800	78.4311	46.7205	5.157	330.825	163.286
RPL21A	RPL5	430.9060000000027	ma-bak-cepc-0814	34.9965	99.0893	10.5716	143.204	229.171
SDH2	SDH3	1286.8934999999983	ma-bak-cepc-0182	141.569	94.3478	20.0124	297.228	261.504
VPS30	ATG14	2476.296000000002	ma-bak-cepc-0828	303.498	101.92	-44.3265	830.342	245.058
MRPL8	MRPL32	1071.2174999999988	ma-bak-cepc-0196	70.7282	75.9213	-5.30629	154.844	329.371
PRT1	TIF34	1394.7640000000029	ma-bak-cepc-0009	297.063	157.586	-6.84503	605.257	237.872
COB	QCR8	868.0340000000015	ma-bak-cepc-0035	129.848	63.9957	-6.34837	146.387	144.252
CSL4	RRP40	433.1815000000024	ma-bak-cepc-0753	150.179	68.3218	0.301477	417.681	114.922
POP3	RPR2	2333.165499999999	ma-bak-cepc-0747	62.4222	44.4667	-11.7121	127.008	149.582
SNN1	BLI1	1842.0955000000013	ma-bak-cepc-0021	22.1504	9.18841	-14.789	73.2991	34.2487
NOP12	PWP1	2091.413999999997	ma-bak-cepc-0974	197.322	230.951	-10.7488	789.054	589.651
NSE1	NSE4	1083.0429999999978	ma-bak-cepc-0960	124.163	154.686	7.29523	277.083	553.778
SED5	SLY1	2415.5385000000024	ma-bak-cepc-0790	160.098	272.71	25.102	435.049	549.383
MHR1	MRPL16	-0.643499999998312	ma-bak-cepc-0948	79.0184	92.8428	-0.00965961	179.522	289.728
TMA20	TMA22	803.2294999999995	ma-bak-cepc-0784	62.8091	94.0557	-0.0372177	90.5385	199.524
PNO1	NOB1	813.0479999999989	ma-bak-cepc-1101	116.117	242.895	-1.14436	360.67	707.976
DSN1	NSL1	5053.109499999999	ma-bak-cepc-0579	355.414	43.2561	-32.2149	1269.18	169.074
PDS1	CHK1	1075.390499999994	ma-bak-cepc-0551	284.441	208.553	5.26136	1144.79	345.026
RFA3	RFA2	1164.0470000000005	ma-bak-cepc-0237	31.7052	133.643	-17.5652	61.3833	358.783
PUP3	PRE2	951.5745000000006	ma-bak-cepc-0223	69.6973	94.7092	2.76426	88.557	200.742
LCP5	BFR2	5134.055	ma-bak-cepc-0545	126.503	309.301	-52.0007	569.929	1038.21
UFE1	SLY1	961.0020000000004	ma-bak-cepc-0592	119.346	261.35	-13.1491	348.494	566.396
GAB1	GPI16	2884.8099999999977	ma-bak-cepc-0586	150.984	268.142	-8.55403	106.799	519.453
GAB1	GAA1	981.0119999999988	ma-bak-cepc-0587	171.029	212.862	-0.633753	133.214	326.576
UFE1	SEC20	1237.289499999999	ma-bak-cepc-0593	179.053	166.399	-1.57903	406.464	448.817
PUP3	PUP1	2275.861499999999	ma-bak-cepc-0222	70.7819	60.9625	-10.98	88.86	158.707
LCP5	SGD1	1257.888500000001	ma-bak-cepc-0544	112.516	491.808	1.70562	552.792	1375.83
CCS1	SOD1	869.1455000000005	ma-bak-cepc-0550	122.45	53.1929	-6.81346	231.467	106.2
BUB2	TEM1	1150.813	ma-bak-cepc-0236	110.998	104.557	15.5612	109.427	220.142
PNO1	UTP14	624.060000000005	ma-bak-cepc-1100	156.079	499.118	-2.33269	408.021	1917.57
DSN1	NNF1	219.17599999999948	ma-bak-cepc-0578	352.446	44.5453	-1.13887	1283.84	146.998
SSL2	TFA2	609.5349999999962	ma-bak-cepc-0785	494.353	178.81	-8.55208	1094.82	649.669
MCM21	CTF19	3796.6775000000016	ma-bak-cepc-0949	149.233	172.632	-25.8949	401.895	424.972
SED5	BET1	269.5465000000004	ma-bak-cepc-0791	171.443	58.7014	-1.16077	406.528	205.786
NSE1	NSE3	2426.703999999998	ma-bak-cepc-0961	92.6346	91.566	0.830496	223.774	226.553
HRT1	RTT101	1430.0319999999992	ma-bak-cepc-0975	66.5001	366.751	-8.73817	310.133	754.323
NOG2	NOG1	1257.3050000000003	ma-bak-cepc-0746	175.135	241.074	-10.3321	515.722	626.385
NCS2	ALB1	320.82250000000204	ma-bak-cepc-0020	208.22	59.9219	-0.377412	432.49	295.92
COB	CYT1	1664.8644999999997	ma-bak-cepc-0034	162.777	105.385	-9.25515	190.593	274.273
CSL4	RRP43	979.7920000000012	ma-bak-cepc-0752	150.792	140.655	12.9441	415.139	380.194
PRT1	TIF35	1339.171999999999	ma-bak-cepc-0008	340.608	88.4223	-8.03967	685.752	356.921
MRP51	MRP4	1247.984499999999	ma-bak-cepc-0829	126.736	137.753	16.1503	404.827	411.641
MRPL20	MRPL3	1716.8945000000022	ma-bak-cepc-0197	56.4868	167.993	10.5858	291.01	450.176
SDH2	SDH8	892.4955000000027	ma-bak-cepc-0183	154.061	42.3652	-2.76475	328.579	253.09
VPS28	STP22	1522.8640000000014	ma-bak-cepc-0815	142.548	151.703	20.673	239.988	373.299
RSC4	RSC58	2877.283000000003	ma-bak-cepc-0801	294.188	247.467	10.1493	750.852	746.525
LSM1	PAT1	1244.843500000003	ma-bak-cepc-0632	68.9309	466.954	2.87988	206.576	1372.32
PET123	MRPS16	985.174500000001	ma-bak-cepc-0154	110.881	24.1154	10.192	409.559	100.317
UBC4	MOT2	547.6419999999998	ma-bak-cepc-0140	48.1582	415.455	-5.53729	65.7223	1298.33
GON7	KAE1	589.7685000000001	ma-bak-cepc-0626	29.8145	147.554	2.16763	88.3145	177.678
YMR31	KGD2	982.635000000002	ma-bak-cepc-0168	34.9952	318.381	11.129	226.186	819.241
SPC34	DUO1	749.1624999999985	ma-bak-cepc-0395	77.1862	121.666	-3.55226	302.988	449.291
EBP2	ERB1	726.5685000000012	ma-bak-cepc-0381	222.405	500.235	77.5081	864.385	1356.12
IES3	IES5	1510.9629999999995	ma-bak-cepc-1048	107.373	19.5178	-8.29019	428.531	100.446
NUF2	NDC80	10345.162500000006	ma-bak-cepc-0356	83.7038	246.903	-161.941	228.253	690.379
MRPS9	RSM19	310.6305000000011	ma-bak-cepc-0430	105.279	52.0536	7.57123	300.673	114.325
MRPL40	MRPL24	1090.0920000000006	ma-bak-cepc-0424	72.4439	101.437	-6.90836	241.087	236.354
SDH3	TIM18	1889.8369999999995	ma-bak-cepc-0342	70.9	73.0178	-15.8145	232.859	253.753
NOT5	CDC36	2999.4815000000017	ma-bak-cepc-1074	342.635	57.0479	0.938731	872.395	178.056
MRPL17	MRPL28	2853.012499999997	ma-bak-cepc-0418	96.2861	44.6319	-24.0827	312.215	181.55
EAF3	RCO1	1965.0705000000016	ma-bak-cepc-1060	198.913	431.75	1.03408	528.895	1591.6
