uniprot_ac_a	uniprot_ac_b	interface_area
O13297	O13297	2149.82177734
O13297	Q01159	345.09277343800005
O13516	P0C0W1	101.479003906
O13516	P0CX31	165.349121094
O13516	P0CX33	497.46777343800005
O13516	P0CX35	310.615722656
O13516	P25443	358.232910156
O13563	P32565	112.950195312
O14455	P05748	77.20263671880001
O60200	O60200	739.9584960939999
O60200	Q05776	1391.27050781
O74700	P87108	425.877441406
O94742	P40016	1202.29272461
O94742	P46674	322.292236328
O94742	Q06103	806.4440917969999
O94742	Q08231	2401.08422852
P00044	P00044	303.789794922
P00044	P00431	576.46875
P00044	P07143	471.835449219
P00045	P00045	413.15527343800005
P00045	P07143	530.6159667969999
P00127	P07143	1124.76196289
P00127	P08525	168.887451172
P00128	P00163	1813.19921875
P00128	P07143	416.728515625
P00128	P07256	211.760742188
P00128	P07257	370.407714844
P00128	P08525	515.591796875
P00128	P37299	292.739501953
P00163	P00163	1100.08105469
P00163	P07143	1583.32519531
P00163	P07256	453.64160156199995
P00163	P08067	559.262695312
P00163	P08525	150.811035156
P00163	P37299	141.776611328
P00175	P00175	1352.97753906
P00330	P00330	1513.97558594
P00359	P00359	1905.01708984
P00401	P00410	3521.671875
P00401	P00420	1961.36035156
P00401	P00424	1252.02392578
P00401	P00427	305.909667969
P00401	P04037	288.982666016
P00401	P04039	984.628295898
P00401	P07255	84.1423339844
P00401	P10174	148.149902344
P00401	P32799	420.142089844
P00401	Q01519	141.199462891
P00401	Q2V2P9	291.816162109
P00410	P00424	104.862792969
P00410	P00427	314.001464844
P00410	P04037	101.159667969
P00410	P07255	1021.86889648
P00410	Q01519	537.4489746090001
P00410	Q2V2P9	468.39721679699994
P00420	P04037	456.61840820300006
P00420	P10174	603.376464844
P00420	P32799	268.68395996099997
P00420	Q01519	213.912841797
P00424	P00427	662.290039062
P00424	P07255	182.486572266
P00424	P07256	575.027832031
P00424	Q2V2P9	146.715576172
P00427	P04037	366.05981445300006
P00427	P07255	107.40112304700001
P00427	Q2V2P9	186.7578125
P00431	P00431	512.34375
P00445	P00445	652.28125
P00445	P40202	508.16528320300006
P00447	P00447	504.54003906199995
P00549	P00549	1145.59863281
P00572	P00572	815.028320312
P00724	P00724	755.2421875
P00729	P14306	1626.72558594
P00817	P00817	1056.20898438
P00830	P01097	969.30871582
P00830	P07251	2266.80371094
P00830	P09457	132.633789062
P00830	P38077	513.426757812
P00854	P00854	404.59765625
P00854	P00856	1720.40332031
P00854	P05626	1073.37890625
P00854	P30902	748.215820312
P00854	P61829	629.8117675780001
P00854	P81450	798.8718261719999
P00854	P81451	492.078369141
P00854	Q06405	945.595703125
P00856	P05626	178.032470703
P00856	P30902	800.400146484
P00856	P61829	113.54125976600001
P00856	P81450	913.9946289060001
P00856	Q06405	168.164794922
P00924	P00924	1826.07421875
P00942	P00942	1705.41210938
P00950	P00950	906.6801757810001
P00958	P00958	2682.60595703
P00958	P46672	895.191650391
P01094	P07267	1467.98803711
P01097	P07251	432.852661133
P01097	P38077	330.18371582
P01123	P36149	283.1328125
P01123	P39958	1399.8359375
P01123	Q03630	162.827636719
P01123	Q03784	884.0766601560001
P02293	P02309	490.335693359
P02293	P04911	2415.36230469
P02293	P04912	2415.36230469
P02293	P06701	412.98559570300006
P02293	P32558	282.375671387
P02293	P35201	329.599853516
P02293	P40019	500.59448242199994
P02293	Q03433	105.83984375
P02293	Q05471	987.86315918
P02293	Q12373	521.917480469
P02294	P02309	271.427734375
P02294	P04911	2338.96606445
P02294	P04912	2338.96606445
P02294	P06701	467.87109375
P02309	P04911	381.29394531199995
P02309	P04912	381.29394531199995
P02309	P06701	838.260742188
P02309	P35201	175.91259765599997
P02309	P36012	2368.42773438
P02309	P39984	919.730712891
P02309	P53686	946.38659668
P02309	P61830	2539.71289062
P02309	Q03330	653.63671875
P02309	Q12341	656.6530761719999
P02406	P0CX49	167.897949219
P02406	Q12690	190.43994140599997
P02407	P05750	449.302734375
P02407	P32905	1144.671875
P02407	P38011	563.249023438
P02557	P09733	1375.18652344
P02557	P46675	609.87109375
P02829	P02829	832.267578125
P02829	P25638	507.34637451199995
P02829	P28707	380.43066406199995
P02829	P38825	400.004760742
P02829	Q12449	706.2651367189999
P02994	P32471	1814.8215332000002
P03069	P03069	709.5089111330001
P03069	P19659	767.450195312
P03870	P03870	796.528320312
P03962	P03962	175.901367188
P04037	P10174	278.80859375
P04037	P10507	893.745849609
P04037	P32799	524.041992188
P04050	P07273	2546.05957031
P04050	P08518	589.88671875
P04050	P16370	342.8828125
P04050	P20433	168.123535156
P04050	P20434	2312.91650391
P04050	P20435	1820.08740234
P04050	P20436	1503.73681641
P04050	P23615	1921.23632812
P04050	P27999	1500.22167969
P04050	P29055	2503.38232422
P04050	P32569	270.40466308599997
P04050	P32585	463.03808593800005
P04050	P34087	603.672851562
P04050	P36100	126.60546875
P04050	P36106	1217.15185547
P04050	P38304	225.905151367
P04050	P38633	301.04919433599997
P04050	P38782	207.80456543
P04050	P38902	996.256835938
P04050	P53617	726.117797852
P04050	Q04307	692.191162109
P04050	Q05543	1021.45251465
P04050	Q08278	184.705688477
P04051	P07703	423.11425781199995
P04051	P13393	760.634765625
P04051	P20434	2190.62255859
P04051	P20435	1749.6472167999998
P04051	P20436	2218.08691406
P04051	P22276	8349.57421875
P04051	P28000	822.406494141
P04051	P29056	691.135742188
P04051	P32349	2739.85449219
P04051	P35718	1261.8359375
P04051	P41910	946.325195312
P04051	P47076	680.171875
P04051	Q04307	796.295166016
P04147	P04147	439.53515625
P04147	P36102	687.818359375
P04147	P53010	196.407226562
P04386	P04386	1480.86572266
P04386	P04387	215.083740234
P04387	P04387	1812.66113281
P04387	P13045	1361.11816406
P04397	P04397	935.296875
P04449	P0CX41	186.759521484
P04449	Q12522	349.870605469
P04456	P04650	206.317138672
P04456	P0CX84	92.94311523440001
P04456	P17076	104.880859375
P04456	P53927	99.4125976562
P04650	P38353	152.447021484
P04802	P04802	4420.27050781
P04807	P30822	850.96472168
P04819	P15873	588.676696777
P04911	P04911	121.620117188
P04911	P32558	151.43255615200002
P04911	P35201	476.712890625
P04911	P36012	610.185546875
P04911	P38850	490.97076416
P04911	P61830	684.429199219
P04911	Q03433	657.623046875
P04911	Q12373	593.7102050780001
P04912	P04912	121.620117188
P04912	P06701	252.504882812
P04912	P32558	151.43255615200002
P04912	P61830	684.429199219
P05317	Q03195	178.2421875
P05373	P05373	1889.51464844
P05453	P05453	304.339782715
P05453	P12385	1196.74511719
P05626	P07251	236.286132812
P05626	P09457	617.053710938
P05626	P30902	1134.07666016
P05626	Q06405	430.42456054699994
P05626	Q12349	1197.29638672
P05737	P0CX23	394.92285156199995
P05737	P10664	1063.9921875
P05737	P10962	127.032226562
P05737	P35178	422.47363281199995
P05737	Q02753	185.76904296900003
P05738	P0CX23	282.592285156
P05738	P36105	441.218261719
P05738	Q03195	489.411621094
P05740	P10962	206.29736328099997
P05740	P38805	255.194335938
P05743	P10664	154.807128906
P05743	P38353	320.329589844
P05743	P40007	248.99853515599997
P05743	P49626	153.968261719
P05744	P26784	61.46484375
P05744	Q02326	175.56787109400003
P05745	P05748	77.20263671880001
P05745	P17076	239.6171875
P05745	Q03532	252.523193359
P05745	Q04660	630.4953613280001
P05745	Q08235	339.716796875
P05745	Q12690	311.279541016
P05748	P0CX84	354.034667969
P05748	P10664	215.97021484400003
P05748	P17076	714.108398438
P05748	Q12690	102.353027344
P05750	P05750	921.9516601560001
P05750	P38011	390.96972656199995
P05750	P38333	380.33203125
P05750	P38701	194.279052734
P05750	P41057	296.762207031
P05750	P46683	222.318359375
P05750	Q08745	857.8737792969999
P05756	P0C0W1	190.941650391
P05756	P0CX47	180.962890625
P05756	P26786	157.4140625
P05756	P35997	642.8371582030001
P05759	P15873	2912.54785156
P05759	P22515	1503.16821289
P05759	P39940	840.355712891
P05759	P43588	1179.35668945
P05759	P48510	443.872558594
P05759	P48589	511.702880859
P06100	P25655	1911.42626953
P06100	Q12514	3147.78808594
P06103	P06103	953.066650391
P06103	P40217	1026.01708984
P06169	P06169	3590.45996094
P06243	P22216	478.692199707
P06243	P32325	545.190429688
P06367	P33442	750.8969726560001
P06367	P39938	1112.82421875
P06367	Q99216	1234.88232422
P06633	P06633	646.493652344
P06700	P06700	836.508789062
P06700	P11978	3441.53955078
P06701	P06701	1095.70556641
P06701	P11938	825.03894043
P06701	P61830	301.220703125
P06704	P06704	299.672851562
P06704	P46674	1426.75415039
P06704	Q12369	1611.77197266
P06704	Q6WNK7	131.272705078
P06738	P06738	3296.34375
P06779	P06779	1265.36914062
P06779	Q03071	598.6862792969999
P06780	P33332	714.5795898439999
P06782	P06782	826.5546875
P06782	P12904	1799.62255859
P06782	P34164	2359.64892578
P06786	P06786	2547.07714844
P06839	P32776	1135.14355469
P06839	Q03290	270.345703125
P06839	Q04673	494.107421875
P06844	P35177	943.0434570310001
P06844	P53040	145.878417969
P06844	Q03761	954.4897460939999
P06844	Q12030	1233.48925781
P06844	Q12060	607.023925781
P07143	P07143	305.223632812
P07143	P07256	146.4453125
P07143	P08067	705.600585938
P07143	P08525	730.1303710939999
P07143	P22289	883.858398438
P07143	P37299	200.560791016
P07149	P07149	650.29296875
P07149	P19097	257.1953125
P07170	P07170	1185.17089844
P07213	P07213	1996.53320312
P07236	P07236	3434.19335938
P07251	P09457	659.864257812
P07251	P30902	424.74902343800005
P07251	P38077	506.84863281199995
P07251	Q12349	280.609863281
P07255	Q2V2P9	400.591796875
P07256	P07257	1517.31542969
P07256	P08067	573.930664062
P07256	P08525	856.6596679689999
P07256	P22289	276.306396484
P07256	P37299	279.928955078
P07257	P07257	1025.15136719
P07257	P37299	364.29174804699994
P07260	P12962	1533.03686523
P07260	P36041	2314.18945312
P07260	P39935	2165.9296875
P07267	P07267	473.59765625
P07270	P07270	884.253662109
P07270	P32337	656.31072998
P07271	P07271	1323.40527344
P07271	P15873	504.72924804699994
P07272	P07272	1649.41845703
P07273	P08518	296.465820312
P07275	P07275	298.114257812
P07276	P07276	179.567382812
P07276	P32776	752.701416016
P07280	P0CX51	152.44140625
P07280	P0CX55	421.514160156
P07342	P07342	2201.87109375
P07347	P12945	4005.55761719
P07347	Q08689	355.428222656
P07560	P07560	202.258789062
P07560	P17065	809.6098632810001
P07560	P39958	831.795898438
P07703	P20436	212.345703125
P07703	P22138	1391.72363281
P07703	P22139	1106.45727539
P07703	P22276	1702.27050781
P07703	P28000	2017.12353516
P07703	P36070	117.083007812
P07703	P40422	714.015380859
P07703	P47006	425.79589843800005
P07834	P07834	1544.62304688
P07834	P38634	782.121704102
P07834	P52286	1467.56152344
P07884	P07884	1130.94042969
P08018	P40073	399.72076416
P08067	P08525	533.291503906
P08067	P22289	727.677490234
P08067	P37299	190.349365234
P08417	P08417	2395.69628906
P08518	P08518	1890.10546875
P08518	P16370	1714.7265625
P08518	P20433	238.50634765599997
P08518	P20434	250.27978515599997
P08518	P20435	121.27905273399999
P08518	P22139	1523.51074219
P08518	P27999	1378.75097656
P08518	P29055	1619.42333984
P08518	P34087	150.609375
P08518	P38902	429.189453125
P08518	P40352	527.834960938
P08518	P40422	968.9624023439999
P08518	P41895	275.788391113
P08518	P41896	1437.14648438
P08518	Q04307	620.7712402340001
P08525	P08525	197.059570312
P08536	P08536	673.077148438
P08638	P08638	323.033691406
P09032	P09064	500.044921875
P09032	P12754	275.692382812
P09032	P32481	205.102539062
P09032	P32501	1183.01464844
P09064	P32481	708.5934448239999
P09064	P32501	376.39550781199995
P09064	P32911	409.294677734
P09064	P38912	169.315429688
P09119	P24279	589.732421875
P09119	P32833	1124.97753906
P09119	P38132	362.814453125
P09119	P54784	1929.39746094
P09119	P54791	151.756835938
P09547	P18480	1053.52050781
P09547	P18888	718.639648438
P09547	P22082	1774.15380859
P09547	P32591	451.99707031199995
P09547	P53628	1876.55664062
P09624	P09624	3709.48632812
P09733	P46675	408.77832031199995
P09938	P09938	1151.95361328
P09938	P21524	515.713500977
P09938	P49723	1197.52392578
P09950	P09950	4973.41601562
P09959	P09959	1102.07470703
P09959	Q00684	780.12322998
P0C074	P49955	327.991455078
P0C074	Q02554	182.714599609
P0C074	Q04693	444.29028320300006
P0C074	Q06835	337.607177734
P0C0V8	P0C0W1	253.834228516
P0C0V8	P25443	1321.84667969
P0C0V8	P32905	1441.00537109
P0C0V8	P35997	417.702880859
P0C0W1	P0CX29	118.73754882799999
P0C0W1	P0CX47	120.93481445299999
P0C0W1	P25443	534.2727050780001
P0C0W1	P26786	447.63403320300006
P0C0W1	P35997	508.39746093800005
P0C0X0	P26783	1169.51391602
P0C2H6	P14120	137.222900391
P0C2H6	P40693	123.514648438
P0C2H6	P87262	120.25317382799999
P0C2H6	Q04660	308.972167969
P0C5R9	P32563	832.965820312
P0C5R9	P37296	1015.22021484
P0C5R9	Q3E7B6	129.141357422
P0CE41	P0CE41	1094.77075195
P0CG63	P22515	1503.16821289
P0CG63	P25694	144.30859375
P0CG63	P32790	653.1101074219999
P0CG63	P34216	475.494018555
P0CG63	P36075	599.073852539
P0CG63	P39940	840.355712891
P0CG63	P40343	595.6823730469999
P0CG63	P43588	1179.35668945
P0CG63	P48510	443.872558594
P0CH08	P25694	144.30859375
P0CH08	P33755	563.4582519530001
P0CH08	P43588	1179.35668945
P0CH08	P48510	443.872558594
P0CH09	P0CH09	127.567871094
P0CH09	P48510	443.872558594
P0CX23	P10664	186.697265625
P0CX23	P26784	95.34765625
P0CX23	P36105	164.997314453
P0CX23	Q02753	108.805175781
P0CX25	P0CX45	177.46240234400003
P0CX29	P0CX33	553.0427246090001
P0CX29	P0CX47	452.59863281199995
P0CX29	P40160	258.30078125
P0CX29	Q03195	487.790527344
P0CX29	Q07381	722.016601562
P0CX31	P0CX35	534.6015625
P0CX31	Q03195	302.752441406
P0CX31	Q06506	117.66430664100001
P0CX33	P33309	216.785400391
P0CX33	Q07381	540.854980469
P0CX35	P0CX37	249.3828125
P0CX37	Q03195	274.66015625
P0CX39	P0CX47	704.521484375
P0CX41	P14126	284.529052734
P0CX41	Q07915	556.3908691409999
P0CX41	Q12522	737.3645019530001
P0CX49	P10664	126.469726562
P0CX49	P10962	131.9921875
P0CX49	P35178	320.051269531
P0CX49	Q08235	150.741210938
P0CX51	P26783	1215.72949219
P0CX51	P38011	107.463378906
P0CX51	P40160	128.847167969
P0CX53	P25382	91.6357421875
P0CX53	P33309	182.72119140599997
P0CX53	Q02892	170.392578125
P0CX55	Q01855	637.395019531
P0CX55	Q07381	379.95996093800005
P0CX55	Q3E792	482.557128906
P0CX84	P38353	425.162597656
P0CX84	P40007	226.921875
P0CX84	P49166	165.263183594
P0CX84	Q12690	205.525146484
P0CY08	P11746	249.399414062
P0CY09	P11746	249.399414062
P0CY11	P0CY13	628.00402832
P0CY13	P11746	249.399414062
P10081	P10081	255.28369140599997
P10081	P39935	1412.36914062
P10507	P11914	1684.79394531
P10507	P17505	618.228393555
P10591	P38825	312.203643799
P10591	Q12118	500.84509277300003
P10664	P10962	224.22802734400003
P10664	P25582	162.243164062
P10664	P35178	733.768554688
P10664	P40007	317.703125
P10664	Q08235	293.615722656
P10664	Q12690	115.5546875
P10962	P35178	290.699707031
P10962	P38061	203.364990234
P10962	P38805	1103.96972656
P10962	P53136	260.676269531
P10962	Q02326	380.751953125
P10964	P20434	2692.56347656
P10964	P20435	2072.68603516
P10964	P20436	1461.43994141
P10964	P22138	8717.3125
P10964	P28000	987.8569335939999
P10964	P32529	2627.66552734
P10964	P36070	701.349609375
P10964	P40992	950.576171875
P10964	P46669	1091.40966797
P10964	P50106	316.814208984
P10964	Q01080	1220.05664062
P10964	Q04712	317.442382812
P11076	Q05029	300.358154297
P11353	P11353	2805.08349609
P11433	P29366	719.2319335939999
P11709	P40013	305.304534912
P11746	P11746	1885.84667969
P11914	P11914	204.73046875
P11938	P11938	1060.85595703
P11938	P29539	685.735839844
P11938	Q06208	698.6704101560001
P11978	P11978	1685.82275391
P11978	P53874	805.365234375
P11978	Q03661	665.411437988
P11986	P11986	1029.60546875
P12385	Q03195	234.154296875
P12612	P39077	3333.6875
P12612	P39078	2892.24121094
P12612	P40413	697.965820312
P12612	P42943	791.487304688
P12612	P47079	73.6005859375
P12689	P12689	732.2797851560001
P12689	P32849	1041.93261719
P12754	P14741	150.690917969
P12754	P20459	416.48144531199995
P12754	P32501	165.9453125
P12754	P32502	2262.81152344
P12904	P12904	1512.89819336
P12904	P34164	1007.38818359
P12945	Q08689	689.8657226560001
P12954	P15873	685.2136230469999
P12954	Q12306	588.244506836
P13045	P13045	658.243164062
P13298	P13298	1169.78076172
P13382	P32797	669.6926269530001
P13382	P38121	2222.76171875
P13382	Q01454	573.2863769530001
P13393	P13393	1310.51953125
P13393	P22276	1418.75
P13393	P29055	581.828125
P13393	P29056	1871.26245117
P13393	P32773	572.555664062
P13393	P32774	421.8359375
P13393	P32910	155.15234375
P13393	P46678	494.943359375
P13574	P32337	701.328918457
P14126	P26784	193.86279296900003
P14126	P38202	140.142700195
P14126	Q02892	574.180175781
P14126	Q07915	774.1284179689999
P14126	Q12522	240.26025390599997
P14242	P14242	1103.35839844
P14242	P38920	1790.44726562
P14359	P39940	397.32482910199997
P14682	P22515	1607.25097656
P14736	P32628	1704.2019042999998
P14736	P32776	563.9221191409999
P14737	P14737	269.44885253900003
P14737	P22216	668.7567138669999
P14741	P14741	1912.26757812
P14741	P20459	828.7124023439999
P14741	P32501	235.28271484400003
P14741	P32502	1133.67822266
P14904	P14904	1645.09472656
P14904	P35193	588.4403076169999
P14906	P32915	1489.94238281
P14906	P33754	1027.93066406
P14906	P35179	460.47363281199995
P14906	P39742	597.891601562
P14906	P52870	315.43395996099997
P15202	P15202	4027.6796875
P15303	P15303	799.030273438
P15303	P20606	1605.06933594
P15303	P38968	1386.2956543
P15303	P40482	876.1953125
P15436	P46957	2320.10644531
P15442	P15442	1275.80810547
P15454	P15454	194.461914062
P15646	Q06679	118.378417969
P15646	Q12460	502.200683594
P15646	Q12499	661.229980469
P15705	P22202	522.730041504
P15731	P34909	562.01940918
P15790	P15790	439.169921875
P15807	P15807	3433.39941406
P15873	P15873	1228.06005859
P15873	P38629	929.9331054689999
P15873	P38630	905.184570312
P15873	P40339	457.62988281199995
P15873	P50623	397.223144531
P15873	Q04195	440.76660156199995
P15873	Q12306	527.289550781
P15891	P15891	990.880615234
P15891	P53974	653.7390136719999
P15938	P32639	393.080078125
P15938	P33334	288.548828125
P16140	P17255	856.55078125
P16140	P22203	368.70410156199995
P16140	P32610	144.385742188
P16370	P20436	156.461425781
P16370	P22139	1076.015625
P16370	P34162	502.309082031
P16370	P38902	2001.52148438
P16370	P40422	564.1716308590001
P16474	P16474	1260.97460938
P16474	Q08199	1302.21337891
P16521	P16521	3026.45507812
P16622	P16622	1377.36621094
P16649	P16649	478.053222656
P16861	P16862	558.875976562
P16892	P16892	1178.97998047
P17065	P17065	2358.04443359
P17076	P38779	112.095214844
P17076	P40007	153.255371094
P17076	P53261	251.75439453099997
P17076	P53927	294.713867188
P17076	Q04660	194.90478515599997
P17119	P17119	452.196777344
P17119	Q12045	1502.45605469
P17122	P53061	2645.86328125
P17157	P20052	1297.17041016
P17157	P53124	1505.10205078
P17255	P17255	1347.63574219
P17255	P32610	65.896484375
P17255	P39111	168.681884766
P17555	P17555	1265.74365234
P17709	P17709	1297.48046875
P17883	P35207	7354.6328125
P17883	Q02793	2014.34082031
P17890	P32349	2134.26635742
P17890	P32910	644.6794433590001
P17890	P47076	261.579345703
P17967	P17967	2327.12011719
P18408	P18408	1146.90185547
P18480	P32591	1456.92578125
P18888	P22082	806.6518554689999
P18888	P32591	885.03125
P18888	P53628	394.59082031199995
P19097	P19097	528.16796875
P19263	P25046	256.232910156
P19263	P32569	373.76660156199995
P19263	P38633	325.005126953
P19263	P47822	364.686035156
P19263	Q06213	443.905761719
P19263	Q08278	407.887207031
P19263	Q12343	137.205566406
P19524	P32364	862.5461425780001
P19524	P53141	1294.4942627
P19524	Q03824	783.866821289
P19524	Q06324	769.112304688
P19658	P22224	466.912109375
P19658	P38261	863.125976562
P19658	P89102	781.126953125
P19735	P20053	728.4125976560001
P19735	P33334	2777.52539062
P19735	P39990	450.84863281199995
P19735	P49704	1958.84960938
P19735	Q06819	777.929931641
P19736	P32524	2510.47851562
P19736	Q02260	239.059326172
P19736	Q02554	127.500976562
P19736	Q04693	195.779296875
P19736	Q06217	105.273925781
P19736	Q99181	304.27734375
P19812	P19812	746.2917480469999
P19880	P19880	501.34301757800006
P20052	P20052	477.673828125
P20053	P39990	725.1862792969999
P20053	Q03338	2771.63330078
P20433	P34087	1451.26171875
P20434	P20435	101.08984375
P20434	P32349	150.073242188
P20434	P36106	136.24609375
P20434	Q04307	158.564941406
P20435	P22138	128.0234375
P20435	P22276	141.441650391
P20435	P34087	469.17846679699994
P20435	P35718	414.548583984
P20435	P36070	347.818603516
P20435	P46669	794.606445312
P20435	P50106	202.062255859
P20436	P28000	99.8100585938
P20436	P38902	187.938476562
P20449	P40477	969.428710938
P20449	Q12315	1000.92919922
P20459	P32481	944.928710938
P20486	P20486	291.553466797
P20606	P38968	512.2551269530001
P20676	P20676	264.402099609
P20676	P46674	362.56597900400004
P20676	Q06142	1136.11560059
P20676	Q6WNK7	353.047058105
P21242	P21243	1342.19677734
P21242	P23638	138.663574219
P21242	P23639	144.881835938
P21242	P30657	376.828125
P21242	P33297	161.811523438
P21242	P36040	586.860351562
P21242	P38624	419.887207031
P21242	P40302	1305.05664062
P21242	P53549	371.66894531199995
P21243	P23638	146.922363281
P21243	P23639	1374.26904297
P21243	P25043	624.490234375
P21243	P30657	75.7265625
P21243	P33298	439.336425781
P21243	P38624	395.41503906199995
P21243	P53549	450.352050781
P21243	Q12250	170.624023438
P21306	P38077	1205.82592773
P21306	Q12165	1088.86010742
P21374	P28320	851.252929688
P21374	P32523	268.491210938
P21374	P33334	218.52685546900003
P21374	P40968	102.32348632799999
P21374	Q03654	247.473632812
P21374	Q12046	263.104003906
P21524	P21524	1544.37695312
P21524	P49723	397.36059570300006
P21691	P54784	623.057617188
P21827	Q02821	1850.99609375
P21951	P24482	2110.45117188
P21951	P25559	589.000976562
P21951	P29469	207.423828125
P21951	P29496	201.880859375
P21954	P21954	3307.91503906
P22082	P32591	438.708496094
P22082	P53628	622.214355469
P22082	Q05123	929.0910644530001
P22082	Q12406	697.894775391
P22108	P22108	1001.52001953
P22138	P22139	1929.91821289
P22138	P28000	230.79248046900003
P22138	P32529	1067.51513672
P22138	P36070	245.298828125
P22138	P40422	1041.24487305
P22138	P40992	636.146484375
P22138	P46669	782.9643554689999
P22138	P47006	1575.97363281
P22138	P50106	241.589599609
P22138	Q01080	907.5561523439999
P22138	Q04712	349.50878906199995
P22139	P22276	1506.27490234
P22139	P40422	163.714355469
P22139	P47006	113.64184570299999
P22141	P22141	667.385253906
P22141	P23638	530.473632812
P22141	P25451	547.830566406
P22141	P30656	775.5600585939999
P22141	P40303	384.789550781
P22203	P31412	530.990234375
P22203	P32563	290.541503906
P22203	P37296	125.849121094
P22203	P41807	959.5717773439999
P22203	P48836	2396.88427734
P22204	P40484	1307.83520508
P22213	P22213	1703.22949219
P22213	Q01590	1014.18261719
P22216	P22216	309.786376953
P22216	P32325	2061.55957031
P22216	P32447	568.70300293
P22216	P34217	599.2237548830001
P22216	P39009	1002.90600586
P22217	P22217	537.396972656
P22219	P22543	1296.56835938
P22219	Q02948	275.124023438
P22219	Q05919	703.595703125
P22224	P32855	205.470703125
P22224	P38261	751.665039062
P22224	Q06245	1415.52539062
P22276	P25441	1020.29785156
P22276	P28000	204.754150391
P22276	P29056	1315.84667969
P22276	P32910	223.745117188
P22276	P35718	467.56640625
P22276	P36121	933.1938476560001
P22276	P40422	875.0766601560001
P22276	P41910	210.524414062
P22276	P46678	635.669921875
P22276	Q04307	465.681884766
P22289	P37299	503.06542968800005
P22336	P26754	814.169921875
P22336	P26755	340.173339844
P22434	P22434	2735.0
P22515	P22515	1893.88671875
P22803	P38013	173.580078125
P22803	P40029	466.47753906199995
P22804	P40482	486.053009033
P22855	P22855	772.73046875
P23202	P23202	1806.1796875
P23254	P23254	4423.26171875
P23301	P32767	891.1254882810001
P23394	P23394	907.5625
P23542	P23542	3447.26757812
P23561	P23561	540.937011719
P23615	P23615	454.625488281
P23615	Q06505	889.810180664
P23638	P23639	1345.95410156
P23638	P25043	263.562988281
P23638	P25451	476.550292969
P23638	P32379	126.704589844
P23638	P40302	150.797363281
P23638	P40303	1541.56884766
P23638	P40327	592.162109375
P23638	Q01939	413.830566406
P23639	P25043	681.743164062
P23639	P25451	505.14355468800005
P23639	P32379	125.295898438
P23639	P33298	442.396484375
P23639	P40302	134.326171875
P23639	P40303	84.23095703119999
P23639	Q01939	205.17822265599997
P23639	Q12377	864.389648438
P23644	P23644	475.77832031199995
P23644	P33448	826.955322266
P23644	P49334	395.57714843800005
P23644	P53507	1003.06591797
P23644	P80967	827.875366211
P23724	P25043	1410.52001953
P23724	P25451	724.7299804689999
P23724	P30656	698.40234375
P23724	P30657	937.517578125
P23724	P32379	524.587402344
P23724	P40302	346.48535156199995
P23968	P25515	137.954589844
P23968	P32366	619.341308594
P23968	P32563	807.349609375
P23968	P32842	1795.98779297
P23968	P37296	998.1206054689999
P23968	P53262	456.502441406
P24276	P53894	321.216552734
P24279	P24279	206.22265625
P24279	P24482	151.462890625
P24279	P29469	91.056640625
P24279	P29496	1450.64941406
P24279	P30665	73.6015625
P24279	P32833	220.571289062
P24279	P38132	1569.34960938
P24279	Q12146	266.40625
P24280	P24280	703.7651367189999
P24384	P28320	119.320800781
P24384	P33334	1212.265625
P24482	P29496	246.181640625
P24482	Q12488	646.635742188
P25043	P25451	1541.80957031
P25043	P30656	89.1220703125
P25043	P30657	881.9946289060001
P25043	P38624	585.46484375
P25046	Q06213	384.11621093800005
P25046	Q08278	183.849609375
P25293	P25293	4028.05664062
P25294	P25294	592.962402344
P25298	P25299	2197.77075195
P25335	P25335	554.698730469
P25337	P32523	54.41015625
P25337	P33334	1503.52392578
P25337	P38241	190.32080078099997
P25337	P40968	730.5219726560001
P25337	Q12046	358.21582031199995
P25359	P48240	1552.10253906
P25359	P53256	1390.40917969
P25359	P53859	1362.51904297
P25359	Q05636	226.52490234400003
P25359	Q08162	571.4765625
P25359	Q08491	878.8735351560001
P25359	Q12149	1601.17773438
P25359	Q12277	80.533203125
P25368	P53254	3031.72802734
P25372	P25372	444.036865234
P25372	P34227	293.323242188
P25382	P26321	222.33544921900003
P25382	P40078	639.1141357419999
P25441	P36121	2532.21630859
P25443	P32905	493.86816406199995
P25443	P40160	151.544433594
P25451	P30656	947.3520507810001
P25454	P25454	1090.76611328
P25491	P25491	3152.86181641
P25502	P25502	1069.71020508
P25515	P25515	1771.10009766
P25515	P31412	402.90527343800005
P25515	P32366	268.662841797
P25515	P32563	985.8444824219999
P25515	P32842	1799.89990234
P25515	P37296	248.4765625
P25515	P53262	429.93359375
P25559	P38877	2644.70605469
P25559	P49956	870.499389648
P25582	Q07896	174.565429688
P25582	Q07915	57.4660644531
P25586	P40546	504.798950195
P25604	P25604	853.9458007810001
P25604	P40343	463.620544434
P25604	P42939	1605.578125
P25604	Q02767	1607.34716797
P25604	Q99176	3563.57080078
P25623	P25623	3989.68847656
P25627	P53738	1210.22119141
P25632	P32597	983.614257812
P25632	P43609	601.901367188
P25632	Q03124	2423.66796875
P25632	Q07979	1550.90527344
P25632	Q9URQ5	711.658447266
P25635	P32899	234.05224609400003
P25635	P40055	215.19140625
P25635	P47083	152.091064453
P25635	Q06078	1092.94140625
P25635	Q12220	336.458984375
P25638	P38768	1029.66748047
P25644	P38203	428.06713867199994
P25644	P39517	1237.84997559
P25644	P53550	561.560913086
P25644	P57743	337.035644531
P25651	P25651	1165.08398438
P25651	P40065	1296.56591797
P25651	P40537	285.550537109
P25651	Q02208	1463.39208984
P25651	Q04087	277.797363281
P25651	Q08729	722.110351562
P25655	P25655	1339.68164062
P25655	P34909	1526.2644043
P25655	P39008	975.010742188
P25655	P53829	1029.64794922
P25655	Q12514	2060.84814453
P25656	P39524	3772.73339844
P25694	P25694	4313.671875
P25694	P33755	218.755859375
P25694	P34223	239.828369141
P26449	P41695	1639.75598145
P26449	P47074	1724.09887695
P26449	P53148	778.1317138669999
P26754	P26755	987.4829101560001
P26783	P40160	73.212890625
P26783	Q06287	351.26269531199995
P26783	Q3E792	640.455078125
P26783	Q3E7X9	1169.44555664
P26783	Q99216	85.64306640619999
P26784	P36105	627.404785156
P27472	P27472	698.94140625
P27796	P27796	2359.453125
P27796	P39108	1126.2265625
P27796	P50091	504.880371094
P27801	P27801	1284.0625
P27809	P27809	1261.81542969
P27882	P27882	1754.55810547
P27999	P35189	363.017089844
P27999	P41895	220.39599609400003
P28000	P36070	82.2844238281
P28004	P33334	2240.9609375
P28004	P38241	1316.86425781
P28004	P53277	617.889160156
P28004	Q03654	1082.48828125
P28004	Q03772	458.58886718800005
P28004	Q12309	839.33203125
P28004	Q12417	1885.72265625
P28005	P38208	284.102539062
P28005	P38291	151.832519531
P28005	P38786	595.298828125
P28005	P41812	975.944335938
P28007	P33322	844.062255859
P28241	P28241	148.607421875
P28241	P28834	2093.46923828
P28320	P33334	998.6225585939999
P28320	P53854	689.327880859
P28320	Q03654	291.759277344
P28320	Q04048	98.8979492188
P28737	P28737	1580.31835938
P28777	P28777	1076.17089844
P28834	P28834	804.686523438
P29055	P40422	86.8061523438
P29055	P41896	606.364257812
P29056	P32910	213.065429688
P29056	P40422	112.34838867200001
P29056	P46678	1855.26660156
P29295	P40065	2798.96289062
P29311	P29311	1052.65673828
P29311	P32356	1784.81542969
P29311	Q99271	775.75769043
P29340	P39718	746.801757812
P29366	Q03497	736.828735352
P29465	P40955	513.30090332
P29468	P45976	860.15637207
P29469	P29496	898.7563476560001
P29469	P30665	228.201171875
P29469	P47112	1431.87304688
P29469	P50874	488.857421875
P29469	P53091	1176.10693359
P29469	Q08032	483.175292969
P29496	P38132	1765.6875
P29496	P40359	558.698242188
P29496	P53091	167.515625
P29496	Q08032	693.030273438
P29496	Q12146	307.811523438
P29496	Q12488	291.786621094
P29509	P29509	2090.87744141
P29539	P29539	463.447021484
P30656	P32379	387.583496094
P30656	P40303	290.428222656
P30657	P38624	1317.97070312
P30657	P40302	573.689941406
P30665	P38132	1657.83007812
P30665	P47112	507.095703125
P30665	P53091	1330.74707031
P30665	P54784	966.520507812
P30665	P54791	434.77441406199995
P30822	P32835	1814.71679688
P30822	P40517	1603.54345703
P30822	P41920	208.42333984400003
P30902	P81450	225.237060547
P30902	Q06405	1066.80859375
P30902	Q12349	849.1010742189999
P31109	P32867	1445.5012207
P31109	P40357	258.521240234
P31116	P31116	1550.82128906
P31373	P31373	1634.93261719
P31382	P33775	1035.73144531
P31384	P39008	1084.30566406
P31386	P31386	1105.80566406
P31386	Q3E840	954.1164550780001
P31412	P32366	141.448242188
P31412	P32563	102.533203125
P31412	P37296	269.674804688
P31412	P48836	327.985839844
P31539	P31539	144.651367188
P32178	P32178	1764.56689453
P32266	P32266	1305.9453125
P32288	P32288	234.04150390599997
P32318	P32318	1012.86132812
P32325	P32325	2061.58691406
P32325	P32562	480.781005859
P32337	Q00684	372.042633057
P32337	Q02724	387.99340820300006
P32337	Q03790	550.3679199219999
P32340	P32340	1247.50292969
P32349	P32910	2302.49804688
P32349	P41910	93.1640625
P32357	P33334	429.614746094
P32361	P32361	1877.07519531
P32366	P32563	744.013671875
P32366	P32610	591.490234375
P32366	P32842	411.138183594
P32366	P37296	872.791015625
P32366	P53262	255.26025390599997
P32368	P32368	2198.52734375
P32368	Q06385	542.261230469
P32377	P32377	1507.01367188
P32379	P33297	360.741699219
P32379	P33299	407.344238281
P32379	P36040	397.84277343800005
P32379	P40302	1276.78613281
P32379	P40303	1314.79785156
P32379	Q05778	1057.46728516
P32379	Q07951	457.982177734
P32379	Q12245	585.107421875
P32380	P32380	208.268798828
P32419	P32419	1610.37353516
P32445	P32445	1142.22216797
P32447	P32447	97.3515625
P32447	Q07794	616.132202148
P32449	P32449	2916.69775391
P32492	P32492	1436.875
P32492	P38272	1172.31494141
P32496	P32565	499.47265625
P32496	P33298	126.807617188
P32496	P40016	1644.78613281
P32496	P43588	244.639648438
P32496	Q04062	298.864257812
P32496	Q08723	221.748046875
P32497	P38249	1171.92480469
P32499	Q02821	1677.03588867
P32501	P32502	1203.5078125
P32502	P32502	213.327148438
P32504	P32504	421.080078125
P32504	P35203	1370.79589844
P32505	P32505	261.896728516
P32505	Q04839	667.7995605469999
P32523	P32523	905.95715332
P32523	Q03654	296.770507812
P32523	Q06091	316.912597656
P32523	Q12046	133.593261719
P32524	Q07350	1666.35498047
P32529	Q01080	378.83984375
P32563	P41807	91.8154296875
P32563	P48836	75.3918457031
P32563	Q3E7B6	2010.05224609
P32565	P33298	963.140625
P32565	P38764	293.837890625
P32565	P40016	707.952148438
P32565	P43588	695.549804688
P32565	Q01939	460.12109375
P32566	P32566	571.6015625
P32569	P32570	801.7133789060001
P32569	P32585	343.448730469
P32569	P38304	771.3979492189999
P32569	P38782	412.343261719
P32569	Q99278	671.848022461
P32570	P32570	832.5180664060001
P32570	P38304	160.656982422
P32570	P38782	295.583251953
P32570	Q99278	1907.72680664
P32582	P32582	2348.69287109
P32585	P32585	745.1137695310001
P32585	P34162	1702.4375
P32585	P38304	953.7182617189999
P32585	Q99278	303.588867188
P32588	P32588	454.458496094
P32589	P32589	1015.40429688
P32591	P32591	1678.21386719
P32591	P53628	1972.65820312
P32597	P32597	1044.69921875
P32597	P38210	1159.01025391
P32597	P43609	1936.75488281
P32597	P61830	1025.70166016
P32597	Q03124	1382.79980469
P32597	Q05123	883.502197266
P32597	Q06488	677.933105469
P32597	Q06639	226.749267578
P32597	Q07979	4716.18945312
P32597	Q12406	618.9846191409999
P32597	Q9URQ5	945.361572266
P32600	P32600	2091.8125
P32600	P41318	847.243164062
P32600	Q04749	381.927734375
P32600	Q08236	768.7709960939999
P32610	P32610	3038.11669922
P32610	P39111	2097.63427734
P32613	P32613	412.68457031199995
P32628	P38764	828.820556641
P32628	P54860	604.0461425780001
P32628	Q02890	1099.30358887
P32639	P33334	1556.57617188
P32639	P38282	194.633056641
P32639	Q02260	552.5187988280001
P32639	Q03338	951.810546875
P32639	Q12420	2505.32324219
P32657	P32657	373.5546875
P32767	P50623	1381.27636719
P32769	P33309	1481.51464844
P32773	P32773	196.859130859
P32773	P32774	1658.1640625
P32776	P36100	1155.85351562
P32776	Q02939	228.7578125
P32776	Q04673	642.006835938
P32776	Q12004	496.23144531199995
P32786	P40992	3787.66992188
P32786	Q04712	4049.28613281
P32790	P32790	371.427978516
P32790	P43603	460.445129395
P32797	P32797	1345.50537109
P32799	Q01519	195.388916016
P32807	Q04437	10837.4609375
P32832	P43609	2151.88671875
P32832	Q06168	902.317382812
P32833	P38826	547.813476562
P32833	P50874	1386.36621094
P32833	P54784	880.189453125
P32833	P54790	5325.54101562
P32835	P41920	2073.88183594
P32839	P32839	2387.15527344
P32844	P32855	1445.59960938
P32844	P33332	105.607421875
P32844	P89102	1355.66796875
P32849	P32849	1021.50097656
P32855	P33332	957.20703125
P32855	P38261	409.69824218800005
P32855	P89102	916.302734375
P32855	Q06245	744.4140625
P32861	P32861	444.34667968800005
P32867	P40357	1666.36230469
P32899	P32899	391.87402343800005
P32899	P40055	226.70361328099997
P32899	P47083	364.90722656199995
P32899	Q05498	188.688842773
P32908	P32908	939.7563476560001
P32908	Q12158	184.38671875
P32909	P32909	1271.65356445
P32909	Q12186	309.852783203
P32910	P36121	392.81738281199995
P32910	P41910	393.22265625
P32910	P46678	727.844726562
P32914	P32914	2552.68603516
P32915	P33754	174.671875
P32915	P35179	1775.64257812
P32915	P52870	823.540405273
P32916	P36057	1031.92822266
P32917	P32917	908.5043945310001
P33201	P40078	87.6811523438
P33297	P33299	2618.04003906
P33297	P38886	407.874511719
P33297	P40302	815.198242188
P33297	P40555	761.4191894530001
P33297	P43588	227.403320312
P33297	P53549	4386.73242188
P33297	Q04062	112.56640625
P33298	P40327	105.551757812
P33298	P43588	160.661132812
P33298	P50086	1149.86181641
P33298	P53549	2888.14648438
P33298	Q01939	2774.01953125
P33298	Q08723	94.1953125
P33298	Q12250	232.350585938
P33298	Q12377	205.107421875
P33299	P38348	935.779541016
P33299	P38764	930.876953125
P33299	P40302	130.083984375
P33299	P40303	270.687988281
P33299	P40327	4066.04492188
P33299	P43588	381.59082031199995
P33299	P43593	409.28027343800005
P33299	P53549	151.665039062
P33299	Q01939	227.606445312
P33307	Q02821	2502.90820312
P33308	P47822	121.81323242200001
P33308	Q12343	288.334716797
P33309	Q03195	457.12011718800005
P33312	P33312	1321.62011719
P33317	P33317	1385.3972168
P33322	P33322	3084.67138672
P33322	P40486	174.99462890599997
P33322	Q6Q547	1228.07617188
P33331	P33331	1185.02905273
P33332	P33332	1974.68017578
P33332	P39926	662.973144531
P33332	P89102	1913.11914062
P33334	P33334	478.289550781
P33334	P33411	1683.33496094
P33334	P36048	4924.62158203
P33334	P36118	1989.33911133
P33334	P40968	446.55761718800005
P33334	P49704	3781.76171875
P33334	P49955	91.18359375
P33334	P53333	2140.68261719
P33334	P53854	382.57104492199994
P33334	Q02260	135.637207031
P33334	Q02775	6873.1796875
P33334	Q03338	809.333984375
P33334	Q03375	1049.06188965
P33334	Q03654	869.625
P33334	Q03772	1972.64550781
P33334	Q06217	632.0476074219999
P33334	Q06411	174.62890625
P33334	Q06819	1010.44799805
P33334	Q12046	554.765136719
P33334	Q12309	128.951171875
P33334	Q12368	101.614257812
P33334	Q12417	1245.86132812
P33334	Q12420	1488.11865234
P33338	P33338	240.84814453099997
P33338	Q12518	819.6557617189999
P33411	P33411	358.209472656
P33411	Q02775	1043.97558594
P33442	P39938	306.798828125
P33442	Q99216	231.578125
P33448	P49334	96.9349365234
P33750	P40055	710.31640625
P33750	P42945	289.015625
P33750	Q02354	111.497070312
P33750	Q12460	300.823242188
P33754	P39742	2029.8359375
P33754	P52870	524.928710938
P33755	P53044	1064.87963867
P33767	P39007	1493.05566406
P33767	P41543	160.510742188
P33767	P46964	1268.38964844
P33767	Q02795	2405.54785156
P33893	P53260	1615.44726562
P33893	Q03557	1322.046875
P33895	P40014	960.81640625
P33895	P40460	4037.71582031
P33895	Q04477	923.6459960939999
P34078	P38333	1443.34960938
P34078	P48589	133.9921875
P34087	P34087	784.9506835939999
P34087	P36100	205.70556640599997
P34087	Q03290	129.819335938
P34160	Q08920	315.757080078
P34162	P34162	190.76171875
P34232	P34232	644.963867188
P34232	Q99257	1318.24804688
P34760	P34760	637.486816406
P35127	P35127	621.508300781
P35177	P38129	483.83105468800005
P35177	P53040	3765.13964844
P35177	Q05027	364.517578125
P35177	Q12030	3258.75634766
P35177	Q12060	721.05859375
P35178	Q08235	360.842285156
P35179	P38353	1491.64038086
P35179	P52870	142.877807617
P35184	P41805	729.6164550780001
P35189	P61830	796.669311523
P35193	P35193	544.8057861330001
P35193	P38182	404.77838134800004
P35195	P35195	1218.72583008
P35197	P43621	402.98034668
P35201	P35201	280.046630859
P35201	P36012	206.26904296900003
P35202	P35202	1554.97900391
P35203	P40969	1623.08984375
P35203	P52286	2339.24023438
P35207	Q02793	1900.94042969
P35718	P47076	2298.42333984
P35728	Q06224	835.186523438
P35729	P35729	1544.69140625
P35731	P35731	1560.76416016
P35844	P35844	738.548828125
P35845	P38881	675.534179688
P36010	P36010	984.8940429689999
P36012	P36012	618.224609375
P36012	P38907	136.676757812
P36022	P36022	1185.6328125
P36022	P39946	283.821289062
P36037	P36037	604.546875
P36040	P40302	808.9848632810001
P36040	Q05778	1281.85205078
P36048	P43321	571.124023438
P36048	P53333	230.051757812
P36048	Q03375	733.9682617189999
P36048	Q06411	846.966796875
P36048	Q12417	1029.01367188
P36049	Q08235	2912.58251953
P36057	P36057	1539.65087891
P36068	P36068	1996.72558594
P36068	P38272	434.27215576199995
P36070	P36070	1332.93652344
P36070	P40992	443.35546875
P36070	P46669	952.6381835939999
P36070	P50106	403.148193359
P36070	Q01080	241.880859375
P36080	P38789	628.846191406
P36088	P36088	656.548828125
P36094	P36094	1591.38793945
P36100	P36145	448.662597656
P36100	Q03290	415.400390625
P36102	P36102	4042.13671875
P36102	P53010	2406.33105469
P36105	Q02326	65.5036621094
P36108	P52917	1317.1652832
P36116	Q03322	900.163818359
P36118	Q06411	309.307861328
P36121	P46678	460.376953125
P36121	Q04307	529.2717285159999
P36130	P40515	1570.32446289
P36136	P36136	1500.52929688
P36142	P36142	1592.07128906
P36142	P38182	1653.78955078
P36145	P41896	301.798339844
P36149	Q03337	1456.30322266
P36149	Q03630	1019.66894531
P36149	Q03784	1150.95214844
P36151	P36151	1851.07421875
P36156	P36156	1439.06738281
P36160	Q08746	2552.26586914
P36421	P36421	1364.02929688
P37261	P37261	2114.37646484
P37296	P41807	182.370117188
P37296	P48836	96.04223632809999
P37296	Q3E7B6	2114.88891602
P38011	P38011	1101.91748047
P38013	P38013	535.831054688
P38061	P38805	123.83984375
P38061	Q02326	131.145019531
P38074	P38074	584.895019531
P38075	P38075	2318.81689453
P38077	P61829	98.57299804690001
P38077	Q12165	996.430664062
P38110	P38110	2777.5078125
P38111	Q04377	4077.41015625
P38115	P38115	899.828125
P38123	P38827	1182.97314453
P38123	P39706	1980.13232422
P38123	Q03012	204.0859375
P38129	P50875	3494.64941406
P38129	P53040	4116.4609375
P38129	Q05027	1492.87792969
P38129	Q12030	263.800292969
P38129	Q12060	395.33886718800005
P38132	P53091	219.326171875
P38132	P54784	234.752929688
P38144	P43596	2608.13769531
P38170	Q06680	3927.90283203
P38181	P38181	1037.72070312
P38182	P38182	1653.78955078
P38182	P38862	1775.07592773
P38182	P40458	442.409973145
P38203	P47017	982.2856445310001
P38203	P47093	891.9575195310001
P38203	P49960	608.748046875
P38203	P57743	1242.89868164
P38203	Q03338	289.551025391
P38208	P38786	808.706054688
P38210	P43609	438.807128906
P38210	Q02206	411.744628906
P38210	Q07979	1124.16552734
P38230	P38230	1217.88232422
P38238	Q08924	1604.27685547
P38241	Q03654	461.58105468800005
P38241	Q12046	2192.22705078
P38247	P38247	2066.3671875
P38247	P53290	328.65234375
P38247	Q00582	667.003417969
P38247	Q02205	1061.96020508
P38247	Q3E830	411.19042968800005
P38249	P40217	279.548828125
P38251	P38630	1955.09082031
P38251	P40348	2025.00585938
P38261	P89102	813.102539062
P38261	Q06245	348.90917968800005
P38263	P40547	3032.25390625
P38263	P53076	226.306640625
P38265	P38907	1451.41796875
P38265	Q12748	484.06738281199995
P38272	P38272	1086.40527344
P38276	P38276	911.9975585939999
P38291	P38291	604.4851074219999
P38291	P41812	1185.77734375
P38291	P53218	858.1262207030001
P38304	P38633	117.69555664100001
P38304	P38782	483.748046875
P38304	Q99278	188.75537109400003
P38313	P38907	707.622070312
P38313	P53298	2761.94042969
P38313	Q02732	1215.77148438
P38313	Q06162	843.5278320310001
P38313	Q12493	1342.27832031
P38316	Q12380	707.432617188
P38319	P38319	1798.48632812
P38333	P41057	159.151855469
P38333	P48589	142.674560547
P38336	P38786	2221.47167969
P38336	P40571	1452.46191406
P38336	P41812	892.178710938
P38336	P53833	213.46826171900003
P38339	P38339	4693.44238281
P38348	P38348	1585.76855469
P38353	P52871	803.3604736330001
P38428	Q02159	1026.95288086
P38555	P39958	1150.2578125
P38624	P38624	634.78125
P38629	P38630	276.141601562
P38629	P40339	1994.92675781
P38629	P40348	2175.81347656
P38630	P40339	2532.61328125
P38632	Q08204	1941.46313477
P38633	P38633	965.2077636719999
P38633	P38782	100.72778320299999
P38633	Q08278	1421.55639648
P38633	Q12343	424.218994141
P38634	Q00684	630.3423461909999
P38636	P38636	465.596191406
P38636	P38995	541.1687011719999
P38701	P41057	445.017333984
P38713	P38713	1133.22021484
P38720	P38720	5407.65332031
P38751	P38957	1498.73291016
P38751	Q12318	1458.90917969
P38753	P38753	380.958984375
P38753	P40343	2425.27368164
P38764	P40327	824.510742188
P38765	P38765	1209.60498047
P38779	P53927	1082.93408203
P38779	Q03532	66.76611328119999
P38781	Q03124	566.124633789
P38781	Q06639	1316.08117676
P38786	P41812	217.41455078099997
P38786	P53218	318.294433594
P38789	Q06511	929.357177734
P38792	P46948	1127.82128906
P38792	P48240	105.506835938
P38792	P53859	258.966308594
P38792	Q05636	233.45263671900003
P38792	Q08491	396.909667969
P38792	Q12149	1013.82421875
P38792	Q12277	930.2983398439999
P38800	P38800	869.3696289060001
P38801	P47047	312.26324462900004
P38801	Q12149	2783.42871094
P38805	P53136	179.57373046900003
P38805	Q02326	327.302734375
P38805	Q06511	153.322509766
P38806	P43572	2763.40234375
P38806	P47128	562.804199219
P38806	Q08649	163.901855469
P38811	P38811	1253.75195312
P38811	P39995	279.157226562
P38811	P50875	1689.24462891
P38811	Q03761	2774.77148438
P38811	Q06337	575.725097656
P38817	P38817	609.654296875
P38826	P50874	646.751953125
P38826	P54790	1713.73339844
P38827	P39706	1114.53417969
P38827	P43132	206.080078125
P38830	P38830	1081.00732422
P38850	P38850	425.134277344
P38850	P40026	1530.91894531
P38850	Q06164	888.3706054689999
P38850	Q12098	1607.40136719
P38859	Q01454	551.157043457
P38862	P38862	3183.17285156
P38862	P40344	476.96832275400004
P38862	Q07879	1676.82080078
P38863	P53378	1596.35253906
P38863	P53540	816.8046875
P38874	Q02884	858.7172851560001
P38874	Q04868	1567.25927734
P38877	P49956	1148.92614746
P38881	P39968	2026.28491211
P38882	P53276	426.31958007800006
P38882	Q04177	112.26196289100001
P38882	Q04305	127.79711914100001
P38886	Q04062	665.667480469
P38886	Q08723	630.421386719
P38907	P53298	236.3046875
P38907	Q02732	1365.22460938
P38907	Q06675	1927.88867188
P38907	Q12493	130.639648438
P38912	P39730	314.331359863
P38920	P39875	398.528991699
P38920	Q08214	416.58715820300006
P38957	Q12318	133.838378906
P38968	P38968	3104.10449219
P38968	Q04491	2286.84912109
P38989	Q12267	2246.24121094
P38998	P38998	648.180664062
P38999	P38999	1088.83300781
P39007	P41543	1148.76367188
P39007	P46964	1229.4765625
P39007	P48439	2309.96630859
P39007	Q02795	223.880859375
P39007	Q99380	1577.24060059
P39008	P39008	435.91113281199995
P39076	P39076	496.71777343800005
P39076	P39078	3121.28320312
P39076	P40413	3498.75390625
P39077	P39079	3408.44921875
P39077	P40413	148.01953125
P39077	P42943	94.8779296875
P39077	P47079	773.15234375
P39078	P40413	899.045898438
P39079	P39079	597.772460938
P39079	P42943	276.983398438
P39079	P47079	2269.25292969
P39081	Q08685	1594.6829834
P39104	Q06389	1708.64648438
P39107	P39107	2178.74169922
P39108	P50091	1267.59619141
P39517	P39998	1095.25280762
P39682	Q00539	2080.89794922
P39682	Q03776	3485.375
P39682	Q03782	195.12841796900003
P39682	Q05900	196.129882812
P39682	Q08963	121.026367188
P39706	P43132	486.00097656199995
P39706	Q03012	646.724121094
P39729	Q12000	2887.82568359
P39928	P39928	765.3293457030001
P39928	Q07688	930.978515625
P39938	Q06672	1155.77758789
P39946	P39946	829.7768554689999
P39968	P39968	900.435546875
P39968	Q06628	1306.72399902
P39984	P61830	713.303527832
P39984	Q12341	860.0952148439999
P39990	P40362	171.75390625
P39990	P49704	499.2734375
P39990	Q03338	490.464599609
P39990	Q06506	438.464599609
P39990	Q06679	90.6572265625
P39990	Q08932	865.674072266
P39990	Q12460	212.386474609
P39990	Q12499	241.057617188
P40007	P49166	449.310791016
P40007	Q03532	199.651367188
P40007	Q04660	269.618652344
P40007	Q08235	211.80908203099997
P40007	Q12690	145.578613281
P40011	P40011	1235.81494141
P40013	P40013	2003.81152344
P40014	P40460	1077.16015625
P40014	P40568	486.104980469
P40014	P43618	620.2312011719999
P40014	Q04477	1180.64672852
P40016	Q01939	193.239257812
P40016	Q06103	1105.51367188
P40016	Q08723	870.081054688
P40018	P43321	1116.46435547
P40018	Q00916	443.11816406199995
P40018	Q02260	1446.26171875
P40018	Q08963	246.289794922
P40019	Q12692	487.714355469
P40029	P40029	1479.34570312
P40032	P40032	2038.76660156
P40037	P40037	987.4311523439999
P40055	P42945	375.271484375
P40055	Q05498	77.8382568359
P40056	Q12154	825.7272949219999
P40070	P47017	1057.61035156
P40070	P47093	736.242431641
P40070	P53905	720.9152832030001
P40078	Q02892	188.36083984400003
P40080	P52917	911.5186767580001
P40084	P40084	1048.85009766
P40087	P40087	1108.18359375
P40089	P49960	437.43652343800005
P40089	P53905	964.9594726560001
P40089	Q06406	807.6823730469999
P40090	Q02732	494.76208496099997
P40090	Q04002	6029.94775391
P40107	P40107	553.190429688
P40160	Q01855	588.409667969
P40160	Q07381	507.20214843800005
P40161	P40161	929.1960449219999
P40165	P40165	1435.74316406
P40185	P40185	907.1401367189999
P40202	P40202	662.651367188
P40204	P43321	608.344726562
P40204	Q00916	103.23510742200001
P40204	Q03776	137.512207031
P40204	Q07508	196.92138671900003
P40204	Q12330	802.077880859
P40208	P40492	1289.69433594
P40208	P40547	4148.74609375
P40208	P53076	4475.1875
P40217	Q04067	1670.26147461
P40302	Q05778	571.473632812
P40303	P40327	469.213378906
P40303	Q05778	113.455566406
P40316	Q03018	4004.77197266
P40327	Q01939	2347.97167969
P40343	P40343	130.327392578
P40357	P40357	1496.7043457
P40359	Q01454	694.2075195310001
P40359	Q03406	2018.04882812
P40359	Q08032	282.678710938
P40359	Q12146	1319.42675781
P40359	Q12488	381.904785156
P40362	P42945	662.713867188
P40362	Q02354	152.302734375
P40362	Q02931	422.38378906199995
P40362	Q04177	374.521484375
P40362	Q04305	398.041015625
P40362	Q06078	481.70996093800005
P40362	Q06679	183.331054688
P40363	P40363	842.4672851560001
P40368	P40477	961.400634766
P40368	Q02630	1046.99853516
P40413	P42943	3288.31835938
P40416	P40416	6725.49609375
P40422	P40992	115.28540039100001
P40454	P40454	1110.82080078
P40460	Q04477	1096.94091797
P40465	Q12318	1195.86572266
P40477	Q02647	673.945007324
P40482	P40482	187.99609375
P40482	Q01590	624.906921387
P40484	P40484	660.610351562
P40485	P40485	398.08886718800005
P40492	P40547	925.823242188
P40506	P40506	2695.73925781
P40509	P53622	2294.39208984
P40513	P40513	1136.13671875
P40515	P47025	716.614257812
P40541	P40541	1021.89941406
P40541	Q12158	985.465209961
P40547	P53076	2274.0703125
P40555	P40555	1423.97363281
P40565	P46947	595.210449219
P40565	P49955	178.494140625
P40565	Q07930	288.116882324
P40567	Q08963	183.102539062
P40568	Q04477	284.724121094
P40571	P53833	2040.79248047
P40579	P40579	1260.62304688
P40693	P40693	4664.05175781
P40693	P53261	303.709472656
P40693	P53927	440.814941406
P40693	Q04660	68.2802734375
P40955	P40955	527.737304688
P40955	Q12114	391.263671875
P40959	P40959	965.462890625
P40960	Q02647	695.4344482419999
P40968	Q03654	730.591796875
P40969	P40969	3192.30664062
P40969	P52286	1080.38574219
P40991	Q08962	313.235351562
P40992	P50106	178.143798828
P40992	Q01080	270.197265625
P40992	Q04712	1778.87402344
P41057	Q08745	291.88671875
P41318	Q08236	511.248535156
P41338	P41338	720.165039062
P41543	P46964	97.728515625
P41543	Q02795	238.107421875
P41543	Q92316	1812.37792969
P41697	P41697	2562.01367188
P41734	P41734	2205.58105469
P41807	P48836	99.9311523438
P41812	P53218	143.9375
P41814	P41814	182.442382812
P41814	P46959	3169.0
P41816	P41816	809.9453125
P41832	P41832	4211.6484375
P41895	P41896	2051.31103516
P41903	P41903	591.4572753909999
P41921	P41921	3414.375
P41948	P41948	2289.39355469
P42841	Q06102	374.22778320300006
P42841	Q06632	4160.44726562
P42935	Q02908	1241.25488281
P42935	Q06706	328.396484375
P42937	P42937	981.0629882810001
P42939	P42939	450.97753906199995
P42939	Q99176	344.087402344
P42943	P47079	3084.78808594
P42945	Q02931	425.6640625
P42945	Q06078	130.255859375
P42945	Q12499	232.380859375
P42949	Q07914	1066.61450195
P43122	P43122	1019.01953125
P43132	Q03323	519.605834961
P43321	Q00916	803.408203125
P43321	Q03776	286.742675781
P43321	Q05900	724.6274414060001
P43534	P43534	1290.16455078
P43563	P53894	2010.96582031
P43567	P43567	2131.25097656
P43572	P47128	1706.40771484
P43572	Q08649	2798.75878906
P43577	P43577	2882.32080078
P43588	P53549	370.93652343800005
P43588	Q04062	204.266601562
P43588	Q08723	2201.26269531
P43588	Q12250	1249.99414062
P43588	Q12377	497.052734375
P43597	P43597	287.274169922
P43609	P43609	1828.29785156
P43609	Q02206	599.393554688
P43609	Q03124	121.70703125
P43609	Q06168	1326.66308594
P43609	Q06488	1273.77685547
P43609	Q07979	2894.63964844
P43609	Q9URQ5	783.828369141
P43616	P43616	3483.7109375
P43618	Q04477	242.269775391
P43619	P43619	755.7016601560001
P43621	P43621	1035.44482422
P43621	P53847	212.21771240200002
P46655	P46672	779.4406738280001
P46669	P50106	1750.75610352
P46672	P46672	818.3618164060001
P46673	P46673	1065.23632812
P46673	P49687	108.373046875
P46673	P53011	963.3793945310001
P46674	Q08231	4051.12304688
P46674	Q6WNK7	1573.72509766
P46675	P46675	2756.84277344
P46677	Q05021	6961.50976562
P46680	P46680	797.30078125
P46948	Q05636	1832.52392578
P46948	Q08162	1125.59179688
P46948	Q12277	847.5678710939999
P46957	P47110	2434.23681641
P46964	Q02795	1274.39160156
P46973	Q08932	1734.70239258
P46984	Q3E833	1168.80517578
P47006	Q01080	2214.86962891
P47016	P47016	1880.86621094
P47017	P57743	363.06372070300006
P47017	Q06406	181.334960938
P47025	P47025	1653.9934082
P47037	Q12158	1650.87182617
P47039	P47039	2829.34765625
P47047	P53632	1794.15258789
P47047	Q12080	509.880004883
P47047	Q12149	337.345825195
P47047	Q12476	1794.15258789
P47054	P47054	735.12109375
P47061	P47061	924.1479492189999
P47068	P47068	203.711181641
P47068	Q12446	394.939208984
P47075	P47075	604.2890625
P47079	P47079	106.806640625
P47083	P47083	294.443969727
P47093	P57743	482.13671875
P47093	Q06406	323.244384766
P47096	P47096	1581.04785156
P47103	P47103	1286.38769531
P47112	P53091	2653.9140625
P47112	P54791	152.874023438
P47122	P47122	1271.69384766
P47142	P47142	550.844726562
P47142	Q06696	738.85546875
P47142	Q12483	792.8120117189999
P47160	P47160	672.0390625
P47160	Q04338	663.5671386719999
P47167	Q12262	2633.35839844
P47167	Q12748	1066.06982422
P47822	Q06213	317.553710938
P47822	Q08278	2144.74023438
P47822	Q12343	384.466796875
P48240	P53256	145.846679688
P48240	P53859	1566.66259766
P48240	Q08491	697.2817382810001
P48240	Q12149	577.746582031
P48240	Q12277	1203.67626953
P48415	P48415	2896.26171875
P48415	Q04491	2745.08349609
P48510	P48510	334.36755371099997
P48510	P54860	540.825195312
P48606	P48606	1090.72167969
P49017	P49017	1032.18554688
P49167	Q04660	64.8493652344
P49334	P80967	149.286621094
P49435	P49435	1439.28125
P49686	Q12315	867.94140625
P49687	P49687	1477.58691406
P49687	P52891	1968.74902344
P49687	Q04491	2384.57421875
P49704	Q06819	454.6875
P49723	P49723	1222.03710938
P49954	P49954	1386.29931641
P49955	Q02554	931.723632812
P49955	Q04693	450.82421875
P49955	Q06835	1376.06152344
P49955	Q07350	77.4658203125
P49960	P49960	467.013183594
P49960	P53905	173.951171875
P50102	P50102	2057.53515625
P50102	P53165	3158.85205078
P50102	Q03067	2018.16162109
P50102	Q6WNK7	1160.23022461
P50264	P50264	1490.19921875
P50623	P50623	252.368164062
P50623	P52488	724.7702636719999
P50623	Q04195	1292.09521484
P50623	Q12306	525.613769531
P50861	P50861	1538.62353516
P50874	P53091	500.021484375
P50874	P54784	444.54394531199995
P50874	P54790	2153.53808594
P50874	P54791	2990.84472656
P50875	P53165	1074.36865234
P50875	Q03761	683.576660156
P50875	Q05027	891.47265625
P50875	Q12060	1358.61035156
P51534	P51534	2699.40234375
P51996	P51996	628.912597656
P52490	P53152	728.1030273439999
P52491	Q12395	790.8441772460001
P52868	Q06411	881.0600585939999
P52868	Q12417	467.214355469
P52891	Q04491	2111.42089844
P52917	P52917	1814.29492188
P52917	Q04272	906.8764648439999
P52917	Q06263	322.848999023
P53011	P53011	267.676757812
P53038	P53038	1556.29492188
P53040	P53165	354.476074219
P53040	Q03761	496.14160156199995
P53040	Q05027	2321.36230469
P53040	Q12030	606.774902344
P53040	Q12060	329.006835938
P53043	P53043	808.9379882810001
P53068	P53068	693.916015625
P53090	P53090	4272.86425781
P53091	P54791	1252.25292969
P53112	P80667	278.403991699
P53115	P60010	783.1640625
P53115	P80428	872.7543945310001
P53115	Q12386	1009.56396484
P53131	Q04048	314.9765625
P53136	P53136	1553.90527344
P53141	P53141	870.2114257810001
P53144	P53144	2310.14208984
P53150	P53150	1294.7019043
P53150	Q08387	745.4562988280001
P53155	P53155	1567.43652344
P53165	Q03067	352.6953125
P53165	Q03761	248.88916015599997
P53165	Q05027	725.4750976560001
P53165	Q12060	2426.14013672
P53165	Q6WNK7	625.5046386719999
P53192	Q12154	533.305664062
P53196	P53196	2083.62988281
P53197	Q08981	1220.37841797
P53207	Q03776	959.5903320310001
P53207	Q03782	298.868164062
P53207	Q07508	311.075683594
P53215	P53215	245.77880859400003
P53228	P53228	842.2836914060001
P53256	P53859	701.9838867189999
P53256	Q05636	1065.16943359
P53256	Q08285	1295.16308594
P53260	Q03557	3033.34863281
P53261	Q04660	207.60498046900003
P53276	Q02931	252.0859375
P53276	Q04177	111.305664062
P53276	Q06679	326.30078125
P53277	Q03654	357.244628906
P53277	Q04048	116.146972656
P53277	Q12309	1017.63720703
P53290	Q00582	1253.27148438
P53290	Q02205	675.924804688
P53298	Q02732	949.649414062
P53298	Q06162	755.5170898439999
P53298	Q06675	288.9375
P53298	Q12493	1678.22949219
P53299	P57744	877.238037109
P53323	Q03705	1152.93212891
P53330	Q05123	1592.07470703
P53330	Q12406	502.282714844
P53333	Q02775	293.288085938
P53333	Q03375	313.23864746099997
P53378	P53378	338.297851562
P53378	P53540	1822.47851562
P53549	Q08723	188.193359375
P53549	Q12250	152.486328125
P53615	P53615	2602.95703125
P53617	P53632	596.681152344
P53617	Q00416	310.5519104
P53632	Q12476	1650.00170898
P53686	P53686	992.9252929689999
P53725	Q08285	901.500366211
P53741	P53741	1297.39599609
P53741	Q01477	882.572875977
P53757	P53757	515.430664062
P53843	P69771	657.6436767580001
P53853	P53853	1450.79199219
P53853	P61830	183.251525879
P53853	Q07794	1752.24072266
P53859	Q08285	390.484863281
P53859	Q08491	1606.41992188
P53859	Q12149	856.896484375
P53860	P53860	920.1875
P53865	P53865	6524.71582031
P53889	P53889	597.377441406
P53894	Q00684	673.75793457
P53919	P53919	584.0598144530001
P53927	P53927	822.2890625
P53930	P53930	673.830078125
P53934	P53934	2800.14257812
P53973	P53973	1651.83007812
P54784	P54784	737.8286132810001
P54784	P54790	264.94140625
P54784	P54791	4235.08007812
P54787	P54787	736.099731445
P54790	P54791	397.5234375
P54885	P54885	2105.77832031
P54999	P54999	143.240478516
P54999	Q00916	275.831054688
P54999	Q06217	801.7194824219999
P54999	Q12330	730.853759766
P57743	P57743	952.390380859
P57743	Q06406	715.378662109
P60010	P60010	1082.36621094
P60010	P80428	903.659179688
P60010	Q06337	683.9421386719999
P60010	Q12386	1355.953125
P61829	P61829	1509.87426758
P61829	Q12165	224.502197266
P61830	P61830	616.8125
P61830	Q03012	729.128967285
P61830	Q07794	180.199768066
P61830	Q08465	1219.4296875
P69771	Q06263	499.426269531
P80428	Q05471	1136.52246094
P80428	Q06337	1096.37182617
P80667	P80667	280.750244141
P81450	P81450	288.412597656
P87108	P87108	281.267089844
Q00055	Q00055	1722.54980469
Q00539	Q03776	1223.61669922
Q00539	Q03782	1220.12304688
Q00539	Q05900	1106.26416016
Q00578	Q02939	246.56103515599997
Q00578	Q3E7C1	289.288085938
Q00582	Q02205	124.284667969
Q00684	Q00684	1674.48339844
Q00723	Q12368	358.238769531
Q00916	Q02260	461.08886718800005
Q00916	Q03776	163.300292969
Q00916	Q05900	476.766113281
Q00916	Q06217	1039.47436523
Q00916	Q08920	89.71508789059999
Q00916	Q12330	106.47192382799999
Q00955	Q00955	5794.53125
Q01217	Q01217	881.0405273439999
Q01454	Q01454	1418.36621094
Q01454	Q02208	439.69763183599997
Q01454	Q03406	721.196899414
Q01454	Q08032	562.920898438
Q01532	Q01532	419.4296875
Q01560	Q03656	362.53381347699997
Q01852	Q01852	1096.67675781
Q01855	Q07381	945.1752929689999
Q01939	Q06103	895.553710938
Q01939	Q12377	300.564453125
Q02046	Q02046	1171.17578125
Q02205	Q3E830	718.059570312
Q02206	Q06488	112.291015625
Q02206	Q07979	1332.81054688
Q02260	Q06217	1288.04858398
Q02336	Q03330	2033.48950195
Q02354	Q12460	268.23046875
Q02554	Q04693	440.83496093800005
Q02554	Q07350	123.340820312
Q02554	Q99181	966.116210938
Q02555	Q02555	1187.47460938
Q02647	Q02647	917.5668945310001
Q02724	Q02821	1280.74121094
Q02724	Q12306	1152.38842773
Q02732	Q06675	2202.33105469
Q02732	Q12493	300.8984375
Q02732	Q12748	249.989257812
Q02767	Q02767	1376.74902344
Q02767	Q06696	492.557495117
Q02767	Q99176	149.048095703
Q02793	Q02793	116.416992188
Q02821	Q02821	1022.55078125
Q02821	Q03281	1734.91381836
Q02821	Q03707	1385.45788574
Q02884	Q04868	1391.91259766
Q02892	Q07915	1575.45800781
Q02892	Q12522	1280.24902344
Q02908	Q06706	1653.79785156
Q02931	Q04177	743.557617188
Q02931	Q04305	343.276367188
Q02931	Q06679	313.53515625
Q02939	Q12004	296.416015625
Q02939	Q3E7C1	943.8796386719999
Q02948	Q02948	871.690429688
Q02948	Q05919	816.163085938
Q03020	Q03020	290.874511719
Q03020	Q07540	744.0415039060001
Q03034	Q03034	3448.42480469
Q03067	Q6WNK7	1350.91333008
Q03103	Q03103	1145.1015625
Q03124	Q06168	690.942382812
Q03124	Q06488	413.490722656
Q03124	Q06639	287.427978516
Q03124	Q07979	1010.70019531
Q03148	Q03148	876.939453125
Q03322	Q03322	2102.03881836
Q03323	Q03323	632.2844238280001
Q03337	Q03784	472.854003906
Q03390	Q06263	1787.86816406
Q03406	Q08032	250.490234375
Q03406	Q12146	218.151367188
Q03406	Q12488	1953.17138672
Q03433	Q03940	215.490234375
Q03433	Q12464	947.864257812
Q03433	Q12509	3594.70800781
Q03497	Q12163	699.7036132810001
Q03532	Q04660	498.963378906
Q03629	Q03629	1302.63916016
Q03630	Q03784	1424.48876953
Q03654	Q04048	93.55078125
Q03654	Q06091	1474.72265625
Q03654	Q12309	1938.46679688
Q03656	Q03656	552.43359375
Q03713	Q03713	1301.90039062
Q03761	Q05027	783.302734375
Q03761	Q12030	177.90478515599997
Q03761	Q12060	2559.51464844
Q03772	Q12309	135.452148438
Q03772	Q12417	1173.9375
Q03774	Q12009	935.249023438
Q03776	Q03782	1937.02294922
Q03776	Q05900	2734.81347656
Q03782	Q05900	114.299316406
Q03790	Q03790	644.520019531
Q03818	Q03818	1327.65209961
Q03818	Q12380	1475.63293457
Q03940	Q03940	191.20703125
Q03940	Q05471	1132.35546875
Q03940	Q12464	2104.73046875
Q03940	Q12509	394.84082031199995
Q04048	Q08963	130.913574219
Q04048	Q12309	1004.5234375
Q04049	Q04049	413.4609375
Q04062	Q08723	1749.48144531
Q04062	Q12250	689.272460938
Q04066	Q04066	753.389648438
Q04120	Q04120	168.311035156
Q04177	Q04305	1181.81054688
Q04177	Q06078	190.969726562
Q04178	Q04178	1691.35644531
Q04195	Q12306	835.219726562
Q04264	Q04264	2475.11523438
Q04264	Q12158	915.4877929689999
Q04299	Q04299	1483.02441406
Q04372	Q04372	1207.50195312
Q04377	Q04377	1301.12060547
Q04432	Q04432	516.896972656
Q04439	Q04439	467.08691406199995
Q04636	Q04636	562.3488769530001
Q04651	Q04651	1932.81201172
Q04660	Q08235	152.4375
Q04673	Q12004	945.74609375
Q04693	Q06835	170.123535156
Q04693	Q99181	214.986328125
Q04894	Q04894	1436.08251953
Q05016	Q05016	1613.71337891
Q05027	Q12030	434.930175781
Q05027	Q12060	862.436523438
Q05029	Q12114	524.8693847659999
Q05080	Q05080	4243.94433594
Q05123	Q05123	1578.21777344
Q05123	Q12406	1447.11132812
Q05471	Q12464	1576.82421875
Q05471	Q12509	287.12890625
Q05471	Q12692	987.839233398
Q05543	Q05543	2833.71191406
Q05567	Q05567	6090.03417969
Q05636	Q08162	243.61962890599997
Q05636	Q08285	941.8383789060001
Q05776	Q05776	2445.98535156
Q05785	Q05785	874.75390625
Q05789	Q05789	993.6811523439999
Q05871	Q05871	1196.53076172
Q05900	Q07508	137.639648438
Q05905	Q05905	1336.76708984
Q05946	Q06078	234.916015625
Q05946	Q12220	602.5078125
Q06078	Q12499	331.01953125
Q06102	Q06632	2016.35668945
Q06103	Q08723	403.45800781199995
Q06103	Q12377	1298.18066406
Q06151	Q06151	5657.44726562
Q06162	Q06675	169.934082031
Q06162	Q12493	3183.55322266
Q06208	Q06208	1552.96240234
Q06213	Q08278	180.418945312
Q06217	Q07508	89.48266601559999
Q06217	Q12420	334.807617188
Q06263	Q06263	938.6596679689999
Q06287	Q06287	1486.51464844
Q06321	Q06321	1392.3984375
Q06336	Q06336	694.6098632810001
Q06339	Q12308	1702.0703125
Q06385	Q06385	985.0102539060001
Q06405	Q12349	337.420410156
Q06488	Q06488	315.313476562
Q06488	Q07979	2349.38525391
Q06489	Q06489	3472.36621094
Q06505	Q06505	487.258300781
Q06506	Q12460	124.611328125
Q06549	Q06549	1335.50610352
Q06592	Q06592	2866.30419922
Q06623	Q06623	771.1821289060001
Q06639	Q07979	174.497314453
Q06675	Q12493	330.772460938
Q06679	Q08492	328.803222656
Q06681	Q06681	2807.64208984
Q06696	Q06696	543.6145019530001
Q06696	Q12483	1196.62939453
Q06706	Q06706	2580.19726562
Q06892	Q06892	737.487304688
Q07084	Q07688	743.689453125
Q07350	Q99181	127.1171875
Q07457	Q07457	1021.83056641
Q07478	Q07478	653.88671875
Q07478	Q12159	592.924621582
Q07508	Q12330	418.665771484
Q07540	Q07540	590.914550781
Q07688	Q07688	847.775390625
Q07729	Q07729	2370.85351562
Q07794	Q07794	1151.484375
Q07879	Q07879	944.21484375
Q07915	Q12522	624.609375
Q07923	Q07923	377.7421875
Q07930	Q07930	318.531738281
Q07951	Q12245	1130.26123047
Q07979	Q9URQ5	573.5197753909999
Q08032	Q12488	845.7612304689999
Q08096	Q08965	2314.77709961
Q08109	Q08109	2073.35351562
Q08162	Q12277	658.918457031
Q08204	Q08204	1537.50756836
Q08220	Q08220	1745.72949219
Q08224	Q08224	6670.15234375
Q08231	Q08231	878.4575195310001
Q08235	Q12690	158.684082031
Q08236	Q08236	2059.92138672
Q08278	Q08278	153.204833984
Q08278	Q12343	299.626953125
Q08285	Q08285	943.37890625
Q08285	Q12149	446.26074218800005
Q08446	Q08446	610.916503906
Q08457	Q08457	705.463867188
Q08649	Q08649	857.377929688
Q08649	Q12692	346.421081543
Q08723	Q08723	996.94140625
Q08723	Q12250	1079.73632812
Q08723	Q12377	514.53515625
Q08746	Q08746	527.1462402340001
Q08914	Q08914	530.847167969
Q12009	Q12009	1037.24267578
Q12018	Q12395	430.554199219
Q12030	Q12060	151.353027344
Q12051	Q12051	3168.61279297
Q12063	Q12063	1548.0859375
Q12068	Q12068	997.0659179689999
Q12109	Q12109	1484.34375
Q12114	Q12114	523.608886719
Q12118	Q12118	701.756103516
Q12118	Q12285	312.862548828
Q12125	Q12154	634.650390625
Q12125	Q12285	2347.93676758
Q12146	Q12488	1118.28173828
Q12151	Q12151	920.801757812
Q12154	Q12154	2401.44042969
Q12158	Q12158	1048.22143555
Q12178	Q12178	1481.43847656
Q12186	Q12186	714.9565429689999
Q12189	Q12189	1245.84570312
Q12208	Q12208	489.697753906
Q12230	Q12230	2948.16845703
Q12250	Q12377	492.423828125
Q12262	Q12748	2254.41064453
Q12284	Q12284	1218.47949219
Q12285	Q12285	890.081054688
Q12306	Q12306	835.161132812
Q12309	Q12417	661.517578125
Q12314	Q12314	1006.14599609
Q12335	Q12335	740.147460938
Q12339	Q12339	1803.84619141
Q12380	Q12380	585.004394531
Q12390	Q12390	1676.296875
Q12395	Q12395	2061.29589844
Q12405	Q12405	3105.96191406
Q12420	Q6Q546	483.707275391
Q12440	Q12440	381.90747070300006
Q12460	Q12499	358.90527343800005
Q12464	Q12464	201.118164062
Q12517	Q12517	772.01171875
Q12518	Q12518	709.268554688
Q12748	Q12748	495.572265625
Q3E7X9	Q99216	133.222412109
Q3E829	Q3E835	2437.86743164
Q3E835	Q3E835	500.42309570300006
Q3E840	Q3E840	584.216796875
Q6WNK7	Q6WNK7	354.88671875
Q7LHG5	Q7LHG5	489.43359375
Q92328	Q92328	1308.90917969
Q99176	Q99176	440.82714843800005
Q99220	Q99220	892.5288085939999
Q99257	Q99257	348.74121093800005
Q99278	Q99278	386.86425781199995
Q99315	Q99315	1202.27539062
Q99385	Q99385	1433.92675781
Q9ZZW7	Q9ZZW7	758.149414062
